{
  "type": "FeatureCollection",
  "features": [
    {
      "type": "Feature",
      "properties": {
        "CODE": 751,
        "SCHN_NAME": "א-רם",
        "Shape_STAr": 102673.265366,
        "Shape_STLe": 2985.21206203
      },
      "geometry": {
        "type": "Polygon",
        "coordinates": [
          [
            [
              35.2266776,
              31.8614003
            ],
            [
              35.226439,
              31.8610651
            ],
            [
              35.2259417,
              31.8603957
            ],
            [
              35.2257243,
              31.8600762
            ],
            [
              35.2255767,
              31.8597551
            ],
            [
              35.2255095,
              31.8595368
            ],
            [
              35.2252072,
              31.8576936
            ],
            [
              35.2249175,
              31.8560079
            ],
            [
              35.2247411,
              31.8549413
            ],
            [
              35.2246445,
              31.8542327
            ],
            [
              35.2246192,
              31.8538282
            ],
            [
              35.2247281,
              31.8529477
            ],
            [
              35.2249208,
              31.8523034
            ],
            [
              35.2254658,
              31.8515231
            ],
            [
              35.2259059,
              31.8509396
            ],
            [
              35.2270955,
              31.8493958
            ],
            [
              35.2272126,
              31.8494778
            ],
            [
              35.2270122,
              31.8497318
            ],
            [
              35.2272385,
              31.8498838
            ],
            [
              35.2269205,
              31.8503338
            ],
            [
              35.2266175,
              31.8505968
            ],
            [
              35.2260235,
              31.8509567
            ],
            [
              35.2259555,
              31.8512198
            ],
            [
              35.2260775,
              31.8514317
            ],
            [
              35.2259986,
              31.8518607
            ],
            [
              35.2258305,
              31.8517948
            ],
            [
              35.2255665,
              31.8521268
            ],
            [
              35.2254876,
              31.8523038
            ],
            [
              35.2256495,
              31.8523578
            ],
            [
              35.2256105,
              31.8537499
            ],
            [
              35.2256646,
              31.8541889
            ],
            [
              35.2256796,
              31.8545918
            ],
            [
              35.2256255,
              31.8548938
            ],
            [
              35.2257785,
              31.8549358
            ],
            [
              35.2258285,
              31.8553298
            ],
            [
              35.2257698,
              31.8554357
            ],
            [
              35.2257516,
              31.8556538
            ],
            [
              35.2258666,
              31.8559709
            ],
            [
              35.2259436,
              31.8561728
            ],
            [
              35.2258966,
              31.8563639
            ],
            [
              35.2258795,
              31.8565288
            ],
            [
              35.2259996,
              31.8566688
            ],
            [
              35.2259266,
              31.8568528
            ],
            [
              35.2259375,
              31.8570038
            ],
            [
              35.2261506,
              31.8576948
            ],
            [
              35.2261636,
              31.8580328
            ],
            [
              35.2264056,
              31.8590618
            ],
            [
              35.2265826,
              31.8593438
            ],
            [
              35.2266946,
              31.8597238
            ],
            [
              35.2268166,
              31.8602308
            ],
            [
              35.2269325,
              31.8604868
            ],
            [
              35.2269677,
              31.8606168
            ],
            [
              35.2270466,
              31.8607308
            ],
            [
              35.2272426,
              31.8611568
            ],
            [
              35.2269926,
              31.8615216
            ],
            [
              35.2267664,
              31.8615933
            ],
            [
              35.2266776,
              31.8614003
            ]
          ]
        ]
      }
    },
    {
      "type": "Feature",
      "properties": {
        "CODE": 746,
        "SCHN_NAME": "א-סוואנה",
        "Shape_STAr": 443043.84816,
        "Shape_STLe": 3327.73392962
      },
      "geometry": {
        "type": "Polygon",
        "coordinates": [
          [
            [
              35.2463762,
              31.7850675
            ],
            [
              35.2454059,
              31.7854002
            ],
            [
              35.2444011,
              31.7856464
            ],
            [
              35.2442115,
              31.7858984
            ],
            [
              35.2439219,
              31.7863126
            ],
            [
              35.2437429,
              31.7866907
            ],
            [
              35.2437221,
              31.7872263
            ],
            [
              35.2439138,
              31.7895849
            ],
            [
              35.2436048,
              31.789867
            ],
            [
              35.2430287,
              31.7899872
            ],
            [
              35.2419492,
              31.7902465
            ],
            [
              35.2418931,
              31.7897108
            ],
            [
              35.2416679,
              31.7887267
            ],
            [
              35.2413023,
              31.7880308
            ],
            [
              35.2408056,
              31.7875508
            ],
            [
              35.2405465,
              31.7871957
            ],
            [
              35.2397747,
              31.7860714
            ],
            [
              35.2392741,
              31.7852267
            ],
            [
              35.238985,
              31.7842717
            ],
            [
              35.2386424,
              31.7842511
            ],
            [
              35.2380354,
              31.7841222
            ],
            [
              35.2375254,
              31.7839933
            ],
            [
              35.2373041,
              31.7839433
            ],
            [
              35.2378947,
              31.7830281
            ],
            [
              35.2380996,
              31.78277
            ],
            [
              35.2387577,
              31.7821937
            ],
            [
              35.2389761,
              31.7819886
            ],
            [
              35.2390489,
              31.7818203
            ],
            [
              35.2390515,
              31.7816314
            ],
            [
              35.2389729,
              31.7814426
            ],
            [
              35.2386936,
              31.781033
            ],
            [
              35.2384587,
              31.7805993
            ],
            [
              35.2384546,
              31.7804437
            ],
            [
              35.2385294,
              31.7803124
            ],
            [
              35.2386811,
              31.7802173
            ],
            [
              35.2390574,
              31.7801083
            ],
            [
              35.2392294,
              31.7800426
            ],
            [
              35.2392941,
              31.7799717
            ],
            [
              35.2393253,
              31.7798715
            ],
            [
              35.2395478,
              31.7798317
            ],
            [
              35.239914,
              31.7797572
            ],
            [
              35.2401507,
              31.7798194
            ],
            [
              35.2404623,
              31.7798781
            ],
            [
              35.2406991,
              31.7799489
            ],
            [
              35.2412858,
              31.7800489
            ],
            [
              35.2414437,
              31.7800886
            ],
            [
              35.2416278,
              31.7801836
            ],
            [
              35.2415229,
              31.781392
            ],
            [
              35.2417969,
              31.7819694
            ],
            [
              35.2434565,
              31.782575
            ],
            [
              35.2452334,
              31.7833905
            ],
            [
              35.2457813,
              31.7840966
            ],
            [
              35.2460751,
              31.7845631
            ],
            [
              35.2463762,
              31.7850675
            ]
          ]
        ]
      }
    },
    {
      "type": "Feature",
      "properties": {
        "CODE": 745,
        "SCHN_NAME": "א-שייאח",
        "Shape_STAr": 620512.092911,
        "Shape_STLe": 4138.62517856
      },
      "geometry": {
        "type": "Polygon",
        "coordinates": [
          [
            [
              35.2457761,
              31.7781112
            ],
            [
              35.2456854,
              31.7775483
            ],
            [
              35.2456952,
              31.7772911
            ],
            [
              35.2457464,
              31.7770124
            ],
            [
              35.2458647,
              31.7766287
            ],
            [
              35.2459428,
              31.7764015
            ],
            [
              35.246003,
              31.7761304
            ],
            [
              35.2460007,
              31.7758956
            ],
            [
              35.2460251,
              31.7758345
            ],
            [
              35.2461312,
              31.7758307
            ],
            [
              35.2463425,
              31.7758156
            ],
            [
              35.2463984,
              31.7758024
            ],
            [
              35.2464617,
              31.7757874
            ],
            [
              35.2465098,
              31.7758723
            ],
            [
              35.2466762,
              31.7758455
            ],
            [
              35.246903,
              31.7757901
            ],
            [
              35.246846,
              31.7755954
            ],
            [
              35.2467431,
              31.7755267
            ],
            [
              35.2465196,
              31.775292
            ],
            [
              35.2465475,
              31.7752576
            ],
            [
              35.2467754,
              31.7751468
            ],
            [
              35.2468267,
              31.7750266
            ],
            [
              35.2468825,
              31.774911
            ],
            [
              35.2468925,
              31.7747736
            ],
            [
              35.2469535,
              31.7746382
            ],
            [
              35.246984,
              31.7744462
            ],
            [
              35.2471266,
              31.7742798
            ],
            [
              35.2472326,
              31.7741385
            ],
            [
              35.2472761,
              31.7739552
            ],
            [
              35.2471398,
              31.7738026
            ],
            [
              35.246981,
              31.773564
            ],
            [
              35.2468156,
              31.7735908
            ],
            [
              35.2467266,
              31.7732484
            ],
            [
              35.2468059,
              31.7732379
            ],
            [
              35.2467734,
              31.7730346
            ],
            [
              35.2467074,
              31.77286
            ],
            [
              35.2465801,
              31.7728877
            ],
            [
              35.2465253,
              31.7728266
            ],
            [
              35.2465007,
              31.7728324
            ],
            [
              35.2463301,
              31.772703
            ],
            [
              35.2460565,
              31.7728618
            ],
            [
              35.2458892,
              31.7729703
            ],
            [
              35.2456921,
              31.7730349
            ],
            [
              35.2454896,
              31.7730743
            ],
            [
              35.2453346,
              31.7731221
            ],
            [
              35.245248,
              31.7731293
            ],
            [
              35.2451698,
              31.7730685
            ],
            [
              35.2452256,
              31.7730124
            ],
            [
              35.2453331,
              31.7729324
            ],
            [
              35.2453754,
              31.772879
            ],
            [
              35.2453385,
              31.7728494
            ],
            [
              35.2451966,
              31.7728418
            ],
            [
              35.2451675,
              31.7728285
            ],
            [
              35.245125,
              31.7727502
            ],
            [
              35.2450591,
              31.772588
            ],
            [
              35.2450054,
              31.7724821
            ],
            [
              35.2449618,
              31.772462
            ],
            [
              35.2448925,
              31.7724153
            ],
            [
              35.2448679,
              31.7723685
            ],
            [
              35.2447784,
              31.7722555
            ],
            [
              35.2458461,
              31.7718784
            ],
            [
              35.2461997,
              31.7718011
            ],
            [
              35.2466583,
              31.7718124
            ],
            [
              35.2471062,
              31.7719667
            ],
            [
              35.2474893,
              31.772167
            ],
            [
              35.2476971,
              31.7723144
            ],
            [
              35.247892,
              31.7724627
            ],
            [
              35.2480722,
              31.77266
            ],
            [
              35.2482449,
              31.7729802
            ],
            [
              35.2484609,
              31.7733673
            ],
            [
              35.2485905,
              31.7734871
            ],
            [
              35.2486633,
              31.7735447
            ],
            [
              35.2487874,
              31.7735792
            ],
            [
              35.2489196,
              31.7735584
            ],
            [
              35.249068,
              31.7734931
            ],
            [
              35.2492355,
              31.7733177
            ],
            [
              35.2495453,
              31.7729346
            ],
            [
              35.2497003,
              31.7727627
            ],
            [
              35.2498253,
              31.772635
            ],
            [
              35.2501408,
              31.7724345
            ],
            [
              35.2503447,
              31.772339
            ],
            [
              35.2507385,
              31.7722219
            ],
            [
              35.2508502,
              31.7721741
            ],
            [
              35.2509507,
              31.7720476
            ],
            [
              35.2509869,
              31.7719045
            ],
            [
              35.2509588,
              31.7716086
            ],
            [
              35.250942,
              31.771463
            ],
            [
              35.2509726,
              31.7713127
            ],
            [
              35.2510787,
              31.7711289
            ],
            [
              35.251221,
              31.7709141
            ],
            [
              35.2513829,
              31.7706731
            ],
            [
              35.2514862,
              31.7705776
            ],
            [
              35.2516706,
              31.770542
            ],
            [
              35.2517375,
              31.7704534
            ],
            [
              35.251729,
              31.7702959
            ],
            [
              35.251729,
              31.7702053
            ],
            [
              35.251929,
              31.7702287
            ],
            [
              35.252905,
              31.7702006
            ],
            [
              35.2534641,
              31.7703657
            ],
            [
              35.25372,
              31.7704387
            ],
            [
              35.2554482,
              31.7753696
            ],
            [
              35.25615,
              31.7774362
            ],
            [
              35.2547602,
              31.7780175
            ],
            [
              35.2524644,
              31.7783477
            ],
            [
              35.2516342,
              31.7786664
            ],
            [
              35.2513342,
              31.778592
            ],
            [
              35.2511666,
              31.778688
            ],
            [
              35.2508599,
              31.7785965
            ],
            [
              35.2509804,
              31.7783803
            ],
            [
              35.2507725,
              31.7781499
            ],
            [
              35.2506619,
              31.7781528
            ],
            [
              35.2503558,
              31.778324
            ],
            [
              35.2489731,
              31.7781395
            ],
            [
              35.2476183,
              31.7781818
            ],
            [
              35.2470808,
              31.778522
            ],
            [
              35.2462693,
              31.7785234
            ],
            [
              35.2459899,
              31.7783756
            ],
            [
              35.2458889,
              31.7782709
            ],
            [
              35.2457761,
              31.7781112
            ]
          ]
        ]
      }
    },
    {
      "type": "Feature",
      "properties": {
        "CODE": 4,
        "SCHN_NAME": "א-טור",
        "Shape_STAr": 1292605.22934,
        "Shape_STLe": 5677.18689728
      },
      "geometry": {
        "type": "Polygon",
        "coordinates": [
          [
            [
              35.2586108,
              31.7864262
            ],
            [
              35.2582814,
              31.7870475
            ],
            [
              35.2579333,
              31.7879669
            ],
            [
              35.2576036,
              31.7888034
            ],
            [
              35.2572906,
              31.7892897
            ],
            [
              35.2568048,
              31.7898197
            ],
            [
              35.25614,
              31.7902624
            ],
            [
              35.25575,
              31.790421
            ],
            [
              35.2549635,
              31.790678
            ],
            [
              35.2546138,
              31.7905334
            ],
            [
              35.2537018,
              31.7901924
            ],
            [
              35.2528398,
              31.7898087
            ],
            [
              35.2521607,
              31.7893475
            ],
            [
              35.2517013,
              31.7885556
            ],
            [
              35.2512889,
              31.7880937
            ],
            [
              35.2510498,
              31.7875057
            ],
            [
              35.2510496,
              31.7871757
            ],
            [
              35.251122,
              31.7866651
            ],
            [
              35.2511696,
              31.7863297
            ],
            [
              35.2511614,
              31.7859755
            ],
            [
              35.2508592,
              31.7856336
            ],
            [
              35.2504235,
              31.7855377
            ],
            [
              35.2498053,
              31.7853939
            ],
            [
              35.2490507,
              31.785086
            ],
            [
              35.24852,
              31.7848406
            ],
            [
              35.2482799,
              31.7847648
            ],
            [
              35.2477672,
              31.784727
            ],
            [
              35.2473513,
              31.7848274
            ],
            [
              35.2468456,
              31.7849415
            ],
            [
              35.2463762,
              31.7850675
            ],
            [
              35.2457813,
              31.7840966
            ],
            [
              35.2452334,
              31.7833905
            ],
            [
              35.2434565,
              31.782575
            ],
            [
              35.2417969,
              31.7819694
            ],
            [
              35.2415229,
              31.781392
            ],
            [
              35.2416278,
              31.7801836
            ],
            [
              35.2417776,
              31.7802285
            ],
            [
              35.24233,
              31.7803338
            ],
            [
              35.2427569,
              31.7804028
            ],
            [
              35.2428985,
              31.7803907
            ],
            [
              35.2433739,
              31.7803076
            ],
            [
              35.2436107,
              31.7803127
            ],
            [
              35.2438373,
              31.780323
            ],
            [
              35.2440012,
              31.7803506
            ],
            [
              35.2444807,
              31.7803642
            ],
            [
              35.2446466,
              31.78034
            ],
            [
              35.244772,
              31.7803071
            ],
            [
              35.2448914,
              31.7802431
            ],
            [
              35.2451017,
              31.780008
            ],
            [
              35.2451484,
              31.779922
            ],
            [
              35.2450367,
              31.7795717
            ],
            [
              35.2450403,
              31.7794427
            ],
            [
              35.2449778,
              31.779384
            ],
            [
              35.2447955,
              31.779294
            ],
            [
              35.2445268,
              31.7789458
            ],
            [
              35.2444308,
              31.7787615
            ],
            [
              35.2443998,
              31.778577
            ],
            [
              35.2444298,
              31.7783875
            ],
            [
              35.2446457,
              31.7783643
            ],
            [
              35.2453981,
              31.7784121
            ],
            [
              35.2454927,
              31.7783641
            ],
            [
              35.2455987,
              31.7781646
            ],
            [
              35.2457761,
              31.7781112
            ],
            [
              35.2458889,
              31.7782709
            ],
            [
              35.2459899,
              31.7783756
            ],
            [
              35.2462693,
              31.7785234
            ],
            [
              35.2470808,
              31.778522
            ],
            [
              35.2476183,
              31.7781818
            ],
            [
              35.2489731,
              31.7781395
            ],
            [
              35.2503558,
              31.778324
            ],
            [
              35.2506619,
              31.7781528
            ],
            [
              35.2507725,
              31.7781499
            ],
            [
              35.2509804,
              31.7783803
            ],
            [
              35.2508599,
              31.7785965
            ],
            [
              35.2511666,
              31.778688
            ],
            [
              35.2513342,
              31.778592
            ],
            [
              35.2516342,
              31.7786664
            ],
            [
              35.2524644,
              31.7783477
            ],
            [
              35.2547602,
              31.7780175
            ],
            [
              35.25615,
              31.7774362
            ],
            [
              35.2570471,
              31.7800796
            ],
            [
              35.2570712,
              31.7818707
            ],
            [
              35.2569531,
              31.7828837
            ],
            [
              35.2571441,
              31.7845477
            ],
            [
              35.2573032,
              31.7849137
            ],
            [
              35.2576182,
              31.7849427
            ],
            [
              35.2596622,
              31.7851296
            ],
            [
              35.2598669,
              31.7853785
            ],
            [
              35.2590326,
              31.785918
            ],
            [
              35.2586108,
              31.7864262
            ]
          ]
        ]
      }
    },
    {
      "type": "Feature",
      "properties": {
        "CODE": 28,
        "SCHN_NAME": "אום טובא",
        "Shape_STAr": 2234396.97034,
        "Shape_STLe": 8461.13032938
      },
      "geometry": {
        "type": "Polygon",
        "coordinates": [
          [
            [
              35.2432705,
              31.7221483
            ],
            [
              35.2421805,
              31.7225674
            ],
            [
              35.24109,
              31.7228612
            ],
            [
              35.2398985,
              31.7232586
            ],
            [
              35.2392821,
              31.7236907
            ],
            [
              35.2388891,
              31.7244443
            ],
            [
              35.2389703,
              31.7254973
            ],
            [
              35.2390313,
              31.7266712
            ],
            [
              35.2388094,
              31.7274654
            ],
            [
              35.2381633,
              31.7281044
            ],
            [
              35.2376181,
              31.7285361
            ],
            [
              35.2367149,
              31.7297701
            ],
            [
              35.2357622,
              31.730509
            ],
            [
              35.2350352,
              31.7311112
            ],
            [
              35.2346291,
              31.7313699
            ],
            [
              35.2341749,
              31.7320012
            ],
            [
              35.2341864,
              31.7324576
            ],
            [
              35.2341659,
              31.7332422
            ],
            [
              35.2342045,
              31.7341762
            ],
            [
              35.2341409,
              31.7350502
            ],
            [
              35.2340835,
              31.7354052
            ],
            [
              35.2339366,
              31.7356019
            ],
            [
              35.2337513,
              31.7357604
            ],
            [
              35.2335723,
              31.7358751
            ],
            [
              35.2334392,
              31.7359219
            ],
            [
              35.2333232,
              31.7357813
            ],
            [
              35.23321,
              31.7357652
            ],
            [
              35.2330563,
              31.7358344
            ],
            [
              35.2329539,
              31.7358897
            ],
            [
              35.2329646,
              31.7360026
            ],
            [
              35.2330085,
              31.7361752
            ],
            [
              35.2330611,
              31.7363342
            ],
            [
              35.2331623,
              31.7365502
            ],
            [
              35.2332331,
              31.7366625
            ],
            [
              35.2331324,
              31.7366672
            ],
            [
              35.2329921,
              31.7366234
            ],
            [
              35.2328977,
              31.7365658
            ],
            [
              35.2327494,
              31.7364138
            ],
            [
              35.2326442,
              31.7363101
            ],
            [
              35.2324851,
              31.7362479
            ],
            [
              35.2322064,
              31.7362393
            ],
            [
              35.2319399,
              31.7363098
            ],
            [
              35.2316627,
              31.7364021
            ],
            [
              35.2312286,
              31.7364945
            ],
            [
              35.2309028,
              31.7365604
            ],
            [
              35.2306647,
              31.736646
            ],
            [
              35.2304352,
              31.7367967
            ],
            [
              35.2298554,
              31.737399
            ],
            [
              35.2291653,
              31.7380874
            ],
            [
              35.2289256,
              31.7382923
            ],
            [
              35.228547,
              31.7384931
            ],
            [
              35.2283505,
              31.7385833
            ],
            [
              35.2281108,
              31.7386243
            ],
            [
              35.2275068,
              31.7386859
            ],
            [
              35.2270466,
              31.7386696
            ],
            [
              35.2265433,
              31.7386082
            ],
            [
              35.2261837,
              31.738555
            ],
            [
              35.2254695,
              31.738551
            ],
            [
              35.2252346,
              31.7385388
            ],
            [
              35.225086,
              31.7385962
            ],
            [
              35.2248027,
              31.7386902
            ],
            [
              35.2247217,
              31.7381958
            ],
            [
              35.2244806,
              31.7374689
            ],
            [
              35.2244337,
              31.7374359
            ],
            [
              35.2243487,
              31.7373768
            ],
            [
              35.2240947,
              31.7366798
            ],
            [
              35.2233517,
              31.7353898
            ],
            [
              35.2223787,
              31.7343179
            ],
            [
              35.2212267,
              31.7338368
            ],
            [
              35.2204363,
              31.7323235
            ],
            [
              35.2201291,
              31.7317389
            ],
            [
              35.219834,
              31.731237
            ],
            [
              35.220233,
              31.7311701
            ],
            [
              35.220597,
              31.7311102
            ],
            [
              35.2208531,
              31.7310065
            ],
            [
              35.2210252,
              31.7308943
            ],
            [
              35.2214789,
              31.7306047
            ],
            [
              35.2220201,
              31.7302196
            ],
            [
              35.2227246,
              31.7298569
            ],
            [
              35.2235538,
              31.7296547
            ],
            [
              35.2239565,
              31.7295945
            ],
            [
              35.2247106,
              31.7294524
            ],
            [
              35.2251043,
              31.7293898
            ],
            [
              35.2256076,
              31.729276
            ],
            [
              35.2260677,
              31.7291131
            ],
            [
              35.2265817,
              31.7288764
            ],
            [
              35.2271604,
              31.7285107
            ],
            [
              35.2279008,
              31.7280036
            ],
            [
              35.2287419,
              31.7274227
            ],
            [
              35.229154,
              31.7271195
            ],
            [
              35.2297914,
              31.7266769
            ],
            [
              35.2304479,
              31.726136
            ],
            [
              35.2311858,
              31.7255337
            ],
            [
              35.2321585,
              31.7246363
            ],
            [
              35.2326808,
              31.7241036
            ],
            [
              35.2329992,
              31.7237746
            ],
            [
              35.2337467,
              31.7230093
            ],
            [
              35.2341348,
              31.7227481
            ],
            [
              35.2345614,
              31.7221972
            ],
            [
              35.2351065,
              31.7213857
            ],
            [
              35.2356112,
              31.7206777
            ],
            [
              35.2363783,
              31.71959
            ],
            [
              35.2373875,
              31.7179842
            ],
            [
              35.2389307,
              31.716002
            ],
            [
              35.2412451,
              31.7124566
            ],
            [
              35.2417826,
              31.7117537
            ],
            [
              35.2425077,
              31.7125898
            ],
            [
              35.2425306,
              31.7136445
            ],
            [
              35.2425537,
              31.7147037
            ],
            [
              35.2427997,
              31.7154718
            ],
            [
              35.2429816,
              31.7175788
            ],
            [
              35.2430177,
              31.7188497
            ],
            [
              35.2431276,
              31.7199027
            ],
            [
              35.2435627,
              31.7202748
            ],
            [
              35.244681,
              31.721413
            ],
            [
              35.244422,
              31.7216172
            ],
            [
              35.2432705,
              31.7221483
            ]
          ]
        ]
      }
    },
    {
      "type": "Feature",
      "properties": {
        "CODE": 720,
        "SCHN_NAME": "אום ליסון",
        "Shape_STAr": 1198299.71463,
        "Shape_STLe": 5812.67101304
      },
      "geometry": {
        "type": "Polygon",
        "coordinates": [
          [
            [
              35.2407352,
              31.7490238
            ],
            [
              35.2402696,
              31.7498687
            ],
            [
              35.2400792,
              31.7502716
            ],
            [
              35.2396081,
              31.7500659
            ],
            [
              35.2390939,
              31.7499001
            ],
            [
              35.2386084,
              31.749762
            ],
            [
              35.2383922,
              31.7496787
            ],
            [
              35.2382771,
              31.7495804
            ],
            [
              35.2382159,
              31.7494422
            ],
            [
              35.2382086,
              31.7492302
            ],
            [
              35.2382517,
              31.7490735
            ],
            [
              35.23832,
              31.7489075
            ],
            [
              35.2384422,
              31.7487293
            ],
            [
              35.2385967,
              31.7485633
            ],
            [
              35.2388339,
              31.7482744
            ],
            [
              35.2391322,
              31.7479333
            ],
            [
              35.2395347,
              31.7473986
            ],
            [
              35.2398366,
              31.7470329
            ],
            [
              35.2400595,
              31.7468085
            ],
            [
              35.2401601,
              31.7466733
            ],
            [
              35.2402499,
              31.7464858
            ],
            [
              35.2402319,
              31.7463322
            ],
            [
              35.2401959,
              31.7462339
            ],
            [
              35.2401095,
              31.7461448
            ],
            [
              35.2399405,
              31.7460066
            ],
            [
              35.239642,
              31.74585
            ],
            [
              35.2394436,
              31.7456759
            ],
            [
              35.2393381,
              31.745508
            ],
            [
              35.2392709,
              31.7453155
            ],
            [
              35.2392612,
              31.7450656
            ],
            [
              35.2393186,
              31.7447706
            ],
            [
              35.2394479,
              31.7441847
            ],
            [
              35.2394525,
              31.7438857
            ],
            [
              35.2393422,
              31.7435662
            ],
            [
              35.2392031,
              31.7433614
            ],
            [
              35.2388923,
              31.7431269
            ],
            [
              35.2386334,
              31.7430302
            ],
            [
              35.2383098,
              31.7429865
            ],
            [
              35.2379889,
              31.7429728
            ],
            [
              35.2376333,
              31.7430012
            ],
            [
              35.2373457,
              31.7431105
            ],
            [
              35.2372497,
              31.7426089
            ],
            [
              35.2372722,
              31.7420554
            ],
            [
              35.2373971,
              31.7416281
            ],
            [
              35.2378288,
              31.7413075
            ],
            [
              35.2384877,
              31.7409674
            ],
            [
              35.2391012,
              31.7405788
            ],
            [
              35.2395556,
              31.7402389
            ],
            [
              35.2399417,
              31.7398018
            ],
            [
              35.2404187,
              31.739151
            ],
            [
              35.240748,
              31.7384129
            ],
            [
              35.2412022,
              31.7377524
            ],
            [
              35.2417815,
              31.7371793
            ],
            [
              35.242372,
              31.7363635
            ],
            [
              35.2432918,
              31.7350037
            ],
            [
              35.2447343,
              31.7337991
            ],
            [
              35.2464669,
              31.7326971
            ],
            [
              35.2472678,
              31.7322816
            ],
            [
              35.2478931,
              31.7320523
            ],
            [
              35.2482727,
              31.7318899
            ],
            [
              35.2485966,
              31.7317753
            ],
            [
              35.2489537,
              31.7313075
            ],
            [
              35.2496346,
              31.7307441
            ],
            [
              35.2503467,
              31.7300967
            ],
            [
              35.2511468,
              31.7332877
            ],
            [
              35.2509658,
              31.7346207
            ],
            [
              35.2510017,
              31.7350857
            ],
            [
              35.2515468,
              31.7362007
            ],
            [
              35.2516624,
              31.7366557
            ],
            [
              35.2513645,
              31.7367523
            ],
            [
              35.2507958,
              31.7371445
            ],
            [
              35.2499479,
              31.7382583
            ],
            [
              35.2494635,
              31.7390483
            ],
            [
              35.2485549,
              31.7399291
            ],
            [
              35.247631,
              31.7405897
            ],
            [
              35.2463285,
              31.7415483
            ],
            [
              35.2455258,
              31.7422218
            ],
            [
              35.2450137,
              31.742732
            ],
            [
              35.2446779,
              31.7435039
            ],
            [
              35.2446177,
              31.7443973
            ],
            [
              35.244224,
              31.7451743
            ],
            [
              35.2432547,
              31.7459514
            ],
            [
              35.2424903,
              31.7467941
            ],
            [
              35.2420864,
              31.7472546
            ],
            [
              35.2414735,
              31.7480719
            ],
            [
              35.2407352,
              31.7490238
            ]
          ]
        ]
      }
    },
    {
      "type": "Feature",
      "properties": {
        "CODE": 52,
        "SCHN_NAME": "באב א זהרה",
        "Shape_STAr": 295926.101242,
        "Shape_STLe": 2464.69700168
      },
      "geometry": {
        "type": "Polygon",
        "coordinates": [
          [
            [
              35.2362852,
              31.7836384
            ],
            [
              35.2365239,
              31.7836971
            ],
            [
              35.2366595,
              31.7837039
            ],
            [
              35.2366555,
              31.7837402
            ],
            [
              35.2367627,
              31.7837523
            ],
            [
              35.2368816,
              31.7838005
            ],
            [
              35.2370091,
              31.7838765
            ],
            [
              35.2371467,
              31.7839301
            ],
            [
              35.2372174,
              31.7839566
            ],
            [
              35.237113,
              31.7841598
            ],
            [
              35.2369976,
              31.7846402
            ],
            [
              35.2368822,
              31.7850807
            ],
            [
              35.2369201,
              31.7853883
            ],
            [
              35.2370491,
              31.7857786
            ],
            [
              35.2373766,
              31.7864909
            ],
            [
              35.2374762,
              31.7867615
            ],
            [
              35.2374684,
              31.7871159
            ],
            [
              35.2373056,
              31.7874459
            ],
            [
              35.2369985,
              31.7877254
            ],
            [
              35.2366719,
              31.7879761
            ],
            [
              35.2364874,
              31.7880559
            ],
            [
              35.236114,
              31.7881585
            ],
            [
              35.235525,
              31.7883865
            ],
            [
              35.2351788,
              31.7884989
            ],
            [
              35.2349215,
              31.7879909
            ],
            [
              35.2345421,
              31.7881595
            ],
            [
              35.2340644,
              31.7883278
            ],
            [
              35.233672,
              31.788415
            ],
            [
              35.2332526,
              31.7884698
            ],
            [
              35.2329973,
              31.7884629
            ],
            [
              35.2327515,
              31.7884212
            ],
            [
              35.2324427,
              31.7883019
            ],
            [
              35.2322066,
              31.78816
            ],
            [
              35.2319747,
              31.7879751
            ],
            [
              35.2318084,
              31.787795
            ],
            [
              35.2317274,
              31.7876423
            ],
            [
              35.2316686,
              31.7874097
            ],
            [
              35.23155,
              31.787417
            ],
            [
              35.2314796,
              31.7874477
            ],
            [
              35.231004,
              31.7883425
            ],
            [
              35.2294522,
              31.7879242
            ],
            [
              35.2297735,
              31.7876136
            ],
            [
              35.2300474,
              31.7872895
            ],
            [
              35.2303424,
              31.7869744
            ],
            [
              35.2306742,
              31.7865828
            ],
            [
              35.2307953,
              31.7863397
            ],
            [
              35.2309954,
              31.7858941
            ],
            [
              35.2311481,
              31.7856286
            ],
            [
              35.2314431,
              31.7851649
            ],
            [
              35.2319077,
              31.7845561
            ],
            [
              35.2323344,
              31.7843687
            ],
            [
              35.2324737,
              31.7842623
            ],
            [
              35.2327374,
              31.7840193
            ],
            [
              35.2332055,
              31.7836926
            ],
            [
              35.2335344,
              31.783447
            ],
            [
              35.2337211,
              31.7833229
            ],
            [
              35.233685,
              31.7830393
            ],
            [
              35.2337052,
              31.7829822
            ],
            [
              35.234114,
              31.7830841
            ],
            [
              35.2341038,
              31.78311
            ],
            [
              35.2341625,
              31.7831239
            ],
            [
              35.2341747,
              31.7830945
            ],
            [
              35.2345328,
              31.7831722
            ],
            [
              35.2345247,
              31.7832015
            ],
            [
              35.2346967,
              31.783243
            ],
            [
              35.2347088,
              31.7832101
            ],
            [
              35.2349355,
              31.7832688
            ],
            [
              35.2349016,
              31.7833486
            ],
            [
              35.2350063,
              31.783376
            ],
            [
              35.2349922,
              31.783414
            ],
            [
              35.2350853,
              31.7834382
            ],
            [
              35.2351075,
              31.7834088
            ],
            [
              35.2353948,
              31.7834744
            ],
            [
              35.2353956,
              31.7834566
            ],
            [
              35.2358177,
              31.7835503
            ],
            [
              35.2358097,
              31.7835866
            ],
            [
              35.2358845,
              31.7836039
            ],
            [
              35.2358906,
              31.7835693
            ],
            [
              35.2361961,
              31.7836436
            ],
            [
              35.2361941,
              31.783666
            ],
            [
              35.236271,
              31.7836833
            ],
            [
              35.2362852,
              31.7836384
            ]
          ]
        ]
      }
    },
    {
      "type": "Feature",
      "properties": {
        "CODE": 64,
        "SCHN_NAME": "בית חנינא",
        "Shape_STAr": 6304861.97359,
        "Shape_STLe": 11397.8441751
      },
      "geometry": {
        "type": "Polygon",
        "coordinates": [
          [
            [
              35.2270955,
              31.8493958
            ],
            [
              35.2267415,
              31.8493855
            ],
            [
              35.2264532,
              31.8493922
            ],
            [
              35.226165,
              31.8494521
            ],
            [
              35.2258145,
              31.8494921
            ],
            [
              35.2254796,
              31.8494788
            ],
            [
              35.2250122,
              31.8494257
            ],
            [
              35.2247162,
              31.8493992
            ],
            [
              35.2227043,
              31.8494777
            ],
            [
              35.2217797,
              31.8495067
            ],
            [
              35.2206732,
              31.8495414
            ],
            [
              35.2192406,
              31.8495208
            ],
            [
              35.2187604,
              31.8495575
            ],
            [
              35.218173,
              31.8496726
            ],
            [
              35.2170513,
              31.8500052
            ],
            [
              35.2160909,
              31.8502746
            ],
            [
              35.2152418,
              31.850514
            ],
            [
              35.2150902,
              31.8505584
            ],
            [
              35.2150158,
              31.8505869
            ],
            [
              35.2148229,
              31.8506828
            ],
            [
              35.2144566,
              31.8508302
            ],
            [
              35.2138914,
              31.8509312
            ],
            [
              35.2127759,
              31.8510457
            ],
            [
              35.2108456,
              31.851004
            ],
            [
              35.2107732,
              31.8503193
            ],
            [
              35.2108179,
              31.8489248
            ],
            [
              35.2109521,
              31.8480843
            ],
            [
              35.2111534,
              31.8470909
            ],
            [
              35.21131,
              31.8459256
            ],
            [
              35.2115561,
              31.8448367
            ],
            [
              35.2116679,
              31.8436141
            ],
            [
              35.2118916,
              31.8423915
            ],
            [
              35.2120034,
              31.841188
            ],
            [
              35.2119361,
              31.8398317
            ],
            [
              35.2118465,
              31.8383035
            ],
            [
              35.2118016,
              31.8363359
            ],
            [
              35.2117119,
              31.8346166
            ],
            [
              35.2117789,
              31.8324771
            ],
            [
              35.2119802,
              31.83135
            ],
            [
              35.2122262,
              31.8301083
            ],
            [
              35.2125825,
              31.828899
            ],
            [
              35.2126512,
              31.8286374
            ],
            [
              35.2126837,
              31.8273266
            ],
            [
              35.2123665,
              31.8260859
            ],
            [
              35.2121815,
              31.8252738
            ],
            [
              35.2121814,
              31.8243038
            ],
            [
              35.2121549,
              31.823221
            ],
            [
              35.2122869,
              31.822251
            ],
            [
              35.2121812,
              31.8214615
            ],
            [
              35.2138052,
              31.8210844
            ],
            [
              35.2156839,
              31.8206482
            ],
            [
              35.2168156,
              31.8203555
            ],
            [
              35.2184665,
              31.8205149
            ],
            [
              35.2195152,
              31.8206921
            ],
            [
              35.2202109,
              31.8206388
            ],
            [
              35.2219137,
              31.820807
            ],
            [
              35.2229936,
              31.8213477
            ],
            [
              35.2240839,
              31.8216135
            ],
            [
              35.2246133,
              31.8212233
            ],
            [
              35.225776,
              31.8205316
            ],
            [
              35.2265443,
              31.8202655
            ],
            [
              35.2277074,
              31.8200198
            ],
            [
              35.2284932,
              31.8199239
            ],
            [
              35.2297547,
              31.81989
            ],
            [
              35.2302759,
              31.8196692
            ],
            [
              35.2307182,
              31.8194448
            ],
            [
              35.2311017,
              31.8193898
            ],
            [
              35.2314803,
              31.819381
            ],
            [
              35.2322732,
              31.8194818
            ],
            [
              35.2326236,
              31.819493
            ],
            [
              35.2328519,
              31.8194891
            ],
            [
              35.2331903,
              31.8194276
            ],
            [
              35.2331904,
              31.8195612
            ],
            [
              35.2332498,
              31.8201391
            ],
            [
              35.2338213,
              31.8217137
            ],
            [
              35.2346085,
              31.8230932
            ],
            [
              35.2352816,
              31.8243896
            ],
            [
              35.2357726,
              31.8253936
            ],
            [
              35.2360351,
              31.8259967
            ],
            [
              35.2360987,
              31.8263759
            ],
            [
              35.2361369,
              31.8267623
            ],
            [
              35.2361709,
              31.8272138
            ],
            [
              35.2361794,
              31.8275027
            ],
            [
              35.2360527,
              31.8281709
            ],
            [
              35.2357865,
              31.8288933
            ],
            [
              35.235537,
              31.8293593
            ],
            [
              35.2351819,
              31.8298722
            ],
            [
              35.2348436,
              31.8303274
            ],
            [
              35.2337272,
              31.8317471
            ],
            [
              35.2332578,
              31.8323973
            ],
            [
              35.2323317,
              31.8336038
            ],
            [
              35.2318665,
              31.8342396
            ],
            [
              35.2312575,
              31.8350126
            ],
            [
              35.2301622,
              31.8363889
            ],
            [
              35.2297689,
              31.8369379
            ],
            [
              35.2296763,
              31.8372048
            ],
            [
              35.2297033,
              31.837633
            ],
            [
              35.2297496,
              31.8384236
            ],
            [
              35.2303448,
              31.8386652
            ],
            [
              35.2308727,
              31.8389683
            ],
            [
              35.2311751,
              31.839128
            ],
            [
              35.231587,
              31.838966
            ],
            [
              35.2321291,
              31.8386798
            ],
            [
              35.2327085,
              31.8383216
            ],
            [
              35.232831,
              31.8382507
            ],
            [
              35.2329496,
              31.8382237
            ],
            [
              35.2330643,
              31.8382979
            ],
            [
              35.2332865,
              31.8386757
            ],
            [
              35.2335357,
              31.8386424
            ],
            [
              35.2337382,
              31.8387354
            ],
            [
              35.2339019,
              31.8390059
            ],
            [
              35.233715,
              31.839161
            ],
            [
              35.2340267,
              31.8395931
            ],
            [
              35.2332323,
              31.8398459
            ],
            [
              35.2331094,
              31.8402707
            ],
            [
              35.2330067,
              31.8402693
            ],
            [
              35.2321284,
              31.8404349
            ],
            [
              35.2321747,
              31.840668
            ],
            [
              35.2323153,
              31.8413962
            ],
            [
              35.2322985,
              31.8418228
            ],
            [
              35.2314044,
              31.8419057
            ],
            [
              35.2300831,
              31.8420456
            ],
            [
              35.2299815,
              31.8426545
            ],
            [
              35.2298917,
              31.8431939
            ],
            [
              35.2297685,
              31.8436869
            ],
            [
              35.2297361,
              31.8438378
            ],
            [
              35.2298141,
              31.8441397
            ],
            [
              35.2295473,
              31.8442014
            ],
            [
              35.2293821,
              31.8442867
            ],
            [
              35.2292466,
              31.8446781
            ],
            [
              35.2291314,
              31.8449661
            ],
            [
              35.2292612,
              31.8450129
            ],
            [
              35.2293391,
              31.845168
            ],
            [
              35.2292007,
              31.8452591
            ],
            [
              35.2291142,
              31.8453945
            ],
            [
              35.2290583,
              31.845396
            ],
            [
              35.2289157,
              31.8458447
            ],
            [
              35.2288525,
              31.8460746
            ],
            [
              35.2288769,
              31.8462809
            ],
            [
              35.2287222,
              31.8468519
            ],
            [
              35.2284974,
              31.8476819
            ],
            [
              35.2284279,
              31.8478069
            ],
            [
              35.2283517,
              31.8479592
            ],
            [
              35.2281458,
              31.8482168
            ],
            [
              35.2278895,
              31.848635
            ],
            [
              35.2276121,
              31.8489521
            ],
            [
              35.2274322,
              31.8491987
            ],
            [
              35.2272126,
              31.8494778
            ],
            [
              35.2270955,
              31.8493958
            ]
          ]
        ]
      }
    },
    {
      "type": "Feature",
      "properties": {
        "CODE": 76,
        "SCHN_NAME": "בית צפפא,שרפת",
        "Shape_STAr": 2463233.72628,
        "Shape_STLe": 8935.21857602
      },
      "geometry": {
        "type": "Polygon",
        "coordinates": [
          [
            [
              35.2052227,
              31.7498244
            ],
            [
              35.204886,
              31.7506082
            ],
            [
              35.2047949,
              31.7507721
            ],
            [
              35.2046463,
              31.7507885
            ],
            [
              35.2040565,
              31.7507598
            ],
            [
              35.2034525,
              31.7508704
            ],
            [
              35.202975,
              31.750983
            ],
            [
              35.2029995,
              31.750638
            ],
            [
              35.2029894,
              31.7503655
            ],
            [
              35.2029714,
              31.74988
            ],
            [
              35.2029971,
              31.7496293
            ],
            [
              35.2030517,
              31.7494323
            ],
            [
              35.2030779,
              31.7492128
            ],
            [
              35.2028534,
              31.7491938
            ],
            [
              35.2028352,
              31.7491143
            ],
            [
              35.2023579,
              31.7488637
            ],
            [
              35.2020969,
              31.7488672
            ],
            [
              35.201832,
              31.7488572
            ],
            [
              35.2016541,
              31.748954
            ],
            [
              35.2014614,
              31.7488664
            ],
            [
              35.2011833,
              31.749104
            ],
            [
              35.2005744,
              31.749186
            ],
            [
              35.2002983,
              31.7490558
            ],
            [
              35.1999746,
              31.7495212
            ],
            [
              35.1991902,
              31.7506483
            ],
            [
              35.198761,
              31.7511435
            ],
            [
              35.1985975,
              31.7512432
            ],
            [
              35.1983649,
              31.7506573
            ],
            [
              35.198278,
              31.7500886
            ],
            [
              35.1972085,
              31.7504839
            ],
            [
              35.1965253,
              31.750702
            ],
            [
              35.1961478,
              31.7507542
            ],
            [
              35.1958601,
              31.7507542
            ],
            [
              35.1954825,
              31.7507173
            ],
            [
              35.1954343,
              31.7503383
            ],
            [
              35.195361,
              31.7496476
            ],
            [
              35.1940912,
              31.7479506
            ],
            [
              35.1937759,
              31.7474407
            ],
            [
              35.1935203,
              31.7469018
            ],
            [
              35.1932135,
              31.7466104
            ],
            [
              35.192438,
              31.746268
            ],
            [
              35.1916965,
              31.7460276
            ],
            [
              35.1908613,
              31.7458382
            ],
            [
              35.1901454,
              31.7458162
            ],
            [
              35.189225,
              31.7457287
            ],
            [
              35.1878221,
              31.7455833
            ],
            [
              35.1864471,
              31.7453209
            ],
            [
              35.1864432,
              31.7449672
            ],
            [
              35.1865782,
              31.744286
            ],
            [
              35.1875752,
              31.7425137
            ],
            [
              35.1880429,
              31.7419338
            ],
            [
              35.1898953,
              31.7410989
            ],
            [
              35.1908272,
              31.7402833
            ],
            [
              35.1913955,
              31.739254
            ],
            [
              35.1925433,
              31.7378364
            ],
            [
              35.1937819,
              31.737652
            ],
            [
              35.1948692,
              31.7375319
            ],
            [
              35.1951055,
              31.7388865
            ],
            [
              35.1952588,
              31.7397168
            ],
            [
              35.1955144,
              31.7402904
            ],
            [
              35.1956742,
              31.7405307
            ],
            [
              35.1960737,
              31.7403382
            ],
            [
              35.1965159,
              31.7402123
            ],
            [
              35.1968251,
              31.7401047
            ],
            [
              35.1976988,
              31.7399112
            ],
            [
              35.1980979,
              31.7398559
            ],
            [
              35.1980429,
              31.7395857
            ],
            [
              35.1979438,
              31.7392366
            ],
            [
              35.197912,
              31.7390646
            ],
            [
              35.1978905,
              31.7387481
            ],
            [
              35.1978797,
              31.7385484
            ],
            [
              35.1984621,
              31.7385546
            ],
            [
              35.1986635,
              31.7385331
            ],
            [
              35.1988504,
              31.7384562
            ],
            [
              35.1992783,
              31.7380968
            ],
            [
              35.1996702,
              31.7377527
            ],
            [
              35.1999794,
              31.7374485
            ],
            [
              35.2005882,
              31.7370336
            ],
            [
              35.2013041,
              31.7366785
            ],
            [
              35.2020391,
              31.7364164
            ],
            [
              35.2028005,
              31.7360338
            ],
            [
              35.2030605,
              31.7357957
            ],
            [
              35.2032365,
              31.734834
            ],
            [
              35.2032918,
              31.7336743
            ],
            [
              35.2032422,
              31.7329996
            ],
            [
              35.2032088,
              31.7322323
            ],
            [
              35.2033476,
              31.7320469
            ],
            [
              35.2039839,
              31.7319983
            ],
            [
              35.2047338,
              31.7318527
            ],
            [
              35.2052564,
              31.7316487
            ],
            [
              35.2059254,
              31.731302
            ],
            [
              35.2062971,
              31.7317593
            ],
            [
              35.2068531,
              31.7322126
            ],
            [
              35.2080611,
              31.7330865
            ],
            [
              35.2087002,
              31.7335781
            ],
            [
              35.209154,
              31.7340151
            ],
            [
              35.2087311,
              31.7347196
            ],
            [
              35.208438,
              31.7352505
            ],
            [
              35.207733,
              31.735865
            ],
            [
              35.2067977,
              31.7367777
            ],
            [
              35.2062111,
              31.7371392
            ],
            [
              35.2064205,
              31.7375186
            ],
            [
              35.2068812,
              31.7385172
            ],
            [
              35.2069887,
              31.7388871
            ],
            [
              35.2063367,
              31.7390332
            ],
            [
              35.2062181,
              31.7390869
            ],
            [
              35.2061448,
              31.7391764
            ],
            [
              35.2061204,
              31.7392987
            ],
            [
              35.2064694,
              31.7398415
            ],
            [
              35.2064485,
              31.7402919
            ],
            [
              35.2064205,
              31.7404858
            ],
            [
              35.2064938,
              31.7406051
            ],
            [
              35.2070523,
              31.741139
            ],
            [
              35.2074991,
              31.7418817
            ],
            [
              35.2088672,
              31.7412224
            ],
            [
              35.2090924,
              31.7412113
            ],
            [
              35.2092153,
              31.741271
            ],
            [
              35.2094215,
              31.7416839
            ],
            [
              35.2096399,
              31.7421614
            ],
            [
              35.2098912,
              31.7425718
            ],
            [
              35.2099973,
              31.742839
            ],
            [
              35.2100588,
              31.7431063
            ],
            [
              35.2100141,
              31.743259
            ],
            [
              35.2096735,
              31.7435453
            ],
            [
              35.2092211,
              31.7438985
            ],
            [
              35.2091932,
              31.7439605
            ],
            [
              35.2092105,
              31.7440783
            ],
            [
              35.2092685,
              31.7443944
            ],
            [
              35.2092852,
              31.7445328
            ],
            [
              35.20932,
              31.7446766
            ],
            [
              35.2095054,
              31.7449388
            ],
            [
              35.2097212,
              31.7454939
            ],
            [
              35.2098255,
              31.7459855
            ],
            [
              35.2099601,
              31.7466794
            ],
            [
              35.2099873,
              31.7467628
            ],
            [
              35.2088614,
              31.7471205
            ],
            [
              35.2073513,
              31.7475998
            ],
            [
              35.2065938,
              31.747862
            ],
            [
              35.2062151,
              31.748071
            ],
            [
              35.2058699,
              31.7484151
            ],
            [
              35.2056493,
              31.748751
            ],
            [
              35.2053905,
              31.7493328
            ],
            [
              35.2053059,
              31.7495942
            ],
            [
              35.2052227,
              31.7498244
            ]
          ]
        ]
      }
    },
    {
      "type": "Feature",
      "properties": {
        "CODE": 96,
        "SCHN_NAME": "ג'בל מוקאבר",
        "Shape_STAr": 1109017.63181,
        "Shape_STLe": 5148.56906266
      },
      "geometry": {
        "type": "Polygon",
        "coordinates": [
          [
            [
              35.2416084,
              31.7540085
            ],
            [
              35.2416373,
              31.7541929
            ],
            [
              35.2417037,
              31.7542712
            ],
            [
              35.2421246,
              31.7545538
            ],
            [
              35.2430238,
              31.7552325
            ],
            [
              35.2436029,
              31.7556041
            ],
            [
              35.2444431,
              31.7565722
            ],
            [
              35.2445966,
              31.7568753
            ],
            [
              35.2446447,
              31.757076
            ],
            [
              35.2446112,
              31.7572358
            ],
            [
              35.2444824,
              31.7573334
            ],
            [
              35.2441318,
              31.7575022
            ],
            [
              35.2437192,
              31.7576678
            ],
            [
              35.2434712,
              31.7578384
            ],
            [
              35.2433445,
              31.7579767
            ],
            [
              35.2433418,
              31.7580758
            ],
            [
              35.2434171,
              31.7581351
            ],
            [
              35.2436221,
              31.7581765
            ],
            [
              35.2441453,
              31.7581994
            ],
            [
              35.244941,
              31.7582268
            ],
            [
              35.2454777,
              31.7582543
            ],
            [
              35.245912,
              31.7583647
            ],
            [
              35.2464515,
              31.7585812
            ],
            [
              35.2467644,
              31.758747
            ],
            [
              35.2469587,
              31.7589082
            ],
            [
              35.2471826,
              31.7591547
            ],
            [
              35.247385,
              31.7593897
            ],
            [
              35.2474849,
              31.7596201
            ],
            [
              35.2474715,
              31.7598229
            ],
            [
              35.2473152,
              31.7600119
            ],
            [
              35.2470375,
              31.7602747
            ],
            [
              35.2467247,
              31.7605168
            ],
            [
              35.2465576,
              31.7607035
            ],
            [
              35.2464984,
              31.760904
            ],
            [
              35.2465093,
              31.7611529
            ],
            [
              35.2466038,
              31.761404
            ],
            [
              35.2465416,
              31.7615961
            ],
            [
              35.2464601,
              31.7616739
            ],
            [
              35.2462109,
              31.7618665
            ],
            [
              35.2456836,
              31.7622395
            ],
            [
              35.2454104,
              31.7623994
            ],
            [
              35.2451179,
              31.7625388
            ],
            [
              35.2446049,
              31.7627192
            ],
            [
              35.244231,
              31.7628012
            ],
            [
              35.2436748,
              31.7628751
            ],
            [
              35.2428932,
              31.7628836
            ],
            [
              35.2425144,
              31.7628837
            ],
            [
              35.2421452,
              31.762937
            ],
            [
              35.2417233,
              31.7630314
            ],
            [
              35.2413589,
              31.7630684
            ],
            [
              35.2407547,
              31.763089
            ],
            [
              35.2400643,
              31.7631507
            ],
            [
              35.2397743,
              31.763214
            ],
            [
              35.2396136,
              31.7632491
            ],
            [
              35.2392301,
              31.7633762
            ],
            [
              35.2389855,
              31.7634623
            ],
            [
              35.2383863,
              31.7639213
            ],
            [
              35.2380699,
              31.7641017
            ],
            [
              35.2378508,
              31.7641441
            ],
            [
              35.2378536,
              31.7640218
            ],
            [
              35.2379254,
              31.7638293
            ],
            [
              35.2381459,
              31.7634605
            ],
            [
              35.238141,
              31.7633581
            ],
            [
              35.237925,
              31.76276
            ],
            [
              35.237901,
              31.7625511
            ],
            [
              35.2379392,
              31.7622438
            ],
            [
              35.2378433,
              31.7619817
            ],
            [
              35.2374307,
              31.7614451
            ],
            [
              35.2372052,
              31.7611338
            ],
            [
              35.2368167,
              31.760839
            ],
            [
              35.2365098,
              31.7606834
            ],
            [
              35.2362652,
              31.7604991
            ],
            [
              35.2359679,
              31.7603312
            ],
            [
              35.2357377,
              31.7601264
            ],
            [
              35.2356513,
              31.7598151
            ],
            [
              35.2354775,
              31.7595179
            ],
            [
              35.2351668,
              31.7593523
            ],
            [
              35.2345051,
              31.7592213
            ],
            [
              35.2334886,
              31.7590905
            ],
            [
              35.2325507,
              31.7588194
            ],
            [
              35.2322373,
              31.7580664
            ],
            [
              35.2324572,
              31.7569741
            ],
            [
              35.2326815,
              31.7559664
            ],
            [
              35.232728,
              31.7551798
            ],
            [
              35.23271,
              31.7550139
            ],
            [
              35.2325912,
              31.7546852
            ],
            [
              35.2325401,
              31.7545332
            ],
            [
              35.2324717,
              31.7542813
            ],
            [
              35.2324457,
              31.7541771
            ],
            [
              35.2326183,
              31.7541909
            ],
            [
              35.2327558,
              31.7541609
            ],
            [
              35.2330012,
              31.7540779
            ],
            [
              35.2332951,
              31.7539396
            ],
            [
              35.2337535,
              31.7537989
            ],
            [
              35.2340016,
              31.7537666
            ],
            [
              35.2343037,
              31.7537458
            ],
            [
              35.2346759,
              31.7537572
            ],
            [
              35.2351343,
              31.7537824
            ],
            [
              35.2355632,
              31.75381
            ],
            [
              35.2359057,
              31.7537938
            ],
            [
              35.2361295,
              31.7537453
            ],
            [
              35.2363129,
              31.7536877
            ],
            [
              35.2367092,
              31.7535286
            ],
            [
              35.2370975,
              31.7533441
            ],
            [
              35.2374616,
              31.7531758
            ],
            [
              35.2378876,
              31.7530443
            ],
            [
              35.2380656,
              31.7530097
            ],
            [
              35.2383353,
              31.7529843
            ],
            [
              35.2390176,
              31.7529841
            ],
            [
              35.239557,
              31.7529724
            ],
            [
              35.2397754,
              31.7529286
            ],
            [
              35.2399588,
              31.7528848
            ],
            [
              35.2401745,
              31.7528179
            ],
            [
              35.2404091,
              31.7527026
            ],
            [
              35.2406814,
              31.7525481
            ],
            [
              35.2411883,
              31.7522576
            ],
            [
              35.2420106,
              31.7518288
            ],
            [
              35.2422396,
              31.7517561
            ],
            [
              35.242471,
              31.7516637
            ],
            [
              35.2428934,
              31.7517874
            ],
            [
              35.243681,
              31.7520613
            ],
            [
              35.2437889,
              31.7522042
            ],
            [
              35.2437863,
              31.7523908
            ],
            [
              35.2437027,
              31.7525038
            ],
            [
              35.2435706,
              31.752566
            ],
            [
              35.2427967,
              31.7528059
            ],
            [
              35.2423114,
              31.7530434
            ],
            [
              35.2420253,
              31.753312
            ],
            [
              35.2417904,
              31.7535374
            ],
            [
              35.2416515,
              31.7537668
            ],
            [
              35.2416084,
              31.7540085
            ]
          ]
        ]
      }
    },
    {
      "type": "Feature",
      "properties": {
        "CODE": 272,
        "SCHN_NAME": "ואדי ג'וז",
        "Shape_STAr": 528371.701721,
        "Shape_STLe": 3559.55610736
      },
      "geometry": {
        "type": "Polygon",
        "coordinates": [
          [
            [
              35.2337989,
              31.789883
            ],
            [
              35.2343354,
              31.7895876
            ],
            [
              35.235454,
              31.7891834
            ],
            [
              35.2352709,
              31.7887348
            ],
            [
              35.2351788,
              31.7884989
            ],
            [
              35.235525,
              31.7883865
            ],
            [
              35.236114,
              31.7881585
            ],
            [
              35.2364874,
              31.7880559
            ],
            [
              35.2366719,
              31.7879761
            ],
            [
              35.2369985,
              31.7877254
            ],
            [
              35.2373056,
              31.7874459
            ],
            [
              35.2374684,
              31.7871159
            ],
            [
              35.2374762,
              31.7867615
            ],
            [
              35.2373766,
              31.7864928
            ],
            [
              35.2370491,
              31.7857805
            ],
            [
              35.2369201,
              31.7853883
            ],
            [
              35.2368822,
              31.7850807
            ],
            [
              35.2369976,
              31.7846402
            ],
            [
              35.237113,
              31.7841598
            ],
            [
              35.2372174,
              31.7839566
            ],
            [
              35.2373041,
              31.7839433
            ],
            [
              35.2375254,
              31.7839933
            ],
            [
              35.2380354,
              31.7841222
            ],
            [
              35.2386424,
              31.7842511
            ],
            [
              35.238985,
              31.7842717
            ],
            [
              35.2392741,
              31.7852267
            ],
            [
              35.2397747,
              31.7860714
            ],
            [
              35.2408056,
              31.7875508
            ],
            [
              35.2413023,
              31.7880308
            ],
            [
              35.2416679,
              31.7887267
            ],
            [
              35.2418931,
              31.7897108
            ],
            [
              35.2419492,
              31.7902465
            ],
            [
              35.2412617,
              31.7905287
            ],
            [
              35.2408429,
              31.7908765
            ],
            [
              35.2407086,
              31.7910757
            ],
            [
              35.2405468,
              31.7915348
            ],
            [
              35.2404719,
              31.7920918
            ],
            [
              35.2404049,
              31.792588
            ],
            [
              35.2403299,
              31.7927939
            ],
            [
              35.2401206,
              31.7931247
            ],
            [
              35.2399072,
              31.793297
            ],
            [
              35.2396425,
              31.7934455
            ],
            [
              35.2393066,
              31.7935739
            ],
            [
              35.2387968,
              31.7936517
            ],
            [
              35.2380539,
              31.7937498
            ],
            [
              35.2376192,
              31.7938579
            ],
            [
              35.2371885,
              31.7940234
            ],
            [
              35.2368052,
              31.7942598
            ],
            [
              35.2364694,
              31.794567
            ],
            [
              35.2362024,
              31.7949381
            ],
            [
              35.2359388,
              31.7954217
            ],
            [
              35.2356929,
              31.79588
            ],
            [
              35.2355936,
              31.7960521
            ],
            [
              35.2355083,
              31.7962304
            ],
            [
              35.2344588,
              31.7952591
            ],
            [
              35.2345125,
              31.794996
            ],
            [
              35.2345374,
              31.7947688
            ],
            [
              35.2346008,
              31.7945875
            ],
            [
              35.2347293,
              31.7943243
            ],
            [
              35.2348229,
              31.7941102
            ],
            [
              35.2349811,
              31.7936278
            ],
            [
              35.2350231,
              31.7931841
            ],
            [
              35.2348648,
              31.7927071
            ],
            [
              35.2347086,
              31.7921925
            ],
            [
              35.2344133,
              31.791648
            ],
            [
              35.234039,
              31.7910225
            ],
            [
              35.2339597,
              31.7902799
            ],
            [
              35.2337989,
              31.789883
            ]
          ]
        ]
      }
    },
    {
      "type": "Feature",
      "properties": {
        "CODE": 324,
        "SCHN_NAME": "כפר עקב",
        "Shape_STAr": 2041128.55238,
        "Shape_STLe": 7933.28436836
      },
      "geometry": {
        "type": "Polygon",
        "coordinates": [
          [
            [
              35.2075821,
              31.8797764
            ],
            [
              35.2080194,
              31.8800839
            ],
            [
              35.2082648,
              31.8801737
            ],
            [
              35.2084796,
              31.8801886
            ],
            [
              35.2088127,
              31.8801138
            ],
            [
              35.209045,
              31.8799605
            ],
            [
              35.2093643,
              31.879474
            ],
            [
              35.2096577,
              31.8790329
            ],
            [
              35.2099294,
              31.8787824
            ],
            [
              35.210245,
              31.8786701
            ],
            [
              35.2104353,
              31.8786619
            ],
            [
              35.210666,
              31.8787082
            ],
            [
              35.2114688,
              31.8789768
            ],
            [
              35.2118799,
              31.8790852
            ],
            [
              35.212207,
              31.8790881
            ],
            [
              35.2124365,
              31.878958
            ],
            [
              35.2126741,
              31.8787224
            ],
            [
              35.2128099,
              31.8783633
            ],
            [
              35.2128493,
              31.8780454
            ],
            [
              35.2127887,
              31.8777887
            ],
            [
              35.2126389,
              31.8775256
            ],
            [
              35.2124928,
              31.8773748
            ],
            [
              35.2122356,
              31.8772226
            ],
            [
              35.2117302,
              31.8769369
            ],
            [
              35.2108239,
              31.876415
            ],
            [
              35.2106378,
              31.8762435
            ],
            [
              35.2104868,
              31.8760409
            ],
            [
              35.210424,
              31.8757366
            ],
            [
              35.2104443,
              31.8754983
            ],
            [
              35.2105423,
              31.8752727
            ],
            [
              35.2108159,
              31.8749792
            ],
            [
              35.2110119,
              31.8748671
            ],
            [
              35.2112742,
              31.8747992
            ],
            [
              35.2123801,
              31.874714
            ],
            [
              35.2126445,
              31.8746966
            ],
            [
              35.2128666,
              31.8746682
            ],
            [
              35.2130051,
              31.8746304
            ],
            [
              35.2131383,
              31.874556
            ],
            [
              35.2133194,
              31.8744315
            ],
            [
              35.2134275,
              31.8742829
            ],
            [
              35.2135151,
              31.8740697
            ],
            [
              35.2135394,
              31.8739503
            ],
            [
              35.2135239,
              31.8737967
            ],
            [
              35.2134791,
              31.8736355
            ],
            [
              35.2130989,
              31.8727576
            ],
            [
              35.2127637,
              31.8719757
            ],
            [
              35.2124967,
              31.8713508
            ],
            [
              35.2124309,
              31.8710292
            ],
            [
              35.2124647,
              31.8707049
            ],
            [
              35.2125645,
              31.8704319
            ],
            [
              35.2126551,
              31.8702599
            ],
            [
              35.2127919,
              31.8700722
            ],
            [
              35.2130087,
              31.8698686
            ],
            [
              35.213338,
              31.8696752
            ],
            [
              35.2135097,
              31.8696067
            ],
            [
              35.2137018,
              31.8695406
            ],
            [
              35.213983,
              31.8694978
            ],
            [
              35.2142961,
              31.8694951
            ],
            [
              35.214673,
              31.8695549
            ],
            [
              35.2149031,
              31.8696415
            ],
            [
              35.2158717,
              31.8700154
            ],
            [
              35.2161685,
              31.8701312
            ],
            [
              35.2163976,
              31.8701911
            ],
            [
              35.2166957,
              31.8702285
            ],
            [
              35.2171466,
              31.8702247
            ],
            [
              35.2176739,
              31.8701087
            ],
            [
              35.217994,
              31.8699606
            ],
            [
              35.2182917,
              31.869772
            ],
            [
              35.2185897,
              31.8694653
            ],
            [
              35.2187897,
              31.8691556
            ],
            [
              35.219023,
              31.8685076
            ],
            [
              35.2192727,
              31.8677334
            ],
            [
              35.2193252,
              31.8675651
            ],
            [
              35.2194659,
              31.8671801
            ],
            [
              35.2196762,
              31.8668472
            ],
            [
              35.2199829,
              31.8666041
            ],
            [
              35.220511,
              31.8663242
            ],
            [
              35.2223448,
              31.8656426
            ],
            [
              35.223069,
              31.8653556
            ],
            [
              35.224092,
              31.8648809
            ],
            [
              35.2245095,
              31.8647297
            ],
            [
              35.2251493,
              31.8645575
            ],
            [
              35.2257891,
              31.8644041
            ],
            [
              35.2262273,
              31.8642282
            ],
            [
              35.2267466,
              31.8639411
            ],
            [
              35.2273619,
              31.8635132
            ],
            [
              35.2278111,
              31.8632337
            ],
            [
              35.2279189,
              31.8631843
            ],
            [
              35.228099,
              31.8631338
            ],
            [
              35.228095,
              31.8631848
            ],
            [
              35.2280911,
              31.8632348
            ],
            [
              35.2280862,
              31.8632838
            ],
            [
              35.2280802,
              31.8633337
            ],
            [
              35.2280722,
              31.8633828
            ],
            [
              35.2280641,
              31.8634318
            ],
            [
              35.2280541,
              31.8634808
            ],
            [
              35.2280431,
              31.8635308
            ],
            [
              35.2280311,
              31.8635788
            ],
            [
              35.2280181,
              31.8636278
            ],
            [
              35.2280041,
              31.8636758
            ],
            [
              35.2279892,
              31.8637248
            ],
            [
              35.2279731,
              31.8637718
            ],
            [
              35.2279561,
              31.8638207
            ],
            [
              35.2279571,
              31.8638557
            ],
            [
              35.2278642,
              31.8640298
            ],
            [
              35.2279301,
              31.8643207
            ],
            [
              35.2276051,
              31.8644968
            ],
            [
              35.2276471,
              31.8645717
            ],
            [
              35.2275262,
              31.8646358
            ],
            [
              35.2275121,
              31.8647597
            ],
            [
              35.2275722,
              31.8647808
            ],
            [
              35.2275011,
              31.8650418
            ],
            [
              35.2272752,
              31.8654268
            ],
            [
              35.2270392,
              31.8656948
            ],
            [
              35.2270502,
              31.8659058
            ],
            [
              35.2270141,
              31.8661688
            ],
            [
              35.2268441,
              31.8661899
            ],
            [
              35.2267961,
              31.8664798
            ],
            [
              35.2262291,
              31.8675809
            ],
            [
              35.2263101,
              31.8679269
            ],
            [
              35.2262631,
              31.8680478
            ],
            [
              35.2262471,
              31.8681697
            ],
            [
              35.2262002,
              31.8681738
            ],
            [
              35.2261732,
              31.8683359
            ],
            [
              35.2263171,
              31.8684098
            ],
            [
              35.2261161,
              31.8689558
            ],
            [
              35.2260891,
              31.8691178
            ],
            [
              35.2260372,
              31.8691488
            ],
            [
              35.2259952,
              31.8692339
            ],
            [
              35.2259891,
              31.8693508
            ],
            [
              35.2259422,
              31.8694818
            ],
            [
              35.2258892,
              31.8695398
            ],
            [
              35.2257311,
              31.8696569
            ],
            [
              35.2258631,
              31.8697238
            ],
            [
              35.2257422,
              31.8701018
            ],
            [
              35.2256791,
              31.8701779
            ],
            [
              35.2257051,
              31.8702498
            ],
            [
              35.2256741,
              31.8703778
            ],
            [
              35.2256681,
              31.8704838
            ],
            [
              35.2255952,
              31.8706228
            ],
            [
              35.2255631,
              31.8706498
            ],
            [
              35.2255841,
              31.8706989
            ],
            [
              35.2256162,
              31.8707708
            ],
            [
              35.2256052,
              31.8708477
            ],
            [
              35.2255842,
              31.8708518
            ],
            [
              35.2255002,
              31.8708518
            ],
            [
              35.2255052,
              31.8708698
            ],
            [
              35.2254792,
              31.8709818
            ],
            [
              35.2253842,
              31.8711308
            ],
            [
              35.2253901,
              31.8712198
            ],
            [
              35.2254322,
              31.8713778
            ],
            [
              35.2253112,
              31.8716018
            ],
            [
              35.2252212,
              31.8718668
            ],
            [
              35.2249351,
              31.8719148
            ],
            [
              35.2246322,
              31.8731858
            ],
            [
              35.2245922,
              31.8731878
            ],
            [
              35.2245051,
              31.8735368
            ],
            [
              35.2245401,
              31.8735928
            ],
            [
              35.2243961,
              31.8741989
            ],
            [
              35.2242889,
              31.8746367
            ],
            [
              35.2240586,
              31.8756137
            ],
            [
              35.2238428,
              31.8765662
            ],
            [
              35.2237169,
              31.8770732
            ],
            [
              35.2234212,
              31.8783478
            ],
            [
              35.2228488,
              31.8793893
            ],
            [
              35.2210852,
              31.8826549
            ],
            [
              35.2209712,
              31.8829608
            ],
            [
              35.2201163,
              31.8829608
            ],
            [
              35.2187583,
              31.8829608
            ],
            [
              35.2158292,
              31.8829608
            ],
            [
              35.2151662,
              31.8829608
            ],
            [
              35.2142602,
              31.8829548
            ],
            [
              35.2141071,
              31.8828558
            ],
            [
              35.2140132,
              31.8827889
            ],
            [
              35.2136162,
              31.8825058
            ],
            [
              35.2136152,
              31.8824699
            ],
            [
              35.2132732,
              31.8821669
            ],
            [
              35.2128302,
              31.8817249
            ],
            [
              35.2127052,
              31.8815548
            ],
            [
              35.2120813,
              31.8818609
            ],
            [
              35.2116832,
              31.8820478
            ],
            [
              35.2115231,
              31.8821099
            ],
            [
              35.2112741,
              31.8821899
            ],
            [
              35.2110152,
              31.8822559
            ],
            [
              35.2107711,
              31.8822979
            ],
            [
              35.2104743,
              31.8823059
            ],
            [
              35.2101272,
              31.8823349
            ],
            [
              35.2097483,
              31.8823349
            ],
            [
              35.2097622,
              31.8822899
            ],
            [
              35.2097382,
              31.8822149
            ],
            [
              35.2097232,
              31.8821669
            ],
            [
              35.2097092,
              31.8821189
            ],
            [
              35.2096981,
              31.8820398
            ],
            [
              35.2096792,
              31.8818979
            ],
            [
              35.2096652,
              31.8817859
            ],
            [
              35.2096702,
              31.8815699
            ],
            [
              35.2096892,
              31.8813539
            ],
            [
              35.2095512,
              31.8814069
            ],
            [
              35.2093031,
              31.8813579
            ],
            [
              35.2090592,
              31.8813619
            ],
            [
              35.2088763,
              31.8814758
            ],
            [
              35.2088562,
              31.881643
            ],
            [
              35.2085832,
              31.8817259
            ],
            [
              35.2083091,
              31.8817949
            ],
            [
              35.2080841,
              31.8819159
            ],
            [
              35.2080262,
              31.8819318
            ],
            [
              35.2079521,
              31.8819399
            ],
            [
              35.2078852,
              31.8819279
            ],
            [
              35.2078122,
              31.8818899
            ],
            [
              35.2076552,
              31.8818079
            ],
            [
              35.2076522,
              31.8817469
            ],
            [
              35.2074531,
              31.8816879
            ],
            [
              35.2073341,
              31.8816949
            ],
            [
              35.2072362,
              31.8816949
            ],
            [
              35.2072112,
              31.8816449
            ],
            [
              35.2071242,
              31.8815779
            ],
            [
              35.2070212,
              31.8815539
            ],
            [
              35.2069242,
              31.8815618
            ],
            [
              35.2069732,
              31.8815079
            ],
            [
              35.2070801,
              31.8813709
            ],
            [
              35.2070752,
              31.881287
            ],
            [
              35.2070801,
              31.8812339
            ],
            [
              35.2071572,
              31.8810259
            ],
            [
              35.2071971,
              31.88086
            ],
            [
              35.2072072,
              31.880755
            ],
            [
              35.2071971,
              31.8806258
            ],
            [
              35.2072112,
              31.8805759
            ],
            [
              35.2072752,
              31.8805269
            ],
            [
              35.2073092,
              31.8804599
            ],
            [
              35.2073614,
              31.8803754
            ],
            [
              35.2074111,
              31.8802719
            ],
            [
              35.2074842,
              31.8802349
            ],
            [
              35.2075052,
              31.8802449
            ],
            [
              35.2075821,
              31.8797764
            ]
          ]
        ]
      }
    },
    {
      "type": "Feature",
      "properties": {
        "CODE": 652,
        "SCHN_NAME": "מחנה שועפט",
        "Shape_STAr": 194348.191742,
        "Shape_STLe": 2208.41711881
      },
      "geometry": {
        "type": "Polygon",
        "coordinates": [
          [
            [
              35.2463397,
              31.8135413
            ],
            [
              35.2462606,
              31.8134019
            ],
            [
              35.2460142,
              31.8133908
            ],
            [
              35.2456163,
              31.8133208
            ],
            [
              35.2453502,
              31.813276
            ],
            [
              35.2450019,
              31.8131807
            ],
            [
              35.2448673,
              31.8131836
            ],
            [
              35.2447997,
              31.8131459
            ],
            [
              35.2445575,
              31.8126539
            ],
            [
              35.2445089,
              31.8125021
            ],
            [
              35.24443,
              31.8123478
            ],
            [
              35.2443938,
              31.8121683
            ],
            [
              35.2443116,
              31.8118991
            ],
            [
              35.2441932,
              31.8106971
            ],
            [
              35.2442054,
              31.8104972
            ],
            [
              35.2443083,
              31.8104053
            ],
            [
              35.2444507,
              31.8105265
            ],
            [
              35.2446118,
              31.8108209
            ],
            [
              35.2447728,
              31.8110565
            ],
            [
              35.2449272,
              31.8111013
            ],
            [
              35.2452623,
              31.8110956
            ],
            [
              35.2460572,
              31.8111178
            ],
            [
              35.2460964,
              31.8105961
            ],
            [
              35.2462574,
              31.8105848
            ],
            [
              35.2464833,
              31.8106267
            ],
            [
              35.2465325,
              31.8104037
            ],
            [
              35.2465593,
              31.8097809
            ],
            [
              35.2465814,
              31.808952
            ],
            [
              35.246669,
              31.808961
            ],
            [
              35.2472296,
              31.8090169
            ],
            [
              35.2478516,
              31.8091252
            ],
            [
              35.2485743,
              31.809211
            ],
            [
              35.2497086,
              31.8091545
            ],
            [
              35.2501816,
              31.809274
            ],
            [
              35.2507205,
              31.8095206
            ],
            [
              35.2512724,
              31.8097411
            ],
            [
              35.2510188,
              31.8105228
            ],
            [
              35.250249,
              31.8104096
            ],
            [
              35.250153,
              31.811139
            ],
            [
              35.2501269,
              31.8114606
            ],
            [
              35.2499824,
              31.8115317
            ],
            [
              35.2496759,
              31.8116814
            ],
            [
              35.2497198,
              31.8118909
            ],
            [
              35.2489709,
              31.8121866
            ],
            [
              35.2483052,
              31.8124782
            ],
            [
              35.2474332,
              31.812832
            ],
            [
              35.2474333,
              31.813116
            ],
            [
              35.2473422,
              31.8131686
            ],
            [
              35.2473695,
              31.813602
            ],
            [
              35.2472907,
              31.8136146
            ],
            [
              35.2467881,
              31.8135769
            ],
            [
              35.2463397,
              31.8135413
            ]
          ]
        ]
      }
    },
    {
      "type": "Feature",
      "properties": {
        "CODE": 320,
        "SCHN_NAME": "סילואן",
        "Shape_STAr": 357195.007477,
        "Shape_STLe": 3600.64171335
      },
      "geometry": {
        "type": "Polygon",
        "coordinates": [
          [
            [
              35.2406465,
              31.7663325
            ],
            [
              35.2405901,
              31.7663962
            ],
            [
              35.2404498,
              31.7664169
            ],
            [
              35.2398063,
              31.7664529
            ],
            [
              35.2394075,
              31.7664802
            ],
            [
              35.2391879,
              31.7665289
            ],
            [
              35.2390154,
              31.7665877
            ],
            [
              35.2387909,
              31.7667409
            ],
            [
              35.238543,
              31.7670288
            ],
            [
              35.2383369,
              31.7672651
            ],
            [
              35.2381125,
              31.7675386
            ],
            [
              35.2379701,
              31.767772
            ],
            [
              35.237878,
              31.767971
            ],
            [
              35.2378094,
              31.7681886
            ],
            [
              35.2378011,
              31.768339
            ],
            [
              35.2378363,
              31.7685036
            ],
            [
              35.2378732,
              31.7686797
            ],
            [
              35.2379286,
              31.768883
            ],
            [
              35.2379672,
              31.7690003
            ],
            [
              35.2380292,
              31.7690991
            ],
            [
              35.2381449,
              31.7692723
            ],
            [
              35.2382539,
              31.7694627
            ],
            [
              35.2383026,
              31.7695543
            ],
            [
              35.2383378,
              31.769666
            ],
            [
              35.238363,
              31.7697533
            ],
            [
              35.2383547,
              31.7700296
            ],
            [
              35.2383664,
              31.7700883
            ],
            [
              35.2384168,
              31.7702501
            ],
            [
              35.2384872,
              31.7703703
            ],
            [
              35.2385761,
              31.7705435
            ],
            [
              35.2386365,
              31.7706466
            ],
            [
              35.2386661,
              31.7707377
            ],
            [
              35.2387053,
              31.7710097
            ],
            [
              35.2387725,
              31.7713509
            ],
            [
              35.2388703,
              31.7715848
            ],
            [
              35.2389821,
              31.771852
            ],
            [
              35.2390521,
              31.772093
            ],
            [
              35.2390997,
              31.7724318
            ],
            [
              35.2391221,
              31.7727587
            ],
            [
              35.2391445,
              31.7728971
            ],
            [
              35.2391809,
              31.7730426
            ],
            [
              35.2392507,
              31.7730641
            ],
            [
              35.2394965,
              31.7730258
            ],
            [
              35.2397814,
              31.7729661
            ],
            [
              35.2398094,
              31.7731307
            ],
            [
              35.2398625,
              31.7732524
            ],
            [
              35.239938,
              31.7734003
            ],
            [
              35.2400749,
              31.773615
            ],
            [
              35.2402287,
              31.7737929
            ],
            [
              35.2404873,
              31.773895
            ],
            [
              35.2404679,
              31.7745204
            ],
            [
              35.2403617,
              31.7745516
            ],
            [
              35.2401098,
              31.7745814
            ],
            [
              35.2400157,
              31.7745867
            ],
            [
              35.2399566,
              31.7746087
            ],
            [
              35.2398519,
              31.7747034
            ],
            [
              35.2398398,
              31.7747345
            ],
            [
              35.2397594,
              31.7747889
            ],
            [
              35.2396136,
              31.774601
            ],
            [
              35.2394887,
              31.7745256
            ],
            [
              35.2393118,
              31.7745889
            ],
            [
              35.239096,
              31.7746558
            ],
            [
              35.2388506,
              31.7747365
            ],
            [
              35.2386105,
              31.7748495
            ],
            [
              35.2383847,
              31.7749651
            ],
            [
              35.2376977,
              31.7744944
            ],
            [
              35.2374656,
              31.7742525
            ],
            [
              35.2372281,
              31.7740313
            ],
            [
              35.2370986,
              31.773771
            ],
            [
              35.2370418,
              31.7735106
            ],
            [
              35.2369365,
              31.773211
            ],
            [
              35.2368662,
              31.7727893
            ],
            [
              35.2367689,
              31.772264
            ],
            [
              35.2366312,
              31.771923
            ],
            [
              35.2364342,
              31.7716004
            ],
            [
              35.2361994,
              31.7712801
            ],
            [
              35.2361077,
              31.7710682
            ],
            [
              35.2359916,
              31.7709161
            ],
            [
              35.2356705,
              31.7705797
            ],
            [
              35.2353144,
              31.7702641
            ],
            [
              35.2351848,
              31.7700729
            ],
            [
              35.2351143,
              31.7698257
            ],
            [
              35.235117,
              31.7696967
            ],
            [
              35.2350522,
              31.7694939
            ],
            [
              35.2348746,
              31.7692953
            ],
            [
              35.2347149,
              31.7691737
            ],
            [
              35.2344622,
              31.7690662
            ],
            [
              35.2341997,
              31.768971
            ],
            [
              35.2341169,
              31.7688942
            ],
            [
              35.2340629,
              31.7687498
            ],
            [
              35.234084,
              31.7686379
            ],
            [
              35.234269,
              31.7684866
            ],
            [
              35.2345494,
              31.7683068
            ],
            [
              35.2348256,
              31.7680799
            ],
            [
              35.2349998,
              31.767855
            ],
            [
              35.2352371,
              31.7676775
            ],
            [
              35.2354015,
              31.7675484
            ],
            [
              35.2354905,
              31.767394
            ],
            [
              35.2356199,
              31.7672027
            ],
            [
              35.2357108,
              31.7669803
            ],
            [
              35.2358519,
              31.7665983
            ],
            [
              35.2359525,
              31.7663361
            ],
            [
              35.2361249,
              31.7658813
            ],
            [
              35.2363598,
              31.765529
            ],
            [
              35.2365947,
              31.7653609
            ],
            [
              35.2369734,
              31.7651642
            ],
            [
              35.2371316,
              31.7650003
            ],
            [
              35.2374441,
              31.7647161
            ],
            [
              35.2375757,
              31.7645791
            ],
            [
              35.2378489,
              31.7642308
            ],
            [
              35.2378508,
              31.7641441
            ],
            [
              35.2380699,
              31.7641017
            ],
            [
              35.2383863,
              31.7639213
            ],
            [
              35.2389855,
              31.7634623
            ],
            [
              35.2392301,
              31.7633762
            ],
            [
              35.2396136,
              31.7632491
            ],
            [
              35.2397743,
              31.763214
            ],
            [
              35.2399315,
              31.7635115
            ],
            [
              35.2400324,
              31.7640614
            ],
            [
              35.2401476,
              31.7642027
            ],
            [
              35.2402364,
              31.7643361
            ],
            [
              35.2402616,
              31.7644566
            ],
            [
              35.2403789,
              31.7645365
            ],
            [
              35.2403677,
              31.764589
            ],
            [
              35.2403147,
              31.7646892
            ],
            [
              35.2401221,
              31.7649601
            ],
            [
              35.2401584,
              31.7650305
            ],
            [
              35.2404433,
              31.7650006
            ],
            [
              35.2404733,
              31.7650575
            ],
            [
              35.2405439,
              31.7651342
            ],
            [
              35.2407899,
              31.7653186
            ],
            [
              35.2408942,
              31.7652909
            ],
            [
              35.2410273,
              31.7652663
            ],
            [
              35.2411208,
              31.7653
            ],
            [
              35.2411676,
              31.7656103
            ],
            [
              35.2411965,
              31.7657762
            ],
            [
              35.2408585,
              31.7659638
            ],
            [
              35.2405708,
              31.7661113
            ],
            [
              35.2406465,
              31.7663325
            ]
          ]
        ]
      }
    },
    {
      "type": "Feature",
      "properties": {
        "CODE": 44,
        "SCHN_NAME": "עיסאוויה",
        "Shape_STAr": 1175897.5564,
        "Shape_STLe": 4587.00386642
      },
      "geometry": {
        "type": "Polygon",
        "coordinates": [
          [
            [
              35.2512521,
              31.7955449
            ],
            [
              35.2516048,
              31.7954469
            ],
            [
              35.2527567,
              31.7947424
            ],
            [
              35.2543864,
              31.7940056
            ],
            [
              35.2556789,
              31.7935571
            ],
            [
              35.2565689,
              31.7936447
            ],
            [
              35.2571779,
              31.7939165
            ],
            [
              35.2576558,
              31.7941723
            ],
            [
              35.2579652,
              31.7944922
            ],
            [
              35.2582282,
              31.7949835
            ],
            [
              35.2579429,
              31.7962198
            ],
            [
              35.2578167,
              31.7967329
            ],
            [
              35.2576851,
              31.796931
            ],
            [
              35.2575114,
              31.7972101
            ],
            [
              35.2574694,
              31.7974892
            ],
            [
              35.2574119,
              31.7983173
            ],
            [
              35.2571542,
              31.7993255
            ],
            [
              35.2568756,
              31.8004688
            ],
            [
              35.2566442,
              31.8013285
            ],
            [
              35.256323,
              31.8018596
            ],
            [
              35.2560439,
              31.8021793
            ],
            [
              35.255612,
              31.802517
            ],
            [
              35.255201,
              31.8027512
            ],
            [
              35.2546268,
              31.802981
            ],
            [
              35.2540893,
              31.8030892
            ],
            [
              35.253536,
              31.8031344
            ],
            [
              35.2529826,
              31.8030806
            ],
            [
              35.2516756,
              31.8028876
            ],
            [
              35.2495828,
              31.8025603
            ],
            [
              35.2479245,
              31.8023448
            ],
            [
              35.247175,
              31.8023211
            ],
            [
              35.2467253,
              31.8024173
            ],
            [
              35.2462715,
              31.8025797
            ],
            [
              35.2460342,
              31.8023142
            ],
            [
              35.2456811,
              31.8021703
            ],
            [
              35.2452068,
              31.802148
            ],
            [
              35.2446219,
              31.8022247
            ],
            [
              35.2440581,
              31.8023464
            ],
            [
              35.2433677,
              31.8023376
            ],
            [
              35.243378,
              31.8016985
            ],
            [
              35.2435248,
              31.80131
            ],
            [
              35.2436197,
              31.8009365
            ],
            [
              35.2435932,
              31.800707
            ],
            [
              35.2434987,
              31.8005418
            ],
            [
              35.2433929,
              31.8004235
            ],
            [
              35.2432558,
              31.800302
            ],
            [
              35.2430713,
              31.8002526
            ],
            [
              35.2428289,
              31.8002572
            ],
            [
              35.243007,
              31.8000824
            ],
            [
              35.2430905,
              31.7998785
            ],
            [
              35.2431417,
              31.7995241
            ],
            [
              35.2432093,
              31.7991398
            ],
            [
              35.2432467,
              31.7989317
            ],
            [
              35.2433679,
              31.7986851
            ],
            [
              35.243429,
              31.79808
            ],
            [
              35.2434051,
              31.7975737
            ],
            [
              35.243314,
              31.7971889
            ],
            [
              35.24331,
              31.7969189
            ],
            [
              35.2433078,
              31.7963995
            ],
            [
              35.2432681,
              31.7958764
            ],
            [
              35.2433628,
              31.7954139
            ],
            [
              35.2435485,
              31.795397
            ],
            [
              35.2437777,
              31.7953294
            ],
            [
              35.2441965,
              31.7949951
            ],
            [
              35.2453896,
              31.7940901
            ],
            [
              35.245761,
              31.793901
            ],
            [
              35.2460614,
              31.7938604
            ],
            [
              35.246342,
              31.793894
            ],
            [
              35.2466424,
              31.7940053
            ],
            [
              35.2470535,
              31.7943191
            ],
            [
              35.2475233,
              31.7946581
            ],
            [
              35.247795,
              31.794794
            ],
            [
              35.2480667,
              31.7948579
            ],
            [
              35.2484039,
              31.7948578
            ],
            [
              35.2488443,
              31.7950097
            ],
            [
              35.2493034,
              31.7951215
            ],
            [
              35.2499125,
              31.7955854
            ],
            [
              35.2505393,
              31.7957603
            ],
            [
              35.2512521,
              31.7955449
            ]
          ]
        ]
      }
    },
    {
      "type": "Feature",
      "properties": {
        "CODE": 528,
        "SCHN_NAME": "ערב א-סוואחרה",
        "Shape_STAr": 3498734.34821,
        "Shape_STLe": 8424.25138587
      },
      "geometry": {
        "type": "Polygon",
        "coordinates": [
          [
            [
              35.2500878,
              31.7619935
            ],
            [
              35.2490088,
              31.7617439
            ],
            [
              35.2484335,
              31.7618015
            ],
            [
              35.2476374,
              31.761642
            ],
            [
              35.247062,
              31.7615357
            ],
            [
              35.2466038,
              31.761404
            ],
            [
              35.2465093,
              31.7611529
            ],
            [
              35.2464984,
              31.760904
            ],
            [
              35.2465576,
              31.7607035
            ],
            [
              35.2467247,
              31.7605168
            ],
            [
              35.2470375,
              31.7602747
            ],
            [
              35.2473152,
              31.7600119
            ],
            [
              35.2474715,
              31.7598229
            ],
            [
              35.2474849,
              31.7596201
            ],
            [
              35.247385,
              31.7593897
            ],
            [
              35.2471826,
              31.7591547
            ],
            [
              35.2469587,
              31.7589082
            ],
            [
              35.2467644,
              31.758747
            ],
            [
              35.2464515,
              31.7585812
            ],
            [
              35.245912,
              31.7583647
            ],
            [
              35.2454777,
              31.7582543
            ],
            [
              35.244941,
              31.7582268
            ],
            [
              35.2441453,
              31.7581994
            ],
            [
              35.2436221,
              31.7581765
            ],
            [
              35.2434171,
              31.7581351
            ],
            [
              35.2433418,
              31.7580758
            ],
            [
              35.2433445,
              31.7579767
            ],
            [
              35.2434712,
              31.7578384
            ],
            [
              35.2437192,
              31.7576678
            ],
            [
              35.2441318,
              31.7575022
            ],
            [
              35.2444824,
              31.7573334
            ],
            [
              35.2446112,
              31.7572358
            ],
            [
              35.2446447,
              31.757076
            ],
            [
              35.2445966,
              31.7568753
            ],
            [
              35.2444431,
              31.7565722
            ],
            [
              35.2436029,
              31.7556041
            ],
            [
              35.2430238,
              31.7552325
            ],
            [
              35.2421246,
              31.7545538
            ],
            [
              35.2417037,
              31.7542712
            ],
            [
              35.2416373,
              31.7541929
            ],
            [
              35.2416084,
              31.7540085
            ],
            [
              35.2416515,
              31.7537668
            ],
            [
              35.2417904,
              31.7535374
            ],
            [
              35.2420253,
              31.753312
            ],
            [
              35.2423114,
              31.7530434
            ],
            [
              35.2427967,
              31.7528059
            ],
            [
              35.2435706,
              31.752566
            ],
            [
              35.2437027,
              31.7525038
            ],
            [
              35.2437863,
              31.7523908
            ],
            [
              35.2437889,
              31.7522042
            ],
            [
              35.243681,
              31.7520613
            ],
            [
              35.2428934,
              31.7517874
            ],
            [
              35.242471,
              31.7516637
            ],
            [
              35.2424278,
              31.7514456
            ],
            [
              35.2422587,
              31.7511875
            ],
            [
              35.2419169,
              31.7506622
            ],
            [
              35.2417838,
              31.7504656
            ],
            [
              35.2415607,
              31.7504313
            ],
            [
              35.2412491,
              31.7504724
            ],
            [
              35.2409519,
              31.7504929
            ],
            [
              35.2406594,
              31.7504889
            ],
            [
              35.2404101,
              31.750419
            ],
            [
              35.2400792,
              31.7502716
            ],
            [
              35.2402696,
              31.7498687
            ],
            [
              35.2407352,
              31.7490238
            ],
            [
              35.2414735,
              31.7480719
            ],
            [
              35.2420864,
              31.7472546
            ],
            [
              35.2424903,
              31.7467941
            ],
            [
              35.2432547,
              31.7459514
            ],
            [
              35.244224,
              31.7451743
            ],
            [
              35.2446177,
              31.7443973
            ],
            [
              35.2446779,
              31.7435039
            ],
            [
              35.2450137,
              31.742732
            ],
            [
              35.2455258,
              31.7422218
            ],
            [
              35.2463285,
              31.7415483
            ],
            [
              35.247631,
              31.7405897
            ],
            [
              35.2485549,
              31.7399291
            ],
            [
              35.2494635,
              31.7390483
            ],
            [
              35.2499479,
              31.7382583
            ],
            [
              35.2507958,
              31.7371445
            ],
            [
              35.2513645,
              31.7367523
            ],
            [
              35.2516624,
              31.7366557
            ],
            [
              35.2517278,
              31.7369136
            ],
            [
              35.2516929,
              31.7376887
            ],
            [
              35.2514548,
              31.7387297
            ],
            [
              35.2514028,
              31.7389587
            ],
            [
              35.2518738,
              31.7392777
            ],
            [
              35.2522629,
              31.7393647
            ],
            [
              35.2527928,
              31.7395367
            ],
            [
              35.2529598,
              31.7396918
            ],
            [
              35.2533598,
              31.7398647
            ],
            [
              35.2538148,
              31.7401277
            ],
            [
              35.2541629,
              31.7403097
            ],
            [
              35.2542588,
              31.7403867
            ],
            [
              35.2546589,
              31.7405167
            ],
            [
              35.2552338,
              31.7408227
            ],
            [
              35.2581499,
              31.7422416
            ],
            [
              35.2584038,
              31.7426806
            ],
            [
              35.2596379,
              31.7448126
            ],
            [
              35.2606149,
              31.7467287
            ],
            [
              35.2619999,
              31.7474356
            ],
            [
              35.262218,
              31.7474706
            ],
            [
              35.2623939,
              31.7476347
            ],
            [
              35.2629809,
              31.7479406
            ],
            [
              35.262855,
              31.7483426
            ],
            [
              35.2627639,
              31.7484216
            ],
            [
              35.2626569,
              31.7488006
            ],
            [
              35.2625059,
              31.7493356
            ],
            [
              35.2619259,
              31.7503276
            ],
            [
              35.260766,
              31.7511956
            ],
            [
              35.260279,
              31.7515696
            ],
            [
              35.259956,
              31.7519706
            ],
            [
              35.2596419,
              31.7520957
            ],
            [
              35.259288,
              31.7523526
            ],
            [
              35.2589169,
              31.7526227
            ],
            [
              35.258736,
              31.7530256
            ],
            [
              35.258845,
              31.7532726
            ],
            [
              35.2590629,
              31.7546366
            ],
            [
              35.259245,
              31.7556287
            ],
            [
              35.2591009,
              31.7564336
            ],
            [
              35.259174,
              31.7567746
            ],
            [
              35.255875,
              31.7600917
            ],
            [
              35.254352,
              31.7615177
            ],
            [
              35.2541325,
              31.7615362
            ],
            [
              35.2538672,
              31.7616198
            ],
            [
              35.2535042,
              31.7618228
            ],
            [
              35.2533068,
              31.7619544
            ],
            [
              35.2531518,
              31.7620374
            ],
            [
              35.2529456,
              31.7621153
            ],
            [
              35.252487,
              31.7622005
            ],
            [
              35.252097,
              31.7622385
            ],
            [
              35.2516031,
              31.7622551
            ],
            [
              35.2509366,
              31.7621857
            ],
            [
              35.2500878,
              31.7619935
            ]
          ]
        ]
      }
    },
    {
      "type": "Feature",
      "properties": {
        "CODE": 544,
        "SCHN_NAME": "צור באהר",
        "Shape_STAr": 2415404.57709,
        "Shape_STLe": 8095.43963339
      },
      "geometry": {
        "type": "Polygon",
        "coordinates": [
          [
            [
              35.24109,
              31.7228612
            ],
            [
              35.2421805,
              31.7225674
            ],
            [
              35.2432705,
              31.7221483
            ],
            [
              35.244422,
              31.7216172
            ],
            [
              35.244681,
              31.721413
            ],
            [
              35.2460287,
              31.7227847
            ],
            [
              35.2478067,
              31.7243947
            ],
            [
              35.2490397,
              31.7253866
            ],
            [
              35.2498017,
              31.7279587
            ],
            [
              35.2501288,
              31.7291357
            ],
            [
              35.2503467,
              31.7300967
            ],
            [
              35.2496346,
              31.7307441
            ],
            [
              35.2489537,
              31.7313075
            ],
            [
              35.2485966,
              31.7317753
            ],
            [
              35.2482727,
              31.7318899
            ],
            [
              35.2478931,
              31.7320523
            ],
            [
              35.2472678,
              31.7322816
            ],
            [
              35.2464669,
              31.7326971
            ],
            [
              35.2447343,
              31.7337991
            ],
            [
              35.2432918,
              31.7350037
            ],
            [
              35.242372,
              31.7363635
            ],
            [
              35.2417815,
              31.7371793
            ],
            [
              35.2412022,
              31.7377524
            ],
            [
              35.240748,
              31.7384129
            ],
            [
              35.2404187,
              31.739151
            ],
            [
              35.2399417,
              31.7398018
            ],
            [
              35.2395556,
              31.7402389
            ],
            [
              35.2391012,
              31.7405788
            ],
            [
              35.2384877,
              31.7409674
            ],
            [
              35.2378288,
              31.7413075
            ],
            [
              35.2373971,
              31.7416281
            ],
            [
              35.2372722,
              31.7420554
            ],
            [
              35.2372497,
              31.7426089
            ],
            [
              35.2373457,
              31.7431105
            ],
            [
              35.2371093,
              31.7432471
            ],
            [
              35.2368728,
              31.7434418
            ],
            [
              35.2365858,
              31.7437035
            ],
            [
              35.236394,
              31.7440376
            ],
            [
              35.2362266,
              31.744485
            ],
            [
              35.236122,
              31.7447804
            ],
            [
              35.2360627,
              31.7448937
            ],
            [
              35.2359266,
              31.745022
            ],
            [
              35.2358212,
              31.7450548
            ],
            [
              35.2357333,
              31.7450441
            ],
            [
              35.2356662,
              31.7449475
            ],
            [
              35.2355865,
              31.7446504
            ],
            [
              35.2354398,
              31.7442436
            ],
            [
              35.235085,
              31.7437641
            ],
            [
              35.2347107,
              31.7433848
            ],
            [
              35.2342247,
              31.7428743
            ],
            [
              35.2339331,
              31.7424837
            ],
            [
              35.2338419,
              31.7422748
            ],
            [
              35.2337758,
              31.742064
            ],
            [
              35.2330919,
              31.7419768
            ],
            [
              35.2319134,
              31.7419161
            ],
            [
              35.2308874,
              31.7418704
            ],
            [
              35.2286716,
              31.7418612
            ],
            [
              35.2273648,
              31.7418226
            ],
            [
              35.2267625,
              31.7416964
            ],
            [
              35.2261034,
              31.7414926
            ],
            [
              35.2252567,
              31.7412014
            ],
            [
              35.2251947,
              31.7410909
            ],
            [
              35.2248027,
              31.7386902
            ],
            [
              35.225086,
              31.7385962
            ],
            [
              35.2252346,
              31.7385388
            ],
            [
              35.2254695,
              31.738551
            ],
            [
              35.2261837,
              31.738555
            ],
            [
              35.2265433,
              31.7386082
            ],
            [
              35.2270466,
              31.7386696
            ],
            [
              35.2275068,
              31.7386859
            ],
            [
              35.2281108,
              31.7386243
            ],
            [
              35.2283505,
              31.7385833
            ],
            [
              35.228547,
              31.7384931
            ],
            [
              35.2289256,
              31.7382923
            ],
            [
              35.2291653,
              31.7380874
            ],
            [
              35.2298554,
              31.737399
            ],
            [
              35.2304352,
              31.7367967
            ],
            [
              35.2306647,
              31.736646
            ],
            [
              35.2309028,
              31.7365604
            ],
            [
              35.2312286,
              31.7364945
            ],
            [
              35.2316627,
              31.7364021
            ],
            [
              35.2319399,
              31.7363098
            ],
            [
              35.2322064,
              31.7362393
            ],
            [
              35.2324851,
              31.7362479
            ],
            [
              35.2326442,
              31.7363101
            ],
            [
              35.2327494,
              31.7364138
            ],
            [
              35.2328977,
              31.7365658
            ],
            [
              35.2329921,
              31.7366234
            ],
            [
              35.2331324,
              31.7366672
            ],
            [
              35.2332331,
              31.7366625
            ],
            [
              35.2331623,
              31.7365502
            ],
            [
              35.2330611,
              31.7363342
            ],
            [
              35.2330085,
              31.7361752
            ],
            [
              35.2329646,
              31.7360026
            ],
            [
              35.2329539,
              31.7358897
            ],
            [
              35.2330563,
              31.7358344
            ],
            [
              35.23321,
              31.7357652
            ],
            [
              35.2333232,
              31.7357813
            ],
            [
              35.2334392,
              31.7359219
            ],
            [
              35.2335723,
              31.7358751
            ],
            [
              35.2337513,
              31.7357604
            ],
            [
              35.2339366,
              31.7356019
            ],
            [
              35.2340835,
              31.7354052
            ],
            [
              35.2341409,
              31.7350502
            ],
            [
              35.2342045,
              31.7341762
            ],
            [
              35.2341659,
              31.7332422
            ],
            [
              35.2341864,
              31.7324576
            ],
            [
              35.2341749,
              31.7320012
            ],
            [
              35.2346291,
              31.7313699
            ],
            [
              35.2350352,
              31.7311112
            ],
            [
              35.2357622,
              31.730509
            ],
            [
              35.2367149,
              31.7297701
            ],
            [
              35.2376181,
              31.7285361
            ],
            [
              35.2381633,
              31.7281044
            ],
            [
              35.2388094,
              31.7274654
            ],
            [
              35.2390313,
              31.7266712
            ],
            [
              35.2389703,
              31.7254973
            ],
            [
              35.2388891,
              31.7244443
            ],
            [
              35.2392821,
              31.7236907
            ],
            [
              35.2398985,
              31.7232586
            ],
            [
              35.24109,
              31.7228612
            ]
          ]
        ]
      }
    },
    {
      "type": "Feature",
      "properties": {
        "CODE": 600,
        "SCHN_NAME": "ראס אל עמוד",
        "Shape_STAr": 1434313.84412,
        "Shape_STLe": 5577.35864414
      },
      "geometry": {
        "type": "Polygon",
        "coordinates": [
          [
            [
              35.2428932,
              31.7628836
            ],
            [
              35.2436748,
              31.7628751
            ],
            [
              35.244231,
              31.7628012
            ],
            [
              35.2446049,
              31.7627192
            ],
            [
              35.2451179,
              31.7625388
            ],
            [
              35.2454104,
              31.7623994
            ],
            [
              35.2456836,
              31.7622395
            ],
            [
              35.2462109,
              31.7618665
            ],
            [
              35.2464601,
              31.7616739
            ],
            [
              35.2465416,
              31.7615961
            ],
            [
              35.2466038,
              31.761404
            ],
            [
              35.247062,
              31.7615357
            ],
            [
              35.2476374,
              31.761642
            ],
            [
              35.2484335,
              31.7618015
            ],
            [
              35.2490088,
              31.7617439
            ],
            [
              35.2500878,
              31.7619935
            ],
            [
              35.2509366,
              31.7621857
            ],
            [
              35.2516031,
              31.7622551
            ],
            [
              35.252097,
              31.7622385
            ],
            [
              35.252487,
              31.7622005
            ],
            [
              35.2529456,
              31.7621153
            ],
            [
              35.2531518,
              31.7620374
            ],
            [
              35.2533068,
              31.7619544
            ],
            [
              35.2535042,
              31.7618228
            ],
            [
              35.2538672,
              31.7616198
            ],
            [
              35.2541325,
              31.7615362
            ],
            [
              35.254352,
              31.7615177
            ],
            [
              35.253392,
              31.7628397
            ],
            [
              35.2531,
              31.7633777
            ],
            [
              35.253193,
              31.7638117
            ],
            [
              35.2533439,
              31.7645367
            ],
            [
              35.2529351,
              31.7654657
            ],
            [
              35.252747,
              31.7661867
            ],
            [
              35.2526861,
              31.7666806
            ],
            [
              35.252669,
              31.7667777
            ],
            [
              35.252655,
              31.7670837
            ],
            [
              35.25246,
              31.7672237
            ],
            [
              35.2522161,
              31.7680887
            ],
            [
              35.251781,
              31.7694837
            ],
            [
              35.251929,
              31.7702287
            ],
            [
              35.251729,
              31.7702053
            ],
            [
              35.251729,
              31.7702959
            ],
            [
              35.2517375,
              31.7704534
            ],
            [
              35.2516706,
              31.770542
            ],
            [
              35.2514862,
              31.7705776
            ],
            [
              35.2513829,
              31.7706731
            ],
            [
              35.251221,
              31.7709141
            ],
            [
              35.2510787,
              31.7711289
            ],
            [
              35.2509726,
              31.7713127
            ],
            [
              35.250942,
              31.771463
            ],
            [
              35.2509588,
              31.7716086
            ],
            [
              35.2509869,
              31.7719045
            ],
            [
              35.2509507,
              31.7720476
            ],
            [
              35.2508502,
              31.7721741
            ],
            [
              35.2507385,
              31.7722219
            ],
            [
              35.2503447,
              31.772339
            ],
            [
              35.2501408,
              31.7724345
            ],
            [
              35.2498253,
              31.772635
            ],
            [
              35.2497003,
              31.7727627
            ],
            [
              35.2495453,
              31.7729346
            ],
            [
              35.2492355,
              31.7733177
            ],
            [
              35.249068,
              31.7734931
            ],
            [
              35.2489196,
              31.7735584
            ],
            [
              35.2487874,
              31.7735792
            ],
            [
              35.2486633,
              31.7735447
            ],
            [
              35.2485905,
              31.7734871
            ],
            [
              35.2484609,
              31.7733673
            ],
            [
              35.2482449,
              31.7729802
            ],
            [
              35.2480722,
              31.77266
            ],
            [
              35.247892,
              31.7724627
            ],
            [
              35.2476971,
              31.7723144
            ],
            [
              35.2474893,
              31.772167
            ],
            [
              35.2471062,
              31.7719667
            ],
            [
              35.2466583,
              31.7718124
            ],
            [
              35.2461997,
              31.7718011
            ],
            [
              35.2458461,
              31.7718784
            ],
            [
              35.2447784,
              31.7722555
            ],
            [
              35.243589,
              31.7726845
            ],
            [
              35.2432465,
              31.7728021
            ],
            [
              35.242734,
              31.7729313
            ],
            [
              35.2419896,
              31.7730882
            ],
            [
              35.240997,
              31.7733074
            ],
            [
              35.2408963,
              31.7733486
            ],
            [
              35.2406343,
              31.773589
            ],
            [
              35.2404873,
              31.773895
            ],
            [
              35.2402287,
              31.7737929
            ],
            [
              35.2400749,
              31.773615
            ],
            [
              35.239938,
              31.7734003
            ],
            [
              35.2398625,
              31.7732524
            ],
            [
              35.2398094,
              31.7731307
            ],
            [
              35.2397814,
              31.7729661
            ],
            [
              35.2394965,
              31.7730258
            ],
            [
              35.2392507,
              31.7730641
            ],
            [
              35.2391809,
              31.7730426
            ],
            [
              35.2391445,
              31.7728971
            ],
            [
              35.2391221,
              31.7727587
            ],
            [
              35.2390997,
              31.7724318
            ],
            [
              35.2390521,
              31.772093
            ],
            [
              35.2389821,
              31.771852
            ],
            [
              35.2388703,
              31.7715848
            ],
            [
              35.2387725,
              31.7713509
            ],
            [
              35.2387053,
              31.7710097
            ],
            [
              35.2386661,
              31.7707377
            ],
            [
              35.2386365,
              31.7706466
            ],
            [
              35.2385761,
              31.7705435
            ],
            [
              35.2384872,
              31.7703703
            ],
            [
              35.2384168,
              31.7702501
            ],
            [
              35.2383664,
              31.7700883
            ],
            [
              35.2383547,
              31.7700296
            ],
            [
              35.238363,
              31.7697533
            ],
            [
              35.2383378,
              31.769666
            ],
            [
              35.2383026,
              31.7695543
            ],
            [
              35.2382539,
              31.7694627
            ],
            [
              35.2381449,
              31.7692723
            ],
            [
              35.2380292,
              31.7690991
            ],
            [
              35.2379672,
              31.7690003
            ],
            [
              35.2379286,
              31.768883
            ],
            [
              35.2378732,
              31.7686797
            ],
            [
              35.2378363,
              31.7685036
            ],
            [
              35.2378011,
              31.768339
            ],
            [
              35.2378094,
              31.7681886
            ],
            [
              35.237878,
              31.767971
            ],
            [
              35.2379701,
              31.767772
            ],
            [
              35.2381125,
              31.7675386
            ],
            [
              35.2383369,
              31.7672651
            ],
            [
              35.238543,
              31.7670288
            ],
            [
              35.2387909,
              31.7667409
            ],
            [
              35.2390154,
              31.7665877
            ],
            [
              35.2391879,
              31.7665289
            ],
            [
              35.2394075,
              31.7664802
            ],
            [
              35.2398063,
              31.7664529
            ],
            [
              35.2404498,
              31.7664169
            ],
            [
              35.2405901,
              31.7663962
            ],
            [
              35.2406465,
              31.7663325
            ],
            [
              35.2405708,
              31.7661113
            ],
            [
              35.2408585,
              31.7659638
            ],
            [
              35.2411965,
              31.7657762
            ],
            [
              35.2411676,
              31.7656103
            ],
            [
              35.2411208,
              31.7653
            ],
            [
              35.2410273,
              31.7652663
            ],
            [
              35.2408942,
              31.7652909
            ],
            [
              35.2407899,
              31.7653186
            ],
            [
              35.2405439,
              31.7651342
            ],
            [
              35.2404733,
              31.7650575
            ],
            [
              35.2404433,
              31.7650006
            ],
            [
              35.2401584,
              31.7650305
            ],
            [
              35.2401221,
              31.7649601
            ],
            [
              35.2403147,
              31.7646892
            ],
            [
              35.2403677,
              31.764589
            ],
            [
              35.2403789,
              31.7645365
            ],
            [
              35.2402616,
              31.7644566
            ],
            [
              35.2402364,
              31.7643361
            ],
            [
              35.2401476,
              31.7642027
            ],
            [
              35.2400324,
              31.7640614
            ],
            [
              35.2399315,
              31.7635115
            ],
            [
              35.2397743,
              31.763214
            ],
            [
              35.2400643,
              31.7631507
            ],
            [
              35.2407547,
              31.763089
            ],
            [
              35.2413589,
              31.7630684
            ],
            [
              35.2417233,
              31.7630314
            ],
            [
              35.2421452,
              31.762937
            ],
            [
              35.2425144,
              31.7628837
            ],
            [
              35.2428932,
              31.7628836
            ]
          ]
        ]
      }
    },
    {
      "type": "Feature",
      "properties": {
        "CODE": 652,
        "SCHN_NAME": "שועפאט",
        "Shape_STAr": 1866461.93918,
        "Shape_STLe": 5683.28494546
      },
      "geometry": {
        "type": "Polygon",
        "coordinates": [
          [
            [
              35.2326236,
              31.819493
            ],
            [
              35.2322732,
              31.8194818
            ],
            [
              35.2314803,
              31.819381
            ],
            [
              35.2311017,
              31.8193898
            ],
            [
              35.2307182,
              31.8194448
            ],
            [
              35.2302759,
              31.8196692
            ],
            [
              35.2297547,
              31.81989
            ],
            [
              35.2284932,
              31.8199239
            ],
            [
              35.2277074,
              31.8200198
            ],
            [
              35.2265443,
              31.8202655
            ],
            [
              35.225776,
              31.8205316
            ],
            [
              35.2246133,
              31.8212233
            ],
            [
              35.2240839,
              31.8216135
            ],
            [
              35.2229936,
              31.8213477
            ],
            [
              35.2219137,
              31.820807
            ],
            [
              35.2220583,
              31.8150695
            ],
            [
              35.2224247,
              31.814421
            ],
            [
              35.2226949,
              31.8135963
            ],
            [
              35.2232761,
              31.8126979
            ],
            [
              35.2245969,
              31.8112652
            ],
            [
              35.225819,
              31.8099794
            ],
            [
              35.2269085,
              31.8087553
            ],
            [
              35.2273877,
              31.8082789
            ],
            [
              35.2277887,
              31.8079963
            ],
            [
              35.2282999,
              31.8076538
            ],
            [
              35.2287409,
              31.807337
            ],
            [
              35.2294024,
              31.8067375
            ],
            [
              35.2298346,
              31.8062799
            ],
            [
              35.2314561,
              31.8060545
            ],
            [
              35.232285,
              31.8060447
            ],
            [
              35.2335483,
              31.8062708
            ],
            [
              35.2340897,
              31.8063959
            ],
            [
              35.2343521,
              31.8064511
            ],
            [
              35.2347158,
              31.8069832
            ],
            [
              35.2350938,
              31.8076525
            ],
            [
              35.2355507,
              31.8080376
            ],
            [
              35.2357743,
              31.80839
            ],
            [
              35.2360972,
              31.8088212
            ],
            [
              35.2362687,
              31.8088308
            ],
            [
              35.2365757,
              31.8088088
            ],
            [
              35.2382134,
              31.8093634
            ],
            [
              35.2397437,
              31.8100228
            ],
            [
              35.2398512,
              31.8101932
            ],
            [
              35.239928,
              31.8104291
            ],
            [
              35.2399997,
              31.8105209
            ],
            [
              35.2404242,
              31.8104664
            ],
            [
              35.2404822,
              31.810601
            ],
            [
              35.2406923,
              31.8118805
            ],
            [
              35.2408326,
              31.8128608
            ],
            [
              35.2406719,
              31.812843
            ],
            [
              35.2398814,
              31.8127727
            ],
            [
              35.239137,
              31.8128114
            ],
            [
              35.2386795,
              31.8128222
            ],
            [
              35.2386958,
              31.8132918
            ],
            [
              35.2385715,
              31.8139966
            ],
            [
              35.2381301,
              31.814791
            ],
            [
              35.2373333,
              31.8155103
            ],
            [
              35.2360176,
              31.8161592
            ],
            [
              35.2347395,
              31.8167823
            ],
            [
              35.2343185,
              31.817097
            ],
            [
              35.2339276,
              31.8175273
            ],
            [
              35.2335292,
              31.8180989
            ],
            [
              35.2332737,
              31.8186897
            ],
            [
              35.2331903,
              31.8194276
            ],
            [
              35.2328519,
              31.8194891
            ],
            [
              35.2326236,
              31.819493
            ]
          ]
        ]
      }
    }
  ]
}