{
"type": "FeatureCollection",
"name": "jerusalem_neighborhoods",
"features": [
{ "type": "Feature", "properties": { "CODE": 708, "SCHN_NAME": "תלפיות", "Shape_STAr": 726050.702988, "Shape_STLe": 6256.5882312800004 }, "geometry": { "type": "Polygon", "coordinates": [ [ [ 35.2244727, 31.7539699 ], [ 35.2245047, 31.754254 ], [ 35.2246135, 31.7550951 ], [ 35.2246711, 31.7553901 ], [ 35.2247396, 31.7556622 ], [ 35.2249956, 31.7568584 ], [ 35.2252131, 31.7573117 ], [ 35.2252646, 31.7588544 ], [ 35.2252467, 31.761291 ], [ 35.2252112, 31.7614323 ], [ 35.2251069, 31.7616259 ], [ 35.2249272, 31.761715 ], [ 35.2244631, 31.7608394 ], [ 35.2234251, 31.75904 ], [ 35.222124, 31.7562165 ], [ 35.2220835, 31.7561663 ], [ 35.221515, 31.7553972 ], [ 35.2208436, 31.7544715 ], [ 35.2204551, 31.753898 ], [ 35.2202403, 31.7539619 ], [ 35.2197172, 31.7541259 ], [ 35.219101, 31.7543342 ], [ 35.218074, 31.7547068 ], [ 35.2178148, 31.7547828 ], [ 35.2174896, 31.7548669 ], [ 35.2174069, 31.754572 ], [ 35.2173082, 31.754301 ], [ 35.2171767, 31.7539637 ], [ 35.216968, 31.7534076 ], [ 35.216799, 31.7529866 ], [ 35.2169832, 31.7529405 ], [ 35.2173635, 31.752793 ], [ 35.2177994, 31.7526259 ], [ 35.2180578, 31.7525448 ], [ 35.2185314, 31.7524035 ], [ 35.2187167, 31.7523353 ], [ 35.2183922, 31.7517132 ], [ 35.2180037, 31.750985 ], [ 35.2178829, 31.7507552 ], [ 35.2177088, 31.7504382 ], [ 35.2175615, 31.7502229 ], [ 35.2171137, 31.7493887 ], [ 35.2163854, 31.7481721 ], [ 35.2157866, 31.7471098 ], [ 35.2155843, 31.7466651 ], [ 35.2152741, 31.7458033 ], [ 35.2149801, 31.7449944 ], [ 35.2160917, 31.7445648 ], [ 35.2168367, 31.7458042 ], [ 35.2172457, 31.7466034 ], [ 35.2178881, 31.7478584 ], [ 35.2185896, 31.7492112 ], [ 35.2191202, 31.7490609 ], [ 35.2205247, 31.7486718 ], [ 35.2218678, 31.7483137 ], [ 35.2218957, 31.7482779 ], [ 35.2218974, 31.7482262 ], [ 35.2217382, 31.7477824 ], [ 35.2217141, 31.7477052 ], [ 35.2217364, 31.7476599 ], [ 35.2217699, 31.7476408 ], [ 35.2225339, 31.7474244 ], [ 35.2232962, 31.7471952 ], [ 35.2236067, 31.7470328 ], [ 35.2236827, 31.7470368 ], [ 35.2246298, 31.7464869 ], [ 35.2248898, 31.7463369 ], [ 35.2259066, 31.7456783 ], [ 35.2266691, 31.7451844 ], [ 35.2270054, 31.7460816 ], [ 35.2270767, 31.7464753 ], [ 35.2270642, 31.7467258 ], [ 35.2268129, 31.7470265 ], [ 35.2262978, 31.7473094 ], [ 35.2258706, 31.7476352 ], [ 35.225611, 31.7479645 ], [ 35.225343, 31.7482043 ], [ 35.2249284, 31.7483762 ], [ 35.2243536, 31.7485097 ], [ 35.2245516, 31.7493331 ], [ 35.2246776, 31.7498892 ], [ 35.2247172, 31.7500828 ], [ 35.2247857, 31.7503416 ], [ 35.2244399, 31.7504577 ], [ 35.2240436, 31.7505779 ], [ 35.224082, 31.7508183 ], [ 35.2241908, 31.7512443 ], [ 35.2242484, 31.7515393 ], [ 35.2243061, 31.7522603 ], [ 35.2243958, 31.7531888 ], [ 35.2244259, 31.7534243 ], [ 35.2244727, 31.7539699 ] ] ] } },
{ "type": "Feature", "properties": { "CODE": 751, "SCHN_NAME": "א-רם", "Shape_STAr": 102673.26536600001, "Shape_STLe": 2985.2120620300002 }, "geometry": { "type": "Polygon", "coordinates": [ [ [ 35.2266776, 31.8614003 ], [ 35.226439, 31.8610651 ], [ 35.2259417, 31.8603957 ], [ 35.2257243, 31.8600762 ], [ 35.2255767, 31.8597551 ], [ 35.2255095, 31.8595368 ], [ 35.2252072, 31.8576936 ], [ 35.2249175, 31.8560079 ], [ 35.2247411, 31.8549413 ], [ 35.2246445, 31.8542327 ], [ 35.2246192, 31.8538282 ], [ 35.2247281, 31.8529477 ], [ 35.2249208, 31.8523034 ], [ 35.2254658, 31.8515231 ], [ 35.2259059, 31.8509396 ], [ 35.2270955, 31.8493958 ], [ 35.2272126, 31.8494778 ], [ 35.2270122, 31.8497318 ], [ 35.2272385, 31.8498838 ], [ 35.2269205, 31.8503338 ], [ 35.2266175, 31.8505968 ], [ 35.2260235, 31.8509567 ], [ 35.2259555, 31.8512198 ], [ 35.2260775, 31.8514317 ], [ 35.2259986, 31.8518607 ], [ 35.2258305, 31.8517948 ], [ 35.2255665, 31.8521268 ], [ 35.2254876, 31.8523038 ], [ 35.2256495, 31.8523578 ], [ 35.2256105, 31.8537499 ], [ 35.2256646, 31.8541889 ], [ 35.2256796, 31.8545918 ], [ 35.2256255, 31.8548938 ], [ 35.2257785, 31.8549358 ], [ 35.2258285, 31.8553298 ], [ 35.2257698, 31.8554357 ], [ 35.2257516, 31.8556538 ], [ 35.2258666, 31.8559709 ], [ 35.2259436, 31.8561728 ], [ 35.2258966, 31.8563639 ], [ 35.2258795, 31.8565288 ], [ 35.2259996, 31.8566688 ], [ 35.2259266, 31.8568528 ], [ 35.2259375, 31.8570038 ], [ 35.2261506, 31.8576948 ], [ 35.2261636, 31.8580328 ], [ 35.2264056, 31.8590618 ], [ 35.2265826, 31.8593438 ], [ 35.2266946, 31.8597238 ], [ 35.2268166, 31.8602308 ], [ 35.2269325, 31.8604868 ], [ 35.2269677, 31.8606168 ], [ 35.2270466, 31.8607308 ], [ 35.2272426, 31.8611568 ], [ 35.2269926, 31.8615216 ], [ 35.2267664, 31.8615933 ], [ 35.2266776, 31.8614003 ] ] ] } },
{ "type": "Feature", "properties": { "CODE": 746, "SCHN_NAME": "א-סוואנה", "Shape_STAr": 443043.84816, "Shape_STLe": 3327.7339296199998 }, "geometry": { "type": "Polygon", "coordinates": [ [ [ 35.2463762, 31.7850675 ], [ 35.2454059, 31.7854002 ], [ 35.2444011, 31.7856464 ], [ 35.2442115, 31.7858984 ], [ 35.2439219, 31.7863126 ], [ 35.2437429, 31.7866907 ], [ 35.2437221, 31.7872263 ], [ 35.2439138, 31.7895849 ], [ 35.2436048, 31.789867 ], [ 35.2430287, 31.7899872 ], [ 35.2419492, 31.7902465 ], [ 35.2418931, 31.7897108 ], [ 35.2416679, 31.7887267 ], [ 35.2413023, 31.7880308 ], [ 35.2408056, 31.7875508 ], [ 35.2405465, 31.7871957 ], [ 35.2397747, 31.7860714 ], [ 35.2392741, 31.7852267 ], [ 35.238985, 31.7842717 ], [ 35.2386424, 31.7842511 ], [ 35.2380354, 31.7841222 ], [ 35.2375254, 31.7839933 ], [ 35.2373041, 31.7839433 ], [ 35.2378947, 31.7830281 ], [ 35.2380996, 31.78277 ], [ 35.2387577, 31.7821937 ], [ 35.2389761, 31.7819886 ], [ 35.2390489, 31.7818203 ], [ 35.2390515, 31.7816314 ], [ 35.2389729, 31.7814426 ], [ 35.2386936, 31.781033 ], [ 35.2384587, 31.7805993 ], [ 35.2384546, 31.7804437 ], [ 35.2385294, 31.7803124 ], [ 35.2386811, 31.7802173 ], [ 35.2390574, 31.7801083 ], [ 35.2392294, 31.7800426 ], [ 35.2392941, 31.7799717 ], [ 35.2393253, 31.7798715 ], [ 35.2395478, 31.7798317 ], [ 35.239914, 31.7797572 ], [ 35.2401507, 31.7798194 ], [ 35.2404623, 31.7798781 ], [ 35.2406991, 31.7799489 ], [ 35.2412858, 31.7800489 ], [ 35.2414437, 31.7800886 ], [ 35.2416278, 31.7801836 ], [ 35.2415229, 31.781392 ], [ 35.2417969, 31.7819694 ], [ 35.2434565, 31.782575 ], [ 35.2452334, 31.7833905 ], [ 35.2457813, 31.7840966 ], [ 35.2460751, 31.7845631 ], [ 35.2463762, 31.7850675 ] ] ] } },
{ "type": "Feature", "properties": { "CODE": 745, "SCHN_NAME": "א-שייאח", "Shape_STAr": 620512.09291100001, "Shape_STLe": 4138.6251785599998 }, "geometry": { "type": "Polygon", "coordinates": [ [ [ 35.2457761, 31.7781112 ], [ 35.2456854, 31.7775483 ], [ 35.2456952, 31.7772911 ], [ 35.2457464, 31.7770124 ], [ 35.2458647, 31.7766287 ], [ 35.2459428, 31.7764015 ], [ 35.246003, 31.7761304 ], [ 35.2460007, 31.7758956 ], [ 35.2460251, 31.7758345 ], [ 35.2461312, 31.7758307 ], [ 35.2463425, 31.7758156 ], [ 35.2463984, 31.7758024 ], [ 35.2464617, 31.7757874 ], [ 35.2465098, 31.7758723 ], [ 35.2466762, 31.7758455 ], [ 35.246903, 31.7757901 ], [ 35.246846, 31.7755954 ], [ 35.2467431, 31.7755267 ], [ 35.2465196, 31.775292 ], [ 35.2465475, 31.7752576 ], [ 35.2467754, 31.7751468 ], [ 35.2468267, 31.7750266 ], [ 35.2468825, 31.774911 ], [ 35.2468925, 31.7747736 ], [ 35.2469535, 31.7746382 ], [ 35.246984, 31.7744462 ], [ 35.2471266, 31.7742798 ], [ 35.2472326, 31.7741385 ], [ 35.2472761, 31.7739552 ], [ 35.2471398, 31.7738026 ], [ 35.246981, 31.773564 ], [ 35.2468156, 31.7735908 ], [ 35.2467266, 31.7732484 ], [ 35.2468059, 31.7732379 ], [ 35.2467734, 31.7730346 ], [ 35.2467074, 31.77286 ], [ 35.2465801, 31.7728877 ], [ 35.2465253, 31.7728266 ], [ 35.2465007, 31.7728324 ], [ 35.2463301, 31.772703 ], [ 35.2460565, 31.7728618 ], [ 35.2458892, 31.7729703 ], [ 35.2456921, 31.7730349 ], [ 35.2454896, 31.7730743 ], [ 35.2453346, 31.7731221 ], [ 35.245248, 31.7731293 ], [ 35.2451698, 31.7730685 ], [ 35.2452256, 31.7730124 ], [ 35.2453331, 31.7729324 ], [ 35.2453754, 31.772879 ], [ 35.2453385, 31.7728494 ], [ 35.2451966, 31.7728418 ], [ 35.2451675, 31.7728285 ], [ 35.245125, 31.7727502 ], [ 35.2450591, 31.772588 ], [ 35.2450054, 31.7724821 ], [ 35.2449618, 31.772462 ], [ 35.2448925, 31.7724153 ], [ 35.2448679, 31.7723685 ], [ 35.2447784, 31.7722555 ], [ 35.2458461, 31.7718784 ], [ 35.2461997, 31.7718011 ], [ 35.2466583, 31.7718124 ], [ 35.2471062, 31.7719667 ], [ 35.2474893, 31.772167 ], [ 35.2476971, 31.7723144 ], [ 35.247892, 31.7724627 ], [ 35.2480722, 31.77266 ], [ 35.2482449, 31.7729802 ], [ 35.2484609, 31.7733673 ], [ 35.2485905, 31.7734871 ], [ 35.2486633, 31.7735447 ], [ 35.2487874, 31.7735792 ], [ 35.2489196, 31.7735584 ], [ 35.249068, 31.7734931 ], [ 35.2492355, 31.7733177 ], [ 35.2495453, 31.7729346 ], [ 35.2497003, 31.7727627 ], [ 35.2498253, 31.772635 ], [ 35.2501408, 31.7724345 ], [ 35.2503447, 31.772339 ], [ 35.2507385, 31.7722219 ], [ 35.2508502, 31.7721741 ], [ 35.2509507, 31.7720476 ], [ 35.2509869, 31.7719045 ], [ 35.2509588, 31.7716086 ], [ 35.250942, 31.771463 ], [ 35.2509726, 31.7713127 ], [ 35.2510787, 31.7711289 ], [ 35.251221, 31.7709141 ], [ 35.2513829, 31.7706731 ], [ 35.2514862, 31.7705776 ], [ 35.2516706, 31.770542 ], [ 35.2517375, 31.7704534 ], [ 35.251729, 31.7702959 ], [ 35.251729, 31.7702053 ], [ 35.251929, 31.7702287 ], [ 35.252905, 31.7702006 ], [ 35.2534641, 31.7703657 ], [ 35.25372, 31.7704387 ], [ 35.2554482, 31.7753696 ], [ 35.25615, 31.7774362 ], [ 35.2547602, 31.7780175 ], [ 35.2524644, 31.7783477 ], [ 35.2516342, 31.7786664 ], [ 35.2513342, 31.778592 ], [ 35.2511666, 31.778688 ], [ 35.2508599, 31.7785965 ], [ 35.2509804, 31.7783803 ], [ 35.2507725, 31.7781499 ], [ 35.2506619, 31.7781528 ], [ 35.2503558, 31.778324 ], [ 35.2489731, 31.7781395 ], [ 35.2476183, 31.7781818 ], [ 35.2470808, 31.778522 ], [ 35.2462693, 31.7785234 ], [ 35.2459899, 31.7783756 ], [ 35.2458889, 31.7782709 ], [ 35.2457761, 31.7781112 ] ] ] } },
{ "type": "Feature", "properties": { "CODE": 4, "SCHN_NAME": "א-טור", "Shape_STAr": 1292605.2293400001, "Shape_STLe": 5677.1868972800003 }, "geometry": { "type": "Polygon", "coordinates": [ [ [ 35.2586108, 31.7864262 ], [ 35.2582814, 31.7870475 ], [ 35.2579333, 31.7879669 ], [ 35.2576036, 31.7888034 ], [ 35.2572906, 31.7892897 ], [ 35.2568048, 31.7898197 ], [ 35.25614, 31.7902624 ], [ 35.25575, 31.790421 ], [ 35.2549635, 31.790678 ], [ 35.2546138, 31.7905334 ], [ 35.2537018, 31.7901924 ], [ 35.2528398, 31.7898087 ], [ 35.2521607, 31.7893475 ], [ 35.2517013, 31.7885556 ], [ 35.2512889, 31.7880937 ], [ 35.2510498, 31.7875057 ], [ 35.2510496, 31.7871757 ], [ 35.251122, 31.7866651 ], [ 35.2511696, 31.7863297 ], [ 35.2511614, 31.7859755 ], [ 35.2508592, 31.7856336 ], [ 35.2504235, 31.7855377 ], [ 35.2498053, 31.7853939 ], [ 35.2490507, 31.785086 ], [ 35.24852, 31.7848406 ], [ 35.2482799, 31.7847648 ], [ 35.2477672, 31.784727 ], [ 35.2473513, 31.7848274 ], [ 35.2468456, 31.7849415 ], [ 35.2463762, 31.7850675 ], [ 35.2457813, 31.7840966 ], [ 35.2452334, 31.7833905 ], [ 35.2434565, 31.782575 ], [ 35.2417969, 31.7819694 ], [ 35.2415229, 31.781392 ], [ 35.2416278, 31.7801836 ], [ 35.2417776, 31.7802285 ], [ 35.24233, 31.7803338 ], [ 35.2427569, 31.7804028 ], [ 35.2428985, 31.7803907 ], [ 35.2433739, 31.7803076 ], [ 35.2436107, 31.7803127 ], [ 35.2438373, 31.780323 ], [ 35.2440012, 31.7803506 ], [ 35.2444807, 31.7803642 ], [ 35.2446466, 31.78034 ], [ 35.244772, 31.7803071 ], [ 35.2448914, 31.7802431 ], [ 35.2451017, 31.780008 ], [ 35.2451484, 31.779922 ], [ 35.2450367, 31.7795717 ], [ 35.2450403, 31.7794427 ], [ 35.2449778, 31.779384 ], [ 35.2447955, 31.779294 ], [ 35.2445268, 31.7789458 ], [ 35.2444308, 31.7787615 ], [ 35.2443998, 31.778577 ], [ 35.2444298, 31.7783875 ], [ 35.2446457, 31.7783643 ], [ 35.2453981, 31.7784121 ], [ 35.2454927, 31.7783641 ], [ 35.2455987, 31.7781646 ], [ 35.2457761, 31.7781112 ], [ 35.2458889, 31.7782709 ], [ 35.2459899, 31.7783756 ], [ 35.2462693, 31.7785234 ], [ 35.2470808, 31.778522 ], [ 35.2476183, 31.7781818 ], [ 35.2489731, 31.7781395 ], [ 35.2503558, 31.778324 ], [ 35.2506619, 31.7781528 ], [ 35.2507725, 31.7781499 ], [ 35.2509804, 31.7783803 ], [ 35.2508599, 31.7785965 ], [ 35.2511666, 31.778688 ], [ 35.2513342, 31.778592 ], [ 35.2516342, 31.7786664 ], [ 35.2524644, 31.7783477 ], [ 35.2547602, 31.7780175 ], [ 35.25615, 31.7774362 ], [ 35.2570471, 31.7800796 ], [ 35.2570712, 31.7818707 ], [ 35.2569531, 31.7828837 ], [ 35.2571441, 31.7845477 ], [ 35.2573032, 31.7849137 ], [ 35.2576182, 31.7849427 ], [ 35.2596622, 31.7851296 ], [ 35.2598669, 31.7853785 ], [ 35.2590326, 31.785918 ], [ 35.2586108, 31.7864262 ] ] ] } },
{ "type": "Feature", "properties": { "CODE": 122, "SCHN_NAME": "גבעת חנניה - א", "Shape_STAr": 1217260.14708, "Shape_STLe": 5245.8714672400001 }, "geometry": { "type": "Polygon", "coordinates": [ [ [ 35.2316073, 31.7687397 ], [ 35.2312458, 31.768613 ], [ 35.2310326, 31.7685733 ], [ 35.2304874, 31.7685753 ], [ 35.229663, 31.7685392 ], [ 35.2294821, 31.7685564 ], [ 35.2293301, 31.768587 ], [ 35.2291089, 31.7686691 ], [ 35.2286329, 31.7688506 ], [ 35.2284363, 31.7689231 ], [ 35.2282899, 31.7690294 ], [ 35.2276042, 31.7696369 ], [ 35.2271983, 31.7700476 ], [ 35.2270676, 31.7701951 ], [ 35.2269168, 31.7703784 ], [ 35.2267979, 31.7706046 ], [ 35.2267444, 31.7708251 ], [ 35.2266657, 31.7709892 ], [ 35.2266728, 31.7712486 ], [ 35.2266554, 31.7713339 ], [ 35.2265721, 31.7713181 ], [ 35.2264887, 31.7713023 ], [ 35.2262791, 31.7712859 ], [ 35.2260579, 31.771279 ], [ 35.2259289, 31.7712675 ], [ 35.2258568, 31.7712403 ], [ 35.2257965, 31.7711877 ], [ 35.2256825, 31.7710628 ], [ 35.2256355, 31.7709641 ], [ 35.2255902, 31.770725 ], [ 35.2255483, 31.7703338 ], [ 35.22555, 31.7702629 ], [ 35.2255549, 31.7700247 ], [ 35.225559, 31.7698517 ], [ 35.2255674, 31.7697944 ], [ 35.2256434, 31.769592 ], [ 35.2257488, 31.7694007 ], [ 35.2259108, 31.7691978 ], [ 35.2260811, 31.7689568 ], [ 35.2262654, 31.7685893 ], [ 35.2263826, 31.76826 ], [ 35.2264328, 31.7680333 ], [ 35.2263737, 31.7677695 ], [ 35.2261981, 31.7674798 ], [ 35.2260007, 31.7671325 ], [ 35.2258461, 31.7668451 ], [ 35.225555, 31.7662936 ], [ 35.2254912, 31.7657731 ], [ 35.2254602, 31.7652775 ], [ 35.2253909, 31.7643826 ], [ 35.2253305, 31.7640097 ], [ 35.2252689, 31.7627905 ], [ 35.2252062, 31.7624007 ], [ 35.2253352, 31.762404 ], [ 35.2256472, 31.7624543 ], [ 35.2258744, 31.7624737 ], [ 35.2260071, 31.762408 ], [ 35.2262619, 31.7623722 ], [ 35.2265586, 31.7623065 ], [ 35.226782, 31.762217 ], [ 35.2269356, 31.7621126 ], [ 35.227145, 31.7619306 ], [ 35.2273509, 31.7617098 ], [ 35.2274905, 31.7615309 ], [ 35.2275429, 31.7614205 ], [ 35.2275672, 31.7611759 ], [ 35.2275422, 31.7609652 ], [ 35.2274125, 31.7604747 ], [ 35.2273454, 31.7601082 ], [ 35.2273409, 31.7599783 ], [ 35.2273632, 31.7598428 ], [ 35.2274123, 31.7597474 ], [ 35.2274726, 31.7596653 ], [ 35.2276535, 31.7594877 ], [ 35.2278747, 31.7593006 ], [ 35.2282722, 31.7590281 ], [ 35.2283873, 31.7589535 ], [ 35.2284362, 31.7588133 ], [ 35.2284275, 31.7586969 ], [ 35.2284191, 31.7585836 ], [ 35.2283488, 31.7584584 ], [ 35.2282301, 31.7582914 ], [ 35.2281951, 31.7581482 ], [ 35.2282091, 31.7580319 ], [ 35.2282761, 31.7578873 ], [ 35.2284587, 31.7577025 ], [ 35.2286513, 31.7575078 ], [ 35.2287251, 31.7573728 ], [ 35.2287425, 31.7572236 ], [ 35.2287215, 31.756979 ], [ 35.2287843, 31.7567732 ], [ 35.2290286, 31.7566688 ], [ 35.2292451, 31.7565673 ], [ 35.2294354, 31.7563746 ], [ 35.2294912, 31.7562529 ], [ 35.2295805, 31.7559737 ], [ 35.2296893, 31.7558019 ], [ 35.2298094, 31.7557136 ], [ 35.2299686, 31.7556491 ], [ 35.2301361, 31.7556205 ], [ 35.2303093, 31.75563 ], [ 35.2306528, 31.7557397 ], [ 35.2308818, 31.7557945 ], [ 35.2311387, 31.7558159 ], [ 35.231337, 31.7558135 ], [ 35.2315185, 31.7557657 ], [ 35.2321104, 31.7554793 ], [ 35.2324706, 31.7552501 ], [ 35.2327275, 31.7551403 ], [ 35.232728, 31.7551798 ], [ 35.2326815, 31.7559664 ], [ 35.2324572, 31.7569741 ], [ 35.2322373, 31.7580664 ], [ 35.2325507, 31.7588194 ], [ 35.2334886, 31.7590905 ], [ 35.2345051, 31.7592213 ], [ 35.2351668, 31.7593523 ], [ 35.2354775, 31.7595179 ], [ 35.2356513, 31.7598151 ], [ 35.2357377, 31.7601264 ], [ 35.2359679, 31.7603312 ], [ 35.2362652, 31.7604991 ], [ 35.2365098, 31.7606834 ], [ 35.2368167, 31.760839 ], [ 35.2372052, 31.7611338 ], [ 35.2374307, 31.7614451 ], [ 35.2378433, 31.7619817 ], [ 35.2379393, 31.7622438 ], [ 35.237901, 31.7625511 ], [ 35.237925, 31.76276 ], [ 35.238141, 31.7633581 ], [ 35.2381459, 31.7634605 ], [ 35.2379254, 31.7638293 ], [ 35.2378536, 31.7640218 ], [ 35.2378489, 31.7642308 ], [ 35.2375757, 31.7645791 ], [ 35.2374441, 31.7647161 ], [ 35.2371316, 31.7650003 ], [ 35.2369734, 31.7651642 ], [ 35.2365947, 31.7653609 ], [ 35.2363598, 31.765529 ], [ 35.2361249, 31.7658813 ], [ 35.2359525, 31.7663361 ], [ 35.2358519, 31.7665983 ], [ 35.2357108, 31.7669803 ], [ 35.2356199, 31.7672027 ], [ 35.2354905, 31.767394 ], [ 35.2354015, 31.7675484 ], [ 35.2352371, 31.7676775 ], [ 35.2349998, 31.767855 ], [ 35.2348256, 31.7680799 ], [ 35.2345494, 31.7683068 ], [ 35.234269, 31.7684866 ], [ 35.234084, 31.7686379 ], [ 35.2337148, 31.7686502 ], [ 35.2333167, 31.7686462 ], [ 35.2329155, 31.7687371 ], [ 35.2324785, 31.768774 ], [ 35.2320065, 31.7688156 ], [ 35.2317772, 31.7687972 ], [ 35.2316073, 31.7687397 ] ] ] } },
{ "type": "Feature", "properties": { "CODE": 28, "SCHN_NAME": "אום טובא", "Shape_STAr": 2234396.97034, "Shape_STLe": 8461.1303293799992 }, "geometry": { "type": "Polygon", "coordinates": [ [ [ 35.2432705, 31.7221483 ], [ 35.2421805, 31.7225674 ], [ 35.24109, 31.7228612 ], [ 35.2398985, 31.7232586 ], [ 35.2392821, 31.7236907 ], [ 35.2388891, 31.7244443 ], [ 35.2389703, 31.7254973 ], [ 35.2390313, 31.7266712 ], [ 35.2388094, 31.7274654 ], [ 35.2381633, 31.7281044 ], [ 35.2376181, 31.7285361 ], [ 35.2367149, 31.7297701 ], [ 35.2357622, 31.730509 ], [ 35.2350352, 31.7311112 ], [ 35.2346291, 31.7313699 ], [ 35.2341749, 31.7320012 ], [ 35.2341864, 31.7324576 ], [ 35.2341659, 31.7332422 ], [ 35.2342045, 31.7341762 ], [ 35.2341409, 31.7350502 ], [ 35.2340835, 31.7354052 ], [ 35.2339366, 31.7356019 ], [ 35.2337513, 31.7357604 ], [ 35.2335723, 31.7358751 ], [ 35.2334392, 31.7359219 ], [ 35.2333232, 31.7357813 ], [ 35.23321, 31.7357652 ], [ 35.2330563, 31.7358344 ], [ 35.2329539, 31.7358897 ], [ 35.2329646, 31.7360026 ], [ 35.2330085, 31.7361752 ], [ 35.2330611, 31.7363342 ], [ 35.2331623, 31.7365502 ], [ 35.2332331, 31.7366625 ], [ 35.2331324, 31.7366672 ], [ 35.2329921, 31.7366234 ], [ 35.2328977, 31.7365658 ], [ 35.2327494, 31.7364138 ], [ 35.2326442, 31.7363101 ], [ 35.2324851, 31.7362479 ], [ 35.2322064, 31.7362393 ], [ 35.2319399, 31.7363098 ], [ 35.2316627, 31.7364021 ], [ 35.2312286, 31.7364945 ], [ 35.2309028, 31.7365604 ], [ 35.2306647, 31.736646 ], [ 35.2304352, 31.7367967 ], [ 35.2298554, 31.737399 ], [ 35.2291653, 31.7380874 ], [ 35.2289256, 31.7382923 ], [ 35.228547, 31.7384931 ], [ 35.2283505, 31.7385833 ], [ 35.2281108, 31.7386243 ], [ 35.2275068, 31.7386859 ], [ 35.2270466, 31.7386696 ], [ 35.2265433, 31.7386082 ], [ 35.2261837, 31.738555 ], [ 35.2254695, 31.738551 ], [ 35.2252346, 31.7385388 ], [ 35.225086, 31.7385962 ], [ 35.2248027, 31.7386902 ], [ 35.2247217, 31.7381958 ], [ 35.2244806, 31.7374689 ], [ 35.2244337, 31.7374359 ], [ 35.2243487, 31.7373768 ], [ 35.2240947, 31.7366798 ], [ 35.2233517, 31.7353898 ], [ 35.2223787, 31.7343179 ], [ 35.2212267, 31.7338368 ], [ 35.2204363, 31.7323235 ], [ 35.2201291, 31.7317389 ], [ 35.219834, 31.731237 ], [ 35.220233, 31.7311701 ], [ 35.220597, 31.7311102 ], [ 35.2208531, 31.7310065 ], [ 35.2210252, 31.7308943 ], [ 35.2214789, 31.7306047 ], [ 35.2220201, 31.7302196 ], [ 35.2227246, 31.7298569 ], [ 35.2235538, 31.7296547 ], [ 35.2239565, 31.7295945 ], [ 35.2247106, 31.7294524 ], [ 35.2251043, 31.7293898 ], [ 35.2256076, 31.729276 ], [ 35.2260677, 31.7291131 ], [ 35.2265817, 31.7288764 ], [ 35.2271604, 31.7285107 ], [ 35.2279008, 31.7280036 ], [ 35.2287419, 31.7274227 ], [ 35.229154, 31.7271195 ], [ 35.2297914, 31.7266769 ], [ 35.2304479, 31.726136 ], [ 35.2311858, 31.7255337 ], [ 35.2321585, 31.7246363 ], [ 35.2326808, 31.7241036 ], [ 35.2329992, 31.7237746 ], [ 35.2337467, 31.7230093 ], [ 35.2341348, 31.7227481 ], [ 35.2345614, 31.7221972 ], [ 35.2351065, 31.7213857 ], [ 35.2356112, 31.7206777 ], [ 35.2363783, 31.71959 ], [ 35.2373875, 31.7179842 ], [ 35.2389307, 31.716002 ], [ 35.2412451, 31.7124566 ], [ 35.2417826, 31.7117537 ], [ 35.2425077, 31.7125898 ], [ 35.2425306, 31.7136445 ], [ 35.2425537, 31.7147037 ], [ 35.2427997, 31.7154718 ], [ 35.2429816, 31.7175788 ], [ 35.2430177, 31.7188497 ], [ 35.2431276, 31.7199027 ], [ 35.2435627, 31.7202748 ], [ 35.244681, 31.721413 ], [ 35.244422, 31.7216172 ], [ 35.2432705, 31.7221483 ] ] ] } },
{ "type": "Feature", "properties": { "CODE": 720, "SCHN_NAME": "אום ליסון", "Shape_STAr": 1198299.7146300001, "Shape_STLe": 5812.6710130399997 }, "geometry": { "type": "Polygon", "coordinates": [ [ [ 35.2407352, 31.7490238 ], [ 35.2402696, 31.7498687 ], [ 35.2400792, 31.7502716 ], [ 35.2396081, 31.7500659 ], [ 35.2390939, 31.7499001 ], [ 35.2386084, 31.749762 ], [ 35.2383922, 31.7496787 ], [ 35.2382771, 31.7495804 ], [ 35.2382159, 31.7494422 ], [ 35.2382086, 31.7492302 ], [ 35.2382517, 31.7490735 ], [ 35.23832, 31.7489075 ], [ 35.2384422, 31.7487293 ], [ 35.2385967, 31.7485633 ], [ 35.2388339, 31.7482744 ], [ 35.2391322, 31.7479333 ], [ 35.2395347, 31.7473986 ], [ 35.2398366, 31.7470329 ], [ 35.2400595, 31.7468085 ], [ 35.2401601, 31.7466733 ], [ 35.2402499, 31.7464858 ], [ 35.2402319, 31.7463322 ], [ 35.2401959, 31.7462339 ], [ 35.2401095, 31.7461448 ], [ 35.2399405, 31.7460066 ], [ 35.239642, 31.74585 ], [ 35.2394436, 31.7456759 ], [ 35.2393381, 31.745508 ], [ 35.2392709, 31.7453155 ], [ 35.2392612, 31.7450656 ], [ 35.2393186, 31.7447706 ], [ 35.2394479, 31.7441847 ], [ 35.2394525, 31.7438857 ], [ 35.2393422, 31.7435662 ], [ 35.2392031, 31.7433614 ], [ 35.2388923, 31.7431269 ], [ 35.2386334, 31.7430302 ], [ 35.2383098, 31.7429865 ], [ 35.2379889, 31.7429728 ], [ 35.2376333, 31.7430012 ], [ 35.2373457, 31.7431105 ], [ 35.2372497, 31.7426089 ], [ 35.2372722, 31.7420554 ], [ 35.2373971, 31.7416281 ], [ 35.2378288, 31.7413075 ], [ 35.2384877, 31.7409674 ], [ 35.2391012, 31.7405788 ], [ 35.2395556, 31.7402389 ], [ 35.2399417, 31.7398018 ], [ 35.2404187, 31.739151 ], [ 35.240748, 31.7384129 ], [ 35.2412022, 31.7377524 ], [ 35.2417815, 31.7371793 ], [ 35.242372, 31.7363635 ], [ 35.2432918, 31.7350037 ], [ 35.2447343, 31.7337991 ], [ 35.2464669, 31.7326971 ], [ 35.2472678, 31.7322816 ], [ 35.2478931, 31.7320523 ], [ 35.2482727, 31.7318899 ], [ 35.2485966, 31.7317753 ], [ 35.2489537, 31.7313075 ], [ 35.2496346, 31.7307441 ], [ 35.2503467, 31.7300967 ], [ 35.2511468, 31.7332877 ], [ 35.2509658, 31.7346207 ], [ 35.2510017, 31.7350857 ], [ 35.2515468, 31.7362007 ], [ 35.2516624, 31.7366557 ], [ 35.2513645, 31.7367523 ], [ 35.2507958, 31.7371445 ], [ 35.2499479, 31.7382583 ], [ 35.2494635, 31.7390483 ], [ 35.2485549, 31.7399291 ], [ 35.247631, 31.7405897 ], [ 35.2463285, 31.7415483 ], [ 35.2455258, 31.7422218 ], [ 35.2450137, 31.742732 ], [ 35.2446779, 31.7435039 ], [ 35.2446177, 31.7443973 ], [ 35.244224, 31.7451743 ], [ 35.2432547, 31.7459514 ], [ 35.2424903, 31.7467941 ], [ 35.2420864, 31.7472546 ], [ 35.2414735, 31.7480719 ], [ 35.2407352, 31.7490238 ] ] ] } },
{ "type": "Feature", "properties": { "CODE": 144, "SCHN_NAME": "אזור תעשיה גב", "Shape_STAr": 1442939.74676, "Shape_STLe": 6089.5694776600003 }, "geometry": { "type": "Polygon", "coordinates": [ [ [ 35.1800148, 31.785945 ], [ 35.1807949, 31.785003 ], [ 35.1815202, 31.7844037 ], [ 35.1822696, 31.7840625 ], [ 35.183069, 31.7837959 ], [ 35.1839557, 31.783636 ], [ 35.1851172, 31.7835616 ], [ 35.1866003, 31.7835618 ], [ 35.1876899, 31.7837539 ], [ 35.1886025, 31.7839061 ], [ 35.1889397, 31.7839512 ], [ 35.189531, 31.7838927 ], [ 35.1898975, 31.7838229 ], [ 35.1904458, 31.7836888 ], [ 35.1909378, 31.7836129 ], [ 35.1913856, 31.7835464 ], [ 35.1914642, 31.7835195 ], [ 35.1915218, 31.7836093 ], [ 35.1919748, 31.7845455 ], [ 35.1923856, 31.7857381 ], [ 35.1927543, 31.7868948 ], [ 35.1929597, 31.7875969 ], [ 35.1922175, 31.787609 ], [ 35.1914113, 31.7876055 ], [ 35.1908212, 31.7876161 ], [ 35.1903659, 31.7876175 ], [ 35.1895921, 31.7875956 ], [ 35.1894578, 31.7876666 ], [ 35.1895537, 31.7879124 ], [ 35.1897577, 31.7882719 ], [ 35.1897636, 31.788477 ], [ 35.189725, 31.7886694 ], [ 35.1894674, 31.7890506 ], [ 35.1890633, 31.7897707 ], [ 35.1887576, 31.7904592 ], [ 35.1887312, 31.7906843 ], [ 35.1887891, 31.7909318 ], [ 35.1889682, 31.7911568 ], [ 35.1891632, 31.7912694 ], [ 35.1896585, 31.791517 ], [ 35.1899377, 31.7916565 ], [ 35.1900905, 31.7917825 ], [ 35.1901906, 31.7919671 ], [ 35.1901853, 31.7920976 ], [ 35.1901273, 31.7923406 ], [ 35.1899918, 31.7926824 ], [ 35.1901874, 31.7927305 ], [ 35.1904097, 31.7927103 ], [ 35.1906557, 31.7926824 ], [ 35.1908253, 31.7927304 ], [ 35.1910001, 31.7930595 ], [ 35.191006, 31.7932671 ], [ 35.1912468, 31.7937329 ], [ 35.1914327, 31.7941228 ], [ 35.1916371, 31.7946652 ], [ 35.1916875, 31.7948671 ], [ 35.1909852, 31.7949899 ], [ 35.1903669, 31.7951738 ], [ 35.1899453, 31.7953738 ], [ 35.1894675, 31.7955978 ], [ 35.1888867, 31.7959978 ], [ 35.1884657, 31.7964482 ], [ 35.1882707, 31.7967722 ], [ 35.1881389, 31.7971008 ], [ 35.1878753, 31.7977038 ], [ 35.1877646, 31.7979513 ], [ 35.1876381, 31.7982078 ], [ 35.1874747, 31.7984238 ], [ 35.187111, 31.7986533 ], [ 35.1863205, 31.7988917 ], [ 35.1858567, 31.7991302 ], [ 35.1856382, 31.7983439 ], [ 35.1845745, 31.7984354 ], [ 35.1845353, 31.7980402 ], [ 35.1847299, 31.7971249 ], [ 35.1840192, 31.7970197 ], [ 35.1838928, 31.7974358 ], [ 35.1835674, 31.7973875 ], [ 35.1832, 31.7972753 ], [ 35.1824278, 31.7969876 ], [ 35.1829089, 31.7959314 ], [ 35.18394, 31.7947186 ], [ 35.1839552, 31.7943432 ], [ 35.1826294, 31.7939424 ], [ 35.181414, 31.7941145 ], [ 35.1796622, 31.7942788 ], [ 35.1796512, 31.7936202 ], [ 35.1796096, 31.7926658 ], [ 35.1794929, 31.7919393 ], [ 35.1794074, 31.7907079 ], [ 35.1795371, 31.790437 ], [ 35.1796491, 31.7898006 ], [ 35.1795474, 31.7885529 ], [ 35.1795184, 31.7882724 ], [ 35.1794611, 31.7877738 ], [ 35.1796245, 31.7876523 ], [ 35.1798142, 31.7875488 ], [ 35.1798827, 31.7873913 ], [ 35.1798565, 31.7871438 ], [ 35.1797282, 31.7867829 ], [ 35.1794964, 31.7862968 ], [ 35.1796018, 31.7862518 ], [ 35.1797829, 31.7861429 ], [ 35.1800148, 31.785945 ] ] ] } },
{ "type": "Feature", "properties": { "CODE": 716, "SCHN_NAME": "אזור תעשיה עט", "Shape_STAr": 1569881.09082, "Shape_STLe": 5457.4401104600001 }, "geometry": { "type": "Polygon", "coordinates": [ [ [ 35.2152418, 31.850514 ], [ 35.2158221, 31.8503494 ], [ 35.2170513, 31.8500052 ], [ 35.218173, 31.8496726 ], [ 35.2187604, 31.8495575 ], [ 35.2192406, 31.8495208 ], [ 35.2206732, 31.8495414 ], [ 35.2217797, 31.8495067 ], [ 35.2227043, 31.8494777 ], [ 35.2247162, 31.8493992 ], [ 35.2250122, 31.8494257 ], [ 35.2254796, 31.8494788 ], [ 35.2258145, 31.8494921 ], [ 35.226165, 31.8494521 ], [ 35.2264532, 31.8493922 ], [ 35.2267415, 31.8493855 ], [ 35.2270955, 31.8493958 ], [ 35.2259059, 31.8509396 ], [ 35.2254658, 31.8515231 ], [ 35.2249208, 31.8523034 ], [ 35.2247281, 31.8529477 ], [ 35.2246192, 31.8538282 ], [ 35.2246445, 31.8542327 ], [ 35.2247411, 31.8549413 ], [ 35.2249175, 31.8560079 ], [ 35.2252072, 31.8576936 ], [ 35.2255095, 31.8595368 ], [ 35.2255767, 31.8597551 ], [ 35.2257243, 31.8600762 ], [ 35.2259417, 31.8603957 ], [ 35.226439, 31.8610651 ], [ 35.2266776, 31.8614003 ], [ 35.2267664, 31.8615933 ], [ 35.2267367, 31.86162 ], [ 35.2262567, 31.8617074 ], [ 35.225495, 31.8614782 ], [ 35.2239398, 31.8612818 ], [ 35.2226765, 31.8611399 ], [ 35.220801, 31.8608367 ], [ 35.2157985, 31.8601098 ], [ 35.2155101, 31.8600732 ], [ 35.2150628, 31.8600541 ], [ 35.2122992, 31.8597725 ], [ 35.2114989, 31.8596504 ], [ 35.2115475, 31.8588168 ], [ 35.2114985, 31.8583969 ], [ 35.2107959, 31.8555726 ], [ 35.2110902, 31.8543953 ], [ 35.2111539, 31.8541399 ], [ 35.2110644, 31.8532803 ], [ 35.2108852, 31.8518858 ], [ 35.2108628, 31.8511407 ], [ 35.2108456, 31.851004 ], [ 35.2127759, 31.8510457 ], [ 35.2138914, 31.8509312 ], [ 35.2144566, 31.8508302 ], [ 35.2148229, 31.8506828 ], [ 35.2150158, 31.8505869 ], [ 35.2150902, 31.8505584 ], [ 35.2152418, 31.850514 ] ] ] } },
{ "type": "Feature", "properties": { "CODE": 744, "SCHN_NAME": "אמריקן קולונ", "Shape_STAr": 177775.61828600001, "Shape_STLe": 1964.5749224900001 }, "geometry": { "type": "Polygon", "coordinates": [ [ [ 35.2289576, 31.7917438 ], [ 35.2288575, 31.7917303 ], [ 35.2287629, 31.7915622 ], [ 35.2287193, 31.7912989 ], [ 35.2288535, 31.7906036 ], [ 35.2289524, 31.7901048 ], [ 35.2290153, 31.7896854 ], [ 35.2289278, 31.7892488 ], [ 35.2287967, 31.7888151 ], [ 35.2287907, 31.7885974 ], [ 35.2288767, 31.7884632 ], [ 35.2290722, 31.7882353 ], [ 35.2294522, 31.7879242 ], [ 35.231004, 31.7883425 ], [ 35.2314796, 31.7874477 ], [ 35.23155, 31.787417 ], [ 35.2316686, 31.7874097 ], [ 35.2317274, 31.7876423 ], [ 35.2318084, 31.787795 ], [ 35.2319747, 31.7879751 ], [ 35.2322066, 31.78816 ], [ 35.2324427, 31.7883019 ], [ 35.2327515, 31.7884212 ], [ 35.2329973, 31.7884629 ], [ 35.2332526, 31.7884698 ], [ 35.233672, 31.788415 ], [ 35.2340644, 31.7883278 ], [ 35.2345421, 31.7881595 ], [ 35.2349215, 31.7879909 ], [ 35.2351788, 31.7884989 ], [ 35.2352709, 31.7887348 ], [ 35.235454, 31.7891834 ], [ 35.2343354, 31.7895876 ], [ 35.2337989, 31.789883 ], [ 35.2336381, 31.7900376 ], [ 35.233123, 31.7904683 ], [ 35.2327351, 31.7909967 ], [ 35.2314982, 31.7912973 ], [ 35.2297398, 31.7915981 ], [ 35.2289576, 31.7917438 ] ] ] } },
{ "type": "Feature", "properties": { "CODE": 46, "SCHN_NAME": "ארזי הבירה", "Shape_STAr": 78409.874740600004, "Shape_STLe": 1318.6331558500001 }, "geometry": { "type": "Polygon", "coordinates": [ [ [ 35.2265925, 31.793564 ], [ 35.2259532, 31.7936249 ], [ 35.2251668, 31.7938241 ], [ 35.2247163, 31.7939187 ], [ 35.2244461, 31.7939785 ], [ 35.2236614, 31.794157 ], [ 35.2231702, 31.7942401 ], [ 35.2226381, 31.7941922 ], [ 35.2223311, 31.7940611 ], [ 35.2219422, 31.7937946 ], [ 35.2218143, 31.7936242 ], [ 35.2219268, 31.7935153 ], [ 35.2226925, 31.7930171 ], [ 35.223107, 31.792657 ], [ 35.2232546, 31.7925581 ], [ 35.2235429, 31.7922669 ], [ 35.2239881, 31.7925159 ], [ 35.2241058, 31.7925727 ], [ 35.2246429, 31.7924372 ], [ 35.224868, 31.7923017 ], [ 35.2251237, 31.7917073 ], [ 35.2255381, 31.7914844 ], [ 35.2258706, 31.7915106 ], [ 35.2262134, 31.7913925 ], [ 35.2264743, 31.7912701 ], [ 35.2264536, 31.7916943 ], [ 35.2264373, 31.7922884 ], [ 35.2264889, 31.7930782 ], [ 35.2265925, 31.793564 ] ] ] } },
{ "type": "Feature", "properties": { "CODE": 48, "SCHN_NAME": "ארנונה", "Shape_STAr": 298730.42344699998, "Shape_STLe": 2314.9931266 }, "geometry": { "type": "Polygon", "coordinates": [ [ [ 35.2185896, 31.7492112 ], [ 35.2178881, 31.7478584 ], [ 35.2172457, 31.7466034 ], [ 35.2168367, 31.7458042 ], [ 35.2160917, 31.7445648 ], [ 35.2162257, 31.7445109 ], [ 35.2163127, 31.7446229 ], [ 35.2187968, 31.7435948 ], [ 35.2188097, 31.7435578 ], [ 35.2188988, 31.7433099 ], [ 35.2200507, 31.7429599 ], [ 35.2202117, 31.7430848 ], [ 35.2202348, 31.7430598 ], [ 35.2202957, 31.7430148 ], [ 35.2203197, 31.7429989 ], [ 35.2203717, 31.7429458 ], [ 35.2204258, 31.7428939 ], [ 35.2204627, 31.7428469 ], [ 35.2204767, 31.7428829 ], [ 35.2204957, 31.7429828 ], [ 35.2205067, 31.7430329 ], [ 35.2205197, 31.7430688 ], [ 35.2205318, 31.7430898 ], [ 35.2205607, 31.7431128 ], [ 35.2206108, 31.7431478 ], [ 35.2206367, 31.7431738 ], [ 35.2206828, 31.7432249 ], [ 35.2207018, 31.7432489 ], [ 35.2207278, 31.7432819 ], [ 35.2207497, 31.7433159 ], [ 35.2207638, 31.7433419 ], [ 35.2207747, 31.7433759 ], [ 35.2207937, 31.7434319 ], [ 35.2208118, 31.7434738 ], [ 35.2208467, 31.7435418 ], [ 35.2208718, 31.7435748 ], [ 35.2210638, 31.7434588 ], [ 35.2211327, 31.7434179 ], [ 35.2211767, 31.7433868 ], [ 35.2212057, 31.7433738 ], [ 35.2212267, 31.7433538 ], [ 35.2213427, 31.7434328 ], [ 35.2214397, 31.7435039 ], [ 35.2215567, 31.7435938 ], [ 35.2216537, 31.7436689 ], [ 35.2217517, 31.7437119 ], [ 35.2217997, 31.7437248 ], [ 35.2220078, 31.7438419 ], [ 35.2220578, 31.7438659 ], [ 35.2221247, 31.7438948 ], [ 35.2222168, 31.7439578 ], [ 35.2222708, 31.7439948 ], [ 35.2223127, 31.7440248 ], [ 35.2223857, 31.7440799 ], [ 35.2224568, 31.7441338 ], [ 35.2224888, 31.7441568 ], [ 35.2225027, 31.7441668 ], [ 35.2225637, 31.7442098 ], [ 35.2226228, 31.7442489 ], [ 35.2226647, 31.7442798 ], [ 35.2226807, 31.7442908 ], [ 35.2227167, 31.7443289 ], [ 35.2227298, 31.7443428 ], [ 35.2224887, 31.7445479 ], [ 35.2224298, 31.7446489 ], [ 35.2223868, 31.7447238 ], [ 35.2224637, 31.7447218 ], [ 35.2224997, 31.7447218 ], [ 35.2228498, 31.7451008 ], [ 35.2228598, 31.7451279 ], [ 35.2228777, 31.7451688 ], [ 35.2233147, 31.7463482 ], [ 35.2233898, 31.7465618 ], [ 35.2234748, 31.7467569 ], [ 35.2236067, 31.7470328 ], [ 35.2232962, 31.7471952 ], [ 35.2225339, 31.7474244 ], [ 35.2217699, 31.7476408 ], [ 35.2217364, 31.7476599 ], [ 35.2217141, 31.7477052 ], [ 35.2217382, 31.7477824 ], [ 35.2218974, 31.7482262 ], [ 35.2218957, 31.7482779 ], [ 35.2218678, 31.7483137 ], [ 35.2205247, 31.7486718 ], [ 35.2191202, 31.7490609 ], [ 35.2185896, 31.7492112 ] ] ] } },
{ "type": "Feature", "properties": { "CODE": 52, "SCHN_NAME": "באב א זהרה", "Shape_STAr": 295926.101242, "Shape_STLe": 2464.6970016800001 }, "geometry": { "type": "Polygon", "coordinates": [ [ [ 35.2362852, 31.7836384 ], [ 35.2365239, 31.7836971 ], [ 35.2366595, 31.7837039 ], [ 35.2366555, 31.7837402 ], [ 35.2367627, 31.7837523 ], [ 35.2368816, 31.7838005 ], [ 35.2370091, 31.7838765 ], [ 35.2371467, 31.7839301 ], [ 35.2372174, 31.7839566 ], [ 35.237113, 31.7841598 ], [ 35.2369976, 31.7846402 ], [ 35.2368822, 31.7850807 ], [ 35.2369201, 31.7853883 ], [ 35.2370491, 31.7857786 ], [ 35.2373766, 31.7864909 ], [ 35.2374762, 31.7867615 ], [ 35.2374684, 31.7871159 ], [ 35.2373056, 31.7874459 ], [ 35.2369985, 31.7877254 ], [ 35.2366719, 31.7879761 ], [ 35.2364874, 31.7880559 ], [ 35.236114, 31.7881585 ], [ 35.235525, 31.7883865 ], [ 35.2351788, 31.7884989 ], [ 35.2349215, 31.7879909 ], [ 35.2345421, 31.7881595 ], [ 35.2340644, 31.7883278 ], [ 35.233672, 31.788415 ], [ 35.2332526, 31.7884698 ], [ 35.2329973, 31.7884629 ], [ 35.2327515, 31.7884212 ], [ 35.2324427, 31.7883019 ], [ 35.2322066, 31.78816 ], [ 35.2319747, 31.7879751 ], [ 35.2318084, 31.787795 ], [ 35.2317274, 31.7876423 ], [ 35.2316686, 31.7874097 ], [ 35.23155, 31.787417 ], [ 35.2314796, 31.7874477 ], [ 35.231004, 31.7883425 ], [ 35.2294522, 31.7879242 ], [ 35.2297735, 31.7876136 ], [ 35.2300474, 31.7872895 ], [ 35.2303424, 31.7869744 ], [ 35.2306742, 31.7865828 ], [ 35.2307953, 31.7863397 ], [ 35.2309954, 31.7858941 ], [ 35.2311481, 31.7856286 ], [ 35.2314431, 31.7851649 ], [ 35.2319077, 31.7845561 ], [ 35.2323344, 31.7843687 ], [ 35.2324737, 31.7842623 ], [ 35.2327374, 31.7840193 ], [ 35.2332055, 31.7836926 ], [ 35.2335344, 31.783447 ], [ 35.2337211, 31.7833229 ], [ 35.233685, 31.7830393 ], [ 35.2337052, 31.7829822 ], [ 35.234114, 31.7830841 ], [ 35.2341038, 31.78311 ], [ 35.2341625, 31.7831239 ], [ 35.2341747, 31.7830945 ], [ 35.2345328, 31.7831722 ], [ 35.2345247, 31.7832015 ], [ 35.2346967, 31.783243 ], [ 35.2347088, 31.7832101 ], [ 35.2349355, 31.7832688 ], [ 35.2349016, 31.7833486 ], [ 35.2350063, 31.783376 ], [ 35.2349922, 31.783414 ], [ 35.2350853, 31.7834382 ], [ 35.2351075, 31.7834088 ], [ 35.2353948, 31.7834744 ], [ 35.2353956, 31.7834566 ], [ 35.2358177, 31.7835503 ], [ 35.2358097, 31.7835866 ], [ 35.2358845, 31.7836039 ], [ 35.2358906, 31.7835693 ], [ 35.2361961, 31.7836436 ], [ 35.2361941, 31.783666 ], [ 35.236271, 31.7836833 ], [ 35.2362852, 31.7836384 ] ] ] } },
{ "type": "Feature", "properties": { "CODE": 56, "SCHN_NAME": "בית הכרם", "Shape_STAr": 1610157.9424699999, "Shape_STLe": 5774.6307497400003 }, "geometry": { "type": "Polygon", "coordinates": [ [ [ 35.1925329, 31.7827868 ], [ 35.1922987, 31.7829388 ], [ 35.1918584, 31.7832348 ], [ 35.191547, 31.7834788 ], [ 35.1914736, 31.7835195 ], [ 35.191395, 31.7835464 ], [ 35.1909471, 31.7836129 ], [ 35.1904551, 31.7836888 ], [ 35.1899068, 31.7838229 ], [ 35.1895403, 31.7838927 ], [ 35.1889397, 31.7839512 ], [ 35.1886025, 31.7839061 ], [ 35.1876899, 31.7837539 ], [ 35.1866003, 31.7835618 ], [ 35.1851266, 31.7835616 ], [ 35.1850007, 31.7832395 ], [ 35.1848541, 31.783 ], [ 35.1844945, 31.7827569 ], [ 35.1841113, 31.7825442 ], [ 35.1837082, 31.7824023 ], [ 35.1833605, 31.7823449 ], [ 35.1829733, 31.7823178 ], [ 35.1824872, 31.7823346 ], [ 35.1822936, 31.7823143 ], [ 35.1820921, 31.7822333 ], [ 35.1818455, 31.7820287 ], [ 35.1815943, 31.7816763 ], [ 35.1813455, 31.7813859 ], [ 35.1809227, 31.7809707 ], [ 35.1804098, 31.7805191 ], [ 35.1804528, 31.7804601 ], [ 35.1805009, 31.780382 ], [ 35.1805099, 31.780329 ], [ 35.1804909, 31.7802181 ], [ 35.1804519, 31.7800791 ], [ 35.1803309, 31.7796731 ], [ 35.1802569, 31.779548 ], [ 35.1802098, 31.7795 ], [ 35.181019, 31.7773983 ], [ 35.1812821, 31.7769427 ], [ 35.1817882, 31.7765491 ], [ 35.1822887, 31.7763736 ], [ 35.1828699, 31.7763076 ], [ 35.1836713, 31.7761493 ], [ 35.1839834, 31.7760717 ], [ 35.1841731, 31.7759873 ], [ 35.1844874, 31.7758228 ], [ 35.184778, 31.7756238 ], [ 35.1850872, 31.7752938 ], [ 35.185853, 31.7745258 ], [ 35.1863348, 31.7740681 ], [ 35.1869694, 31.7734743 ], [ 35.1873109, 31.7731341 ], [ 35.187823, 31.7726238 ], [ 35.1887043, 31.7718341 ], [ 35.1891469, 31.7712603 ], [ 35.1894038, 31.7708114 ], [ 35.1895698, 31.7703625 ], [ 35.1900703, 31.7690174 ], [ 35.1903795, 31.7685614 ], [ 35.1910351, 31.7679694 ], [ 35.1918874, 31.7675374 ], [ 35.1929738, 31.7672655 ], [ 35.1939759, 31.7669535 ], [ 35.1942945, 31.7675083 ], [ 35.194694, 31.7683476 ], [ 35.1950102, 31.7693006 ], [ 35.1948725, 31.7704835 ], [ 35.1943665, 31.7728912 ], [ 35.1941253, 31.7741214 ], [ 35.1939395, 31.7751055 ], [ 35.1938288, 31.7760551 ], [ 35.1938919, 31.7771352 ], [ 35.1940341, 31.7779093 ], [ 35.1943554, 31.7786879 ], [ 35.1946398, 31.779327 ], [ 35.1952719, 31.7801687 ], [ 35.1965784, 31.781798 ], [ 35.1970473, 31.7823426 ], [ 35.1965267, 31.7824721 ], [ 35.1955678, 31.7826971 ], [ 35.1951937, 31.7827871 ], [ 35.1950514, 31.7828591 ], [ 35.1949408, 31.7830121 ], [ 35.1948723, 31.7832371 ], [ 35.1944718, 31.783163 ], [ 35.1939566, 31.783059 ], [ 35.1935164, 31.7829309 ], [ 35.1931417, 31.7828109 ], [ 35.1928326, 31.7827628 ], [ 35.1925329, 31.7827868 ] ] ] } },
{ "type": "Feature", "properties": { "CODE": 60, "SCHN_NAME": "בית וגן", "Shape_STAr": 1326163.25942, "Shape_STLe": 5987.77332243 }, "geometry": { "type": "Polygon", "coordinates": [ [ [ 35.1931525, 31.7642897 ], [ 35.1931398, 31.7648797 ], [ 35.1932708, 31.7654958 ], [ 35.1935423, 31.7661199 ], [ 35.1939759, 31.7669535 ], [ 35.1929738, 31.7672655 ], [ 35.1918874, 31.7675374 ], [ 35.1910351, 31.7679694 ], [ 35.1903795, 31.7685614 ], [ 35.1900703, 31.7690174 ], [ 35.1895698, 31.7703625 ], [ 35.1894038, 31.7708114 ], [ 35.1891469, 31.7712603 ], [ 35.1887043, 31.7718341 ], [ 35.187823, 31.7726238 ], [ 35.1873109, 31.7731341 ], [ 35.1869694, 31.7734743 ], [ 35.1863348, 31.7740681 ], [ 35.185853, 31.7745258 ], [ 35.1850872, 31.7752938 ], [ 35.184778, 31.7756238 ], [ 35.1844874, 31.7758228 ], [ 35.1841731, 31.7759873 ], [ 35.1839006, 31.7754337 ], [ 35.1836105, 31.7749108 ], [ 35.1833137, 31.774414 ], [ 35.1831284, 31.7741148 ], [ 35.1829645, 31.7738626 ], [ 35.1824776, 31.7731584 ], [ 35.1821874, 31.7725663 ], [ 35.181901, 31.7719366 ], [ 35.1818777, 31.7718561 ], [ 35.1818216, 31.7716619 ], [ 35.1811441, 31.7701017 ], [ 35.1810997, 31.769516 ], [ 35.1812839, 31.7692757 ], [ 35.181591, 31.7686203 ], [ 35.1817292, 31.768227 ], [ 35.1818367, 31.7678425 ], [ 35.1822971, 31.7674755 ], [ 35.1824659, 31.7672789 ], [ 35.1814738, 31.7666713 ], [ 35.1814906, 31.7658873 ], [ 35.1820314, 31.7658034 ], [ 35.1821081, 31.7657707 ], [ 35.1821325, 31.7657349 ], [ 35.1821699, 31.7655784 ], [ 35.1821954, 31.7653591 ], [ 35.1821711, 31.765034 ], [ 35.1821417, 31.764927 ], [ 35.1824295, 31.7648853 ], [ 35.1824658, 31.764683 ], [ 35.1823664, 31.7642541 ], [ 35.1823455, 31.7641645 ], [ 35.1823257, 31.7640666 ], [ 35.1823534, 31.7639653 ], [ 35.1827277, 31.7639749 ], [ 35.1830411, 31.7639711 ], [ 35.18331, 31.7639465 ], [ 35.1836909, 31.763906 ], [ 35.1840148, 31.7639022 ], [ 35.1839842, 31.763455 ], [ 35.183929, 31.7631514 ], [ 35.1839308, 31.7624514 ], [ 35.1838924, 31.7620677 ], [ 35.1838917, 31.7617902 ], [ 35.1840279, 31.7615817 ], [ 35.1841173, 31.7614696 ], [ 35.1843519, 31.7613575 ], [ 35.1845516, 31.7612585 ], [ 35.184634, 31.761212 ], [ 35.1846871, 31.7611702 ], [ 35.1846997, 31.761107 ], [ 35.184676, 31.7610259 ], [ 35.1846285, 31.7609746 ], [ 35.1845545, 31.7608898 ], [ 35.1844456, 31.7607765 ], [ 35.1843354, 31.760508 ], [ 35.1841511, 31.7601549 ], [ 35.1841372, 31.7600964 ], [ 35.1842643, 31.7595404 ], [ 35.1848287, 31.7593241 ], [ 35.1851888, 31.7602858 ], [ 35.1852949, 31.7606429 ], [ 35.1854297, 31.7611108 ], [ 35.1856573, 31.7610655 ], [ 35.1858433, 31.7610103 ], [ 35.1860176, 31.7609641 ], [ 35.1862173, 31.7609105 ], [ 35.1863416, 31.7608592 ], [ 35.1865078, 31.7607912 ], [ 35.1867117, 31.7607173 ], [ 35.1868695, 31.7607591 ], [ 35.1870733, 31.7607794 ], [ 35.1874026, 31.7608346 ], [ 35.1875976, 31.7608762 ], [ 35.1877608, 31.7609337 ], [ 35.187924, 31.7610462 ], [ 35.188082, 31.7612353 ], [ 35.1881979, 31.7614783 ], [ 35.1883348, 31.7616943 ], [ 35.1894327, 31.7612279 ], [ 35.1896081, 31.7611667 ], [ 35.1897338, 31.7611787 ], [ 35.1899824, 31.7611942 ], [ 35.1904292, 31.761168 ], [ 35.1904879, 31.7609318 ], [ 35.1905138, 31.7604364 ], [ 35.1904954, 31.7602804 ], [ 35.1904317, 31.7600986 ], [ 35.1903195, 31.7599296 ], [ 35.1901637, 31.7595874 ], [ 35.1900749, 31.7593986 ], [ 35.1901846, 31.7593852 ], [ 35.1903278, 31.7593643 ], [ 35.1905791, 31.759427 ], [ 35.1908968, 31.7595642 ], [ 35.1911411, 31.7596179 ], [ 35.1913436, 31.7595464 ], [ 35.1914833, 31.7593495 ], [ 35.1916858, 31.7591438 ], [ 35.1917696, 31.7590811 ], [ 35.1922547, 31.759454 ], [ 35.1923281, 31.759451 ], [ 35.1928692, 31.7591797 ], [ 35.1932148, 31.7590842 ], [ 35.1936646, 31.7590787 ], [ 35.1939969, 31.7601275 ], [ 35.1940096, 31.7605863 ], [ 35.1939584, 31.7613674 ], [ 35.1937537, 31.7620393 ], [ 35.1935491, 31.7626347 ], [ 35.1932421, 31.7635687 ], [ 35.1931525, 31.7642897 ] ] ] } },
{ "type": "Feature", "properties": { "CODE": 64, "SCHN_NAME": "בית חנינא", "Shape_STAr": 6304861.9735899996, "Shape_STLe": 11397.844175099999 }, "geometry": { "type": "Polygon", "coordinates": [ [ [ 35.2270955, 31.8493958 ], [ 35.2267415, 31.8493855 ], [ 35.2264532, 31.8493922 ], [ 35.226165, 31.8494521 ], [ 35.2258145, 31.8494921 ], [ 35.2254796, 31.8494788 ], [ 35.2250122, 31.8494257 ], [ 35.2247162, 31.8493992 ], [ 35.2227043, 31.8494777 ], [ 35.2217797, 31.8495067 ], [ 35.2206732, 31.8495414 ], [ 35.2192406, 31.8495208 ], [ 35.2187604, 31.8495575 ], [ 35.218173, 31.8496726 ], [ 35.2170513, 31.8500052 ], [ 35.2160909, 31.8502746 ], [ 35.2152418, 31.850514 ], [ 35.2150902, 31.8505584 ], [ 35.2150158, 31.8505869 ], [ 35.2148229, 31.8506828 ], [ 35.2144566, 31.8508302 ], [ 35.2138914, 31.8509312 ], [ 35.2127759, 31.8510457 ], [ 35.2108456, 31.851004 ], [ 35.2107732, 31.8503193 ], [ 35.2108179, 31.8489248 ], [ 35.2109521, 31.8480843 ], [ 35.2111534, 31.8470909 ], [ 35.21131, 31.8459256 ], [ 35.2115561, 31.8448367 ], [ 35.2116679, 31.8436141 ], [ 35.2118916, 31.8423915 ], [ 35.2120034, 31.841188 ], [ 35.2119361, 31.8398317 ], [ 35.2118465, 31.8383035 ], [ 35.2118016, 31.8363359 ], [ 35.2117119, 31.8346166 ], [ 35.2117789, 31.8324771 ], [ 35.2119802, 31.83135 ], [ 35.2122262, 31.8301083 ], [ 35.2125825, 31.828899 ], [ 35.2126512, 31.8286374 ], [ 35.2126837, 31.8273266 ], [ 35.2123665, 31.8260859 ], [ 35.2121815, 31.8252738 ], [ 35.2121814, 31.8243038 ], [ 35.2121549, 31.823221 ], [ 35.2122869, 31.822251 ], [ 35.2121812, 31.8214615 ], [ 35.2138052, 31.8210844 ], [ 35.2156839, 31.8206482 ], [ 35.2168156, 31.8203555 ], [ 35.2184665, 31.8205149 ], [ 35.2195152, 31.8206921 ], [ 35.2202109, 31.8206388 ], [ 35.2219137, 31.820807 ], [ 35.2229936, 31.8213477 ], [ 35.2240839, 31.8216135 ], [ 35.2246133, 31.8212233 ], [ 35.225776, 31.8205316 ], [ 35.2265443, 31.8202655 ], [ 35.2277074, 31.8200198 ], [ 35.2284932, 31.8199239 ], [ 35.2297547, 31.81989 ], [ 35.2302759, 31.8196692 ], [ 35.2307182, 31.8194448 ], [ 35.2311017, 31.8193898 ], [ 35.2314803, 31.819381 ], [ 35.2322732, 31.8194818 ], [ 35.2326236, 31.819493 ], [ 35.2328519, 31.8194891 ], [ 35.2331903, 31.8194276 ], [ 35.2331904, 31.8195612 ], [ 35.2332498, 31.8201391 ], [ 35.2338213, 31.8217137 ], [ 35.2346085, 31.8230932 ], [ 35.2352816, 31.8243896 ], [ 35.2357726, 31.8253936 ], [ 35.2360351, 31.8259967 ], [ 35.2360987, 31.8263759 ], [ 35.2361369, 31.8267623 ], [ 35.2361709, 31.8272138 ], [ 35.2361794, 31.8275027 ], [ 35.2360527, 31.8281709 ], [ 35.2357865, 31.8288933 ], [ 35.235537, 31.8293593 ], [ 35.2351819, 31.8298722 ], [ 35.2348436, 31.8303274 ], [ 35.2337272, 31.8317471 ], [ 35.2332578, 31.8323973 ], [ 35.2323317, 31.8336038 ], [ 35.2318665, 31.8342396 ], [ 35.2312575, 31.8350126 ], [ 35.2301622, 31.8363889 ], [ 35.2297689, 31.8369379 ], [ 35.2296763, 31.8372048 ], [ 35.2297033, 31.837633 ], [ 35.2297496, 31.8384236 ], [ 35.2303448, 31.8386652 ], [ 35.2308727, 31.8389683 ], [ 35.2311751, 31.839128 ], [ 35.231587, 31.838966 ], [ 35.2321291, 31.8386798 ], [ 35.2327085, 31.8383216 ], [ 35.232831, 31.8382507 ], [ 35.2329496, 31.8382237 ], [ 35.2330643, 31.8382979 ], [ 35.2332865, 31.8386757 ], [ 35.2335357, 31.8386424 ], [ 35.2337382, 31.8387354 ], [ 35.2339019, 31.8390059 ], [ 35.233715, 31.839161 ], [ 35.2340267, 31.8395931 ], [ 35.2332323, 31.8398459 ], [ 35.2331094, 31.8402707 ], [ 35.2330067, 31.8402693 ], [ 35.2321284, 31.8404349 ], [ 35.2321747, 31.840668 ], [ 35.2323153, 31.8413962 ], [ 35.2322985, 31.8418228 ], [ 35.2314044, 31.8419057 ], [ 35.2300831, 31.8420456 ], [ 35.2299815, 31.8426545 ], [ 35.2298917, 31.8431939 ], [ 35.2297685, 31.8436869 ], [ 35.2297361, 31.8438378 ], [ 35.2298141, 31.8441397 ], [ 35.2295473, 31.8442014 ], [ 35.2293821, 31.8442867 ], [ 35.2292466, 31.8446781 ], [ 35.2291314, 31.8449661 ], [ 35.2292612, 31.8450129 ], [ 35.2293391, 31.845168 ], [ 35.2292007, 31.8452591 ], [ 35.2291142, 31.8453945 ], [ 35.2290583, 31.845396 ], [ 35.2289157, 31.8458447 ], [ 35.2288525, 31.8460746 ], [ 35.2288769, 31.8462809 ], [ 35.2287222, 31.8468519 ], [ 35.2284974, 31.8476819 ], [ 35.2284279, 31.8478069 ], [ 35.2283517, 31.8479592 ], [ 35.2281458, 31.8482168 ], [ 35.2278895, 31.848635 ], [ 35.2276121, 31.8489521 ], [ 35.2274322, 31.8491987 ], [ 35.2272126, 31.8494778 ], [ 35.2270955, 31.8493958 ] ] ] } },
{ "type": "Feature", "properties": { "CODE": 72, "SCHN_NAME": "בית ישראל", "Shape_STAr": 212959.003616, "Shape_STLe": 2003.2763952600001 }, "geometry": { "type": "Polygon", "coordinates": [ [ [ 35.2265719, 31.7875883 ], [ 35.2260978, 31.7882589 ], [ 35.225687, 31.7888936 ], [ 35.2253709, 31.7893752 ], [ 35.2252172, 31.7896806 ], [ 35.225018, 31.7899693 ], [ 35.2248375, 31.7903468 ], [ 35.2243398, 31.7912293 ], [ 35.2240147, 31.7917013 ], [ 35.2235429, 31.7922669 ], [ 35.2232546, 31.7925581 ], [ 35.223107, 31.792657 ], [ 35.2228355, 31.7924466 ], [ 35.2226725, 31.7923024 ], [ 35.2224144, 31.7920124 ], [ 35.222197, 31.7918165 ], [ 35.2221594, 31.7917294 ], [ 35.2220379, 31.7915936 ], [ 35.2220076, 31.7915179 ], [ 35.2218108, 31.7912669 ], [ 35.2216846, 31.7911311 ], [ 35.2215777, 31.7909974 ], [ 35.2213367, 31.7907034 ], [ 35.2212705, 31.7906573 ], [ 35.221251, 31.7905453 ], [ 35.2211668, 31.7904286 ], [ 35.2207117, 31.7898587 ], [ 35.2203762, 31.7894271 ], [ 35.2208096, 31.789184 ], [ 35.2210185, 31.7890416 ], [ 35.2210697, 31.7889675 ], [ 35.2210348, 31.7888942 ], [ 35.2208258, 31.7887309 ], [ 35.2207013, 31.7886346 ], [ 35.2206685, 31.7885925 ], [ 35.2206751, 31.7885413 ], [ 35.220764, 31.7882546 ], [ 35.2207862, 31.788097 ], [ 35.2207568, 31.7879772 ], [ 35.2208685, 31.7879059 ], [ 35.2211436, 31.787783 ], [ 35.2213339, 31.7877087 ], [ 35.2215267, 31.7876503 ], [ 35.2216886, 31.7876253 ], [ 35.2219621, 31.7875769 ], [ 35.2220988, 31.7875626 ], [ 35.2222755, 31.7875099 ], [ 35.2225422, 31.7874159 ], [ 35.2228889, 31.7872848 ], [ 35.2231306, 31.7871865 ], [ 35.2232438, 31.7873033 ], [ 35.2233594, 31.787397 ], [ 35.2239697, 31.7872804 ], [ 35.2249391, 31.7870373 ], [ 35.2262293, 31.7867505 ], [ 35.2264683, 31.7866725 ], [ 35.2265858, 31.786813 ], [ 35.2266955, 31.7869319 ], [ 35.2267411, 31.7870876 ], [ 35.2266849, 31.7873889 ], [ 35.2265719, 31.7875883 ] ] ] } },
{ "type": "Feature", "properties": { "CODE": 76, "SCHN_NAME": "בית צפפא,שרפת", "Shape_STAr": 2463233.7262800001, "Shape_STLe": 8935.2185760199991 }, "geometry": { "type": "Polygon", "coordinates": [ [ [ 35.2052227, 31.7498244 ], [ 35.204886, 31.7506082 ], [ 35.2047949, 31.7507721 ], [ 35.2046463, 31.7507885 ], [ 35.2040565, 31.7507598 ], [ 35.2034525, 31.7508704 ], [ 35.202975, 31.750983 ], [ 35.2029995, 31.750638 ], [ 35.2029894, 31.7503655 ], [ 35.2029714, 31.74988 ], [ 35.2029971, 31.7496293 ], [ 35.2030517, 31.7494323 ], [ 35.2030779, 31.7492128 ], [ 35.2028534, 31.7491938 ], [ 35.2028352, 31.7491143 ], [ 35.2023579, 31.7488637 ], [ 35.2020969, 31.7488672 ], [ 35.201832, 31.7488572 ], [ 35.2016541, 31.748954 ], [ 35.2014614, 31.7488664 ], [ 35.2011833, 31.749104 ], [ 35.2005744, 31.749186 ], [ 35.2002983, 31.7490558 ], [ 35.1999746, 31.7495212 ], [ 35.1991902, 31.7506483 ], [ 35.198761, 31.7511435 ], [ 35.1985975, 31.7512432 ], [ 35.1983649, 31.7506573 ], [ 35.198278, 31.7500886 ], [ 35.1972085, 31.7504839 ], [ 35.1965253, 31.750702 ], [ 35.1961478, 31.7507542 ], [ 35.1958601, 31.7507542 ], [ 35.1954825, 31.7507173 ], [ 35.1954343, 31.7503383 ], [ 35.195361, 31.7496476 ], [ 35.1940912, 31.7479506 ], [ 35.1937759, 31.7474407 ], [ 35.1935203, 31.7469018 ], [ 35.1932135, 31.7466104 ], [ 35.192438, 31.746268 ], [ 35.1916965, 31.7460276 ], [ 35.1908613, 31.7458382 ], [ 35.1901454, 31.7458162 ], [ 35.189225, 31.7457287 ], [ 35.1878221, 31.7455833 ], [ 35.1864471, 31.7453209 ], [ 35.1864432, 31.7449672 ], [ 35.1865782, 31.744286 ], [ 35.1875752, 31.7425137 ], [ 35.1880429, 31.7419338 ], [ 35.1898953, 31.7410989 ], [ 35.1908272, 31.7402833 ], [ 35.1913955, 31.739254 ], [ 35.1925433, 31.7378364 ], [ 35.1937819, 31.737652 ], [ 35.1948692, 31.7375319 ], [ 35.1951055, 31.7388865 ], [ 35.1952588, 31.7397168 ], [ 35.1955144, 31.7402904 ], [ 35.1956742, 31.7405307 ], [ 35.1960737, 31.7403382 ], [ 35.1965159, 31.7402123 ], [ 35.1968251, 31.7401047 ], [ 35.1976988, 31.7399112 ], [ 35.1980979, 31.7398559 ], [ 35.1980429, 31.7395857 ], [ 35.1979438, 31.7392366 ], [ 35.197912, 31.7390646 ], [ 35.1978905, 31.7387481 ], [ 35.1978797, 31.7385484 ], [ 35.1984621, 31.7385546 ], [ 35.1986635, 31.7385331 ], [ 35.1988504, 31.7384562 ], [ 35.1992783, 31.7380968 ], [ 35.1996702, 31.7377527 ], [ 35.1999794, 31.7374485 ], [ 35.2005882, 31.7370336 ], [ 35.2013041, 31.7366785 ], [ 35.2020391, 31.7364164 ], [ 35.2028005, 31.7360338 ], [ 35.2030605, 31.7357957 ], [ 35.2032365, 31.734834 ], [ 35.2032918, 31.7336743 ], [ 35.2032422, 31.7329996 ], [ 35.2032088, 31.7322323 ], [ 35.2033476, 31.7320469 ], [ 35.2039839, 31.7319983 ], [ 35.2047338, 31.7318527 ], [ 35.2052564, 31.7316487 ], [ 35.2059254, 31.731302 ], [ 35.2062971, 31.7317593 ], [ 35.2068531, 31.7322126 ], [ 35.2080611, 31.7330865 ], [ 35.2087002, 31.7335781 ], [ 35.209154, 31.7340151 ], [ 35.2087311, 31.7347196 ], [ 35.208438, 31.7352505 ], [ 35.207733, 31.735865 ], [ 35.2067977, 31.7367777 ], [ 35.2062111, 31.7371392 ], [ 35.2064205, 31.7375186 ], [ 35.2068812, 31.7385172 ], [ 35.2069887, 31.7388871 ], [ 35.2063367, 31.7390332 ], [ 35.2062181, 31.7390869 ], [ 35.2061448, 31.7391764 ], [ 35.2061204, 31.7392987 ], [ 35.2064694, 31.7398415 ], [ 35.2064485, 31.7402919 ], [ 35.2064205, 31.7404858 ], [ 35.2064938, 31.7406051 ], [ 35.2070523, 31.741139 ], [ 35.2074991, 31.7418817 ], [ 35.2088672, 31.7412224 ], [ 35.2090924, 31.7412113 ], [ 35.2092153, 31.741271 ], [ 35.2094215, 31.7416839 ], [ 35.2096399, 31.7421614 ], [ 35.2098912, 31.7425718 ], [ 35.2099973, 31.742839 ], [ 35.2100588, 31.7431063 ], [ 35.2100141, 31.743259 ], [ 35.2096735, 31.7435453 ], [ 35.2092211, 31.7438985 ], [ 35.2091932, 31.7439605 ], [ 35.2092105, 31.7440783 ], [ 35.2092685, 31.7443944 ], [ 35.2092852, 31.7445328 ], [ 35.20932, 31.7446766 ], [ 35.2095054, 31.7449388 ], [ 35.2097212, 31.7454939 ], [ 35.2098255, 31.7459855 ], [ 35.2099601, 31.7466794 ], [ 35.2099873, 31.7467628 ], [ 35.2088614, 31.7471205 ], [ 35.2073513, 31.7475998 ], [ 35.2065938, 31.747862 ], [ 35.2062151, 31.748071 ], [ 35.2058699, 31.7484151 ], [ 35.2056493, 31.748751 ], [ 35.2053905, 31.7493328 ], [ 35.2053059, 31.7495942 ], [ 35.2052227, 31.7498244 ] ] ] } },
{ "type": "Feature", "properties": { "CODE": 94, "SCHN_NAME": "בקעה", "Shape_STAr": 747431.16586299997, "Shape_STLe": 4700.0789134300003 }, "geometry": { "type": "Polygon", "coordinates": [ [ [ 35.2208436, 31.7544715 ], [ 35.221515, 31.7553972 ], [ 35.2220835, 31.7561663 ], [ 35.222124, 31.7562165 ], [ 35.2234251, 31.75904 ], [ 35.2244631, 31.7608394 ], [ 35.2249272, 31.761715 ], [ 35.2251391, 31.7621609 ], [ 35.2252062, 31.7624007 ], [ 35.2252689, 31.7627905 ], [ 35.2253305, 31.7640097 ], [ 35.2253909, 31.7643826 ], [ 35.2254602, 31.7652775 ], [ 35.2254912, 31.7657731 ], [ 35.225555, 31.7662936 ], [ 35.2258461, 31.7668451 ], [ 35.2260007, 31.7671325 ], [ 35.2261981, 31.7674798 ], [ 35.2263737, 31.7677695 ], [ 35.2264328, 31.7680333 ], [ 35.2263826, 31.76826 ], [ 35.2262654, 31.7685893 ], [ 35.2260811, 31.7689568 ], [ 35.2259108, 31.7691978 ], [ 35.2257488, 31.7694007 ], [ 35.2256434, 31.769592 ], [ 35.2255674, 31.7697944 ], [ 35.2254585, 31.7698064 ], [ 35.2253307, 31.7697927 ], [ 35.2250053, 31.7696916 ], [ 35.2244837, 31.7694462 ], [ 35.2242763, 31.7693829 ], [ 35.2241781, 31.7693088 ], [ 35.223671, 31.7677115 ], [ 35.2237671, 31.7674517 ], [ 35.2238082, 31.7670549 ], [ 35.2239012, 31.7661147 ], [ 35.2238845, 31.7650504 ], [ 35.2238459, 31.7647469 ], [ 35.223725, 31.76427 ], [ 35.2235365, 31.7636951 ], [ 35.2232707, 31.7632228 ], [ 35.2232491, 31.7630246 ], [ 35.223109, 31.7630069 ], [ 35.2224642, 31.7629319 ], [ 35.2215189, 31.7628089 ], [ 35.2209773, 31.762748 ], [ 35.2207361, 31.7627027 ], [ 35.2203234, 31.7625822 ], [ 35.2201231, 31.7624928 ], [ 35.2199714, 31.7623994 ], [ 35.2196831, 31.7622258 ], [ 35.2188729, 31.7616828 ], [ 35.2184617, 31.761386 ], [ 35.2180338, 31.7610736 ], [ 35.2174239, 31.7606693 ], [ 35.2167062, 31.7601638 ], [ 35.2159233, 31.7596299 ], [ 35.2153817, 31.7592553 ], [ 35.2153117, 31.7592101 ], [ 35.2151546, 31.7584955 ], [ 35.2149099, 31.7573464 ], [ 35.2146725, 31.7563509 ], [ 35.2144626, 31.7551526 ], [ 35.2148437, 31.7551157 ], [ 35.2154943, 31.7550755 ], [ 35.2160675, 31.7550542 ], [ 35.2165098, 31.7550357 ], [ 35.2171607, 31.7549404 ], [ 35.2174896, 31.7548669 ], [ 35.2178148, 31.7547828 ], [ 35.218074, 31.7547068 ], [ 35.219101, 31.7543342 ], [ 35.2197172, 31.7541259 ], [ 35.2202403, 31.7539619 ], [ 35.2204551, 31.753898 ], [ 35.2208436, 31.7544715 ] ] ] } },
{ "type": "Feature", "properties": { "CODE": 96, "SCHN_NAME": "ג'בל מוקאבר", "Shape_STAr": 1109017.6318099999, "Shape_STLe": 5148.5690626599999 }, "geometry": { "type": "Polygon", "coordinates": [ [ [ 35.2416084, 31.7540085 ], [ 35.2416373, 31.7541929 ], [ 35.2417037, 31.7542712 ], [ 35.2421246, 31.7545538 ], [ 35.2430238, 31.7552325 ], [ 35.2436029, 31.7556041 ], [ 35.2444431, 31.7565722 ], [ 35.2445966, 31.7568753 ], [ 35.2446447, 31.757076 ], [ 35.2446112, 31.7572358 ], [ 35.2444824, 31.7573334 ], [ 35.2441318, 31.7575022 ], [ 35.2437192, 31.7576678 ], [ 35.2434712, 31.7578384 ], [ 35.2433445, 31.7579767 ], [ 35.2433418, 31.7580758 ], [ 35.2434171, 31.7581351 ], [ 35.2436221, 31.7581765 ], [ 35.2441453, 31.7581994 ], [ 35.244941, 31.7582268 ], [ 35.2454777, 31.7582543 ], [ 35.245912, 31.7583647 ], [ 35.2464515, 31.7585812 ], [ 35.2467644, 31.758747 ], [ 35.2469587, 31.7589082 ], [ 35.2471826, 31.7591547 ], [ 35.247385, 31.7593897 ], [ 35.2474849, 31.7596201 ], [ 35.2474715, 31.7598229 ], [ 35.2473152, 31.7600119 ], [ 35.2470375, 31.7602747 ], [ 35.2467247, 31.7605168 ], [ 35.2465576, 31.7607035 ], [ 35.2464984, 31.760904 ], [ 35.2465093, 31.7611529 ], [ 35.2466038, 31.761404 ], [ 35.2465416, 31.7615961 ], [ 35.2464601, 31.7616739 ], [ 35.2462109, 31.7618665 ], [ 35.2456836, 31.7622395 ], [ 35.2454104, 31.7623994 ], [ 35.2451179, 31.7625388 ], [ 35.2446049, 31.7627192 ], [ 35.244231, 31.7628012 ], [ 35.2436748, 31.7628751 ], [ 35.2428932, 31.7628836 ], [ 35.2425144, 31.7628837 ], [ 35.2421452, 31.762937 ], [ 35.2417233, 31.7630314 ], [ 35.2413589, 31.7630684 ], [ 35.2407547, 31.763089 ], [ 35.2400643, 31.7631507 ], [ 35.2397743, 31.763214 ], [ 35.2396136, 31.7632491 ], [ 35.2392301, 31.7633762 ], [ 35.2389855, 31.7634623 ], [ 35.2383863, 31.7639213 ], [ 35.2380699, 31.7641017 ], [ 35.2378508, 31.7641441 ], [ 35.2378536, 31.7640218 ], [ 35.2379254, 31.7638293 ], [ 35.2381459, 31.7634605 ], [ 35.238141, 31.7633581 ], [ 35.237925, 31.76276 ], [ 35.237901, 31.7625511 ], [ 35.2379392, 31.7622438 ], [ 35.2378433, 31.7619817 ], [ 35.2374307, 31.7614451 ], [ 35.2372052, 31.7611338 ], [ 35.2368167, 31.760839 ], [ 35.2365098, 31.7606834 ], [ 35.2362652, 31.7604991 ], [ 35.2359679, 31.7603312 ], [ 35.2357377, 31.7601264 ], [ 35.2356513, 31.7598151 ], [ 35.2354775, 31.7595179 ], [ 35.2351668, 31.7593523 ], [ 35.2345051, 31.7592213 ], [ 35.2334886, 31.7590905 ], [ 35.2325507, 31.7588194 ], [ 35.2322373, 31.7580664 ], [ 35.2324572, 31.7569741 ], [ 35.2326815, 31.7559664 ], [ 35.232728, 31.7551798 ], [ 35.23271, 31.7550139 ], [ 35.2325912, 31.7546852 ], [ 35.2325401, 31.7545332 ], [ 35.2324717, 31.7542813 ], [ 35.2324457, 31.7541771 ], [ 35.2326183, 31.7541909 ], [ 35.2327558, 31.7541609 ], [ 35.2330012, 31.7540779 ], [ 35.2332951, 31.7539396 ], [ 35.2337535, 31.7537989 ], [ 35.2340016, 31.7537666 ], [ 35.2343037, 31.7537458 ], [ 35.2346759, 31.7537572 ], [ 35.2351343, 31.7537824 ], [ 35.2355632, 31.75381 ], [ 35.2359057, 31.7537938 ], [ 35.2361295, 31.7537453 ], [ 35.2363129, 31.7536877 ], [ 35.2367092, 31.7535286 ], [ 35.2370975, 31.7533441 ], [ 35.2374616, 31.7531758 ], [ 35.2378876, 31.7530443 ], [ 35.2380656, 31.7530097 ], [ 35.2383353, 31.7529843 ], [ 35.2390176, 31.7529841 ], [ 35.239557, 31.7529724 ], [ 35.2397754, 31.7529286 ], [ 35.2399588, 31.7528848 ], [ 35.2401745, 31.7528179 ], [ 35.2404091, 31.7527026 ], [ 35.2406814, 31.7525481 ], [ 35.2411883, 31.7522576 ], [ 35.2420106, 31.7518288 ], [ 35.2422396, 31.7517561 ], [ 35.242471, 31.7516637 ], [ 35.2428934, 31.7517874 ], [ 35.243681, 31.7520613 ], [ 35.2437889, 31.7522042 ], [ 35.2437863, 31.7523908 ], [ 35.2437027, 31.7525038 ], [ 35.2435706, 31.752566 ], [ 35.2427967, 31.7528059 ], [ 35.2423114, 31.7530434 ], [ 35.2420253, 31.753312 ], [ 35.2417904, 31.7535374 ], [ 35.2416515, 31.7537668 ], [ 35.2416084, 31.7540085 ] ] ] } },
{ "type": "Feature", "properties": { "CODE": 92, "SCHN_NAME": "גאולה", "Shape_STAr": 97299.992477399996, "Shape_STLe": 1686.22987844 }, "geometry": { "type": "Polygon", "coordinates": [ [ [ 35.2207117, 31.7898587 ], [ 35.2201691, 31.7901873 ], [ 35.2195895, 31.7905249 ], [ 35.2194491, 31.7906043 ], [ 35.219315, 31.7904075 ], [ 35.2190243, 31.7900568 ], [ 35.2187318, 31.7897699 ], [ 35.218554, 31.7899016 ], [ 35.2182446, 31.7900979 ], [ 35.2181193, 31.7900232 ], [ 35.2179876, 31.7899298 ], [ 35.2179224, 31.7897931 ], [ 35.2177475, 31.7894817 ], [ 35.2174741, 31.7890415 ], [ 35.217306, 31.7887069 ], [ 35.2171684, 31.7887265 ], [ 35.2168678, 31.7888065 ], [ 35.2164254, 31.788919 ], [ 35.2160822, 31.7890038 ], [ 35.215695, 31.7877851 ], [ 35.2156733, 31.7877183 ], [ 35.2157206, 31.7876452 ], [ 35.2158792, 31.787584 ], [ 35.2163345, 31.787549 ], [ 35.2167489, 31.7875053 ], [ 35.2168102, 31.7874529 ], [ 35.2167829, 31.7872004 ], [ 35.2173065, 31.7871583 ], [ 35.2179549, 31.7870533 ], [ 35.2181737, 31.7875514 ], [ 35.2183384, 31.7879806 ], [ 35.2184695, 31.7879654 ], [ 35.2184615, 31.7882724 ], [ 35.2184461, 31.7883842 ], [ 35.2186224, 31.7883417 ], [ 35.2190011, 31.7882701 ], [ 35.2193407, 31.788216 ], [ 35.2197986, 31.7881173 ], [ 35.2201802, 31.788039 ], [ 35.2205454, 31.7880249 ], [ 35.2207568, 31.7879772 ], [ 35.2207862, 31.788097 ], [ 35.220764, 31.7882546 ], [ 35.2206751, 31.7885413 ], [ 35.2206685, 31.7885925 ], [ 35.2207013, 31.7886346 ], [ 35.2208258, 31.7887309 ], [ 35.2210348, 31.7888942 ], [ 35.2210697, 31.7889675 ], [ 35.2210185, 31.7890416 ], [ 35.2208096, 31.789184 ], [ 35.2203762, 31.7894271 ], [ 35.2207117, 31.7898587 ] ] ] } },
{ "type": "Feature", "properties": { "CODE": 104, "SCHN_NAME": "גבעת אליהו - מ", "Shape_STAr": 1278705.84225, "Shape_STLe": 5110.7357624799997 }, "geometry": { "type": "Polygon", "coordinates": [ [ [ 35.219834, 31.731237 ], [ 35.2201291, 31.7317389 ], [ 35.2204363, 31.7323235 ], [ 35.2212267, 31.7338368 ], [ 35.2201517, 31.7336838 ], [ 35.2193066, 31.7336618 ], [ 35.2182317, 31.7340339 ], [ 35.2173716, 31.7345348 ], [ 35.2163377, 31.7351498 ], [ 35.2154157, 31.7359589 ], [ 35.2146477, 31.7371189 ], [ 35.2141107, 31.7383219 ], [ 35.2130617, 31.7398978 ], [ 35.2129051, 31.7400774 ], [ 35.2118956, 31.7385017 ], [ 35.2114232, 31.7376911 ], [ 35.2106625, 31.7365386 ], [ 35.2101448, 31.7355663 ], [ 35.2095183, 31.7344903 ], [ 35.209154, 31.7340151 ], [ 35.2087002, 31.7335781 ], [ 35.2080611, 31.7330865 ], [ 35.2068531, 31.7322126 ], [ 35.2062971, 31.7317593 ], [ 35.2059254, 31.731302 ], [ 35.2056773, 31.7308902 ], [ 35.2054868, 31.7304232 ], [ 35.2053897, 31.7298026 ], [ 35.2053106, 31.7289945 ], [ 35.2052032, 31.7283565 ], [ 35.204886, 31.7274735 ], [ 35.2046662, 31.7268601 ], [ 35.2050238, 31.726678 ], [ 35.2060563, 31.7261515 ], [ 35.2073664, 31.7250536 ], [ 35.2083999, 31.7235435 ], [ 35.2092163, 31.7238761 ], [ 35.2110812, 31.7249927 ], [ 35.2123543, 31.7261857 ], [ 35.2132701, 31.7268729 ], [ 35.2143047, 31.7276235 ], [ 35.2151294, 31.7282369 ], [ 35.2163888, 31.7291323 ], [ 35.2175661, 31.7297588 ], [ 35.2178797, 31.7300986 ], [ 35.2184075, 31.730979 ], [ 35.2188263, 31.7312223 ], [ 35.2193456, 31.7312867 ], [ 35.219834, 31.731237 ] ] ] } },
{ "type": "Feature", "properties": { "CODE": 106, "SCHN_NAME": "גבעת הורדים -", "Shape_STAr": 606554.17526199995, "Shape_STLe": 4285.6141145600004 }, "geometry": { "type": "Polygon", "coordinates": [ [ [ 35.2002138, 31.7629397 ], [ 35.2000924, 31.7623935 ], [ 35.2000219, 31.7616578 ], [ 35.2000332, 31.7613879 ], [ 35.2006636, 31.7607108 ], [ 35.2009001, 31.7605032 ], [ 35.2011495, 31.7600826 ], [ 35.2014116, 31.7595091 ], [ 35.2017377, 31.7589902 ], [ 35.201794, 31.7588686 ], [ 35.2014504, 31.7587447 ], [ 35.2016661, 31.7583821 ], [ 35.2020833, 31.7580135 ], [ 35.2022775, 31.7579244 ], [ 35.2024321, 31.7582101 ], [ 35.2025436, 31.7582562 ], [ 35.2031477, 31.7583822 ], [ 35.2035449, 31.7584767 ], [ 35.2039081, 31.7585504 ], [ 35.2042498, 31.758575 ], [ 35.2047065, 31.7585381 ], [ 35.2049618, 31.758489 ], [ 35.2051344, 31.7584675 ], [ 35.2054484, 31.7585508 ], [ 35.2056894, 31.7586736 ], [ 35.2058332, 31.7587904 ], [ 35.2059735, 31.7588918 ], [ 35.2061533, 31.7589041 ], [ 35.2063726, 31.7588734 ], [ 35.2066891, 31.759196 ], [ 35.2070343, 31.7596476 ], [ 35.2070282, 31.7597861 ], [ 35.2069089, 31.7599037 ], [ 35.2068057, 31.7600333 ], [ 35.2068017, 31.7601577 ], [ 35.2071375, 31.7605431 ], [ 35.2073964, 31.7608231 ], [ 35.2074938, 31.7610029 ], [ 35.2072517, 31.7611258 ], [ 35.2068525, 31.7613839 ], [ 35.2067447, 31.7614853 ], [ 35.2066404, 31.7615191 ], [ 35.2065181, 31.7614915 ], [ 35.2064318, 31.7615345 ], [ 35.2063707, 31.761639 ], [ 35.2062628, 31.7617219 ], [ 35.2061585, 31.7617219 ], [ 35.2059679, 31.7616113 ], [ 35.2057745, 31.7616326 ], [ 35.2055738, 31.7617027 ], [ 35.20545, 31.7618585 ], [ 35.2050725, 31.7623378 ], [ 35.2050796, 31.7623808 ], [ 35.2054069, 31.7623992 ], [ 35.2057054, 31.7624515 ], [ 35.2059715, 31.7625805 ], [ 35.2062125, 31.7627679 ], [ 35.2064642, 31.763112 ], [ 35.2066876, 31.7634347 ], [ 35.2068035, 31.7635615 ], [ 35.2069384, 31.7638196 ], [ 35.2069632, 31.7639574 ], [ 35.2069195, 31.764107 ], [ 35.2074293, 31.7643588 ], [ 35.207931, 31.7646883 ], [ 35.2082898, 31.7650846 ], [ 35.2086078, 31.7656185 ], [ 35.2089234, 31.7661831 ], [ 35.2092012, 31.7665334 ], [ 35.2094952, 31.7667661 ], [ 35.2097946, 31.7669412 ], [ 35.2100912, 31.7670708 ], [ 35.2104228, 31.7671611 ], [ 35.2101045, 31.7679544 ], [ 35.2099559, 31.7683344 ], [ 35.209908, 31.7683794 ], [ 35.2093724, 31.7681944 ], [ 35.2091681, 31.7682031 ], [ 35.208725, 31.7682774 ], [ 35.2083975, 31.7683442 ], [ 35.2079048, 31.7683596 ], [ 35.2074517, 31.7683535 ], [ 35.2072323, 31.7683504 ], [ 35.2071783, 31.7684364 ], [ 35.2075704, 31.7686054 ], [ 35.207868, 31.7686453 ], [ 35.2081193, 31.7687366 ], [ 35.2083004, 31.7688451 ], [ 35.2086349, 31.7690632 ], [ 35.2088975, 31.7692813 ], [ 35.2089766, 31.7694749 ], [ 35.2089694, 31.7696413 ], [ 35.2083452, 31.7695873 ], [ 35.2074206, 31.7693409 ], [ 35.2068042, 31.7691485 ], [ 35.2062472, 31.7689764 ], [ 35.2059192, 31.7688177 ], [ 35.2053898, 31.768362 ], [ 35.2051172, 31.7679806 ], [ 35.2047734, 31.7672684 ], [ 35.2046628, 31.7670119 ], [ 35.2043183, 31.7663482 ], [ 35.2039411, 31.7659331 ], [ 35.2031995, 31.7654579 ], [ 35.2024259, 31.7650482 ], [ 35.2018313, 31.7647095 ], [ 35.2012431, 31.7643435 ], [ 35.2008212, 31.7639448 ], [ 35.2004759, 31.7634969 ], [ 35.2002138, 31.7629397 ] ] ] } },
{ "type": "Feature", "properties": { "CODE": 112, "SCHN_NAME": "גבעת המבתר", "Shape_STAr": 338423.26564, "Shape_STLe": 2461.45070992 }, "geometry": { "type": "Polygon", "coordinates": [ [ [ 35.2320593, 31.8000471 ], [ 35.232312, 31.7999824 ], [ 35.2328336, 31.7998022 ], [ 35.2330716, 31.8003623 ], [ 35.2336618, 31.8014177 ], [ 35.2341836, 31.802194 ], [ 35.2345264, 31.8028735 ], [ 35.234806, 31.803796 ], [ 35.2349011, 31.8045656 ], [ 35.2348131, 31.8050303 ], [ 35.2344471, 31.8060996 ], [ 35.2343521, 31.8064511 ], [ 35.2340897, 31.8063959 ], [ 35.2335483, 31.8062708 ], [ 35.232285, 31.8060447 ], [ 35.2314561, 31.8060545 ], [ 35.2283488, 31.8064938 ], [ 35.2280573, 31.8049712 ], [ 35.228251, 31.8035315 ], [ 35.228398, 31.802656 ], [ 35.228507, 31.8022248 ], [ 35.2285547, 31.8020209 ], [ 35.2288958, 31.8019626 ], [ 35.2290147, 31.8017888 ], [ 35.2290299, 31.801235 ], [ 35.2294713, 31.8013201 ], [ 35.2295979, 31.8013456 ], [ 35.2300239, 31.8015232 ], [ 35.2303003, 31.8015985 ], [ 35.2305459, 31.8015657 ], [ 35.2307147, 31.8014739 ], [ 35.2309717, 31.8011199 ], [ 35.2312287, 31.8008937 ], [ 35.2314513, 31.8009002 ], [ 35.2317006, 31.8008389 ], [ 35.2318811, 31.8007756 ], [ 35.2320461, 31.8006412 ], [ 35.2320593, 31.8000471 ] ] ] } },
{ "type": "Feature", "properties": { "CODE": 114, "SCHN_NAME": "גבעת המטוס", "Shape_STAr": 466880.57008400001, "Shape_STLe": 4016.4906468200002 }, "geometry": { "type": "Polygon", "coordinates": [ [ [ 35.2132598, 31.7455865 ], [ 35.2131949, 31.7456593 ], [ 35.212441, 31.7459552 ], [ 35.2111621, 31.7464039 ], [ 35.2099873, 31.7467628 ], [ 35.2099601, 31.7466794 ], [ 35.2098255, 31.7459855 ], [ 35.2097212, 31.7454939 ], [ 35.2095054, 31.7449388 ], [ 35.20932, 31.7446766 ], [ 35.2092852, 31.7445328 ], [ 35.2092685, 31.7443944 ], [ 35.2092105, 31.7440783 ], [ 35.2091932, 31.7439605 ], [ 35.2092211, 31.7438985 ], [ 35.2096735, 31.7435453 ], [ 35.2100141, 31.743259 ], [ 35.2100588, 31.7431063 ], [ 35.2099973, 31.742839 ], [ 35.2098912, 31.7425718 ], [ 35.2096399, 31.7421614 ], [ 35.2094215, 31.7416839 ], [ 35.2092153, 31.741271 ], [ 35.2090924, 31.7412113 ], [ 35.2088672, 31.7412224 ], [ 35.2074991, 31.7418817 ], [ 35.2070523, 31.741139 ], [ 35.2064938, 31.7406051 ], [ 35.2064205, 31.7404858 ], [ 35.2064485, 31.7402919 ], [ 35.2064694, 31.7398415 ], [ 35.2061204, 31.7392987 ], [ 35.2061448, 31.7391764 ], [ 35.2062181, 31.7390869 ], [ 35.2063367, 31.7390332 ], [ 35.2069887, 31.7388871 ], [ 35.2068812, 31.7385172 ], [ 35.2064205, 31.7375186 ], [ 35.2062111, 31.7371392 ], [ 35.2067977, 31.7367777 ], [ 35.207733, 31.735865 ], [ 35.208438, 31.7352505 ], [ 35.2087311, 31.7347196 ], [ 35.209154, 31.7340151 ], [ 35.2095183, 31.7344903 ], [ 35.2101448, 31.7355663 ], [ 35.2106625, 31.7365386 ], [ 35.2114232, 31.7376911 ], [ 35.2118956, 31.7385017 ], [ 35.2129051, 31.7400774 ], [ 35.2124294, 31.7401794 ], [ 35.212681, 31.740691 ], [ 35.2127722, 31.740906 ], [ 35.2128502, 31.7410542 ], [ 35.2128858, 31.7411266 ], [ 35.2129249, 31.7412924 ], [ 35.2131079, 31.7419248 ], [ 35.2132014, 31.7422505 ], [ 35.2132727, 31.7424246 ], [ 35.2132721, 31.7425702 ], [ 35.2132554, 31.7426862 ], [ 35.2132152, 31.7427935 ], [ 35.2131683, 31.7428494 ], [ 35.2130879, 31.742868 ], [ 35.2122167, 31.7429668 ], [ 35.2119922, 31.7430213 ], [ 35.2118992, 31.7429454 ], [ 35.2117875, 31.7429416 ], [ 35.2115004, 31.74329 ], [ 35.2114015, 31.7434898 ], [ 35.211288, 31.7437282 ], [ 35.2111749, 31.7439537 ], [ 35.2116608, 31.7443975 ], [ 35.21182, 31.7445299 ], [ 35.2122138, 31.7455607 ], [ 35.2123353, 31.7455536 ], [ 35.2126452, 31.7455285 ], [ 35.2130892, 31.7453781 ], [ 35.2132399, 31.7453029 ], [ 35.213307, 31.7452815 ], [ 35.2133405, 31.7453423 ], [ 35.2133112, 31.7454926 ], [ 35.2132598, 31.7455865 ] ] ] } },
{ "type": "Feature", "properties": { "CODE": 124, "SCHN_NAME": "גבעת מרדכי", "Shape_STAr": 670453.36521900003, "Shape_STLe": 4056.3348331900002 }, "geometry": { "type": "Polygon", "coordinates": [ [ [ 35.2000924, 31.7623935 ], [ 35.2002138, 31.7629397 ], [ 35.2004759, 31.7634969 ], [ 35.2008212, 31.7639448 ], [ 35.2012431, 31.7643435 ], [ 35.2018313, 31.7647095 ], [ 35.2024259, 31.7650482 ], [ 35.2031995, 31.7654579 ], [ 35.2039411, 31.7659331 ], [ 35.2043183, 31.7663482 ], [ 35.2046628, 31.7670119 ], [ 35.204002, 31.7670609 ], [ 35.2032631, 31.7670947 ], [ 35.2031228, 31.7671255 ], [ 35.2028594, 31.766833 ], [ 35.2025749, 31.7664865 ], [ 35.2022431, 31.7662074 ], [ 35.202006, 31.7660769 ], [ 35.2015635, 31.7659464 ], [ 35.2011316, 31.7658428 ], [ 35.2006259, 31.7657303 ], [ 35.2001096, 31.7656673 ], [ 35.199467, 31.7656583 ], [ 35.1988295, 31.7656897 ], [ 35.1978796, 31.7658429 ], [ 35.1970422, 31.7661493 ], [ 35.1963257, 31.7663653 ], [ 35.1951299, 31.7666757 ], [ 35.1939759, 31.7669535 ], [ 35.1935423, 31.7661199 ], [ 35.1932708, 31.7654958 ], [ 35.1931398, 31.7648797 ], [ 35.1931525, 31.7642897 ], [ 35.1932421, 31.7635687 ], [ 35.1935491, 31.7626347 ], [ 35.1937537, 31.7620393 ], [ 35.1939584, 31.7613674 ], [ 35.1940096, 31.7605863 ], [ 35.1939969, 31.7601275 ], [ 35.1936646, 31.7590787 ], [ 35.1933322, 31.7581228 ], [ 35.1929204, 31.7567402 ], [ 35.1930994, 31.7567239 ], [ 35.1934894, 31.7566857 ], [ 35.1941584, 31.7566539 ], [ 35.1946834, 31.7566829 ], [ 35.1952971, 31.7567321 ], [ 35.1962704, 31.7569288 ], [ 35.1969215, 31.7571732 ], [ 35.1974736, 31.7574388 ], [ 35.1980019, 31.7578014 ], [ 35.1996, 31.7592216 ], [ 35.1998238, 31.7594838 ], [ 35.200022, 31.7598881 ], [ 35.2001114, 31.7601776 ], [ 35.2000794, 31.7608221 ], [ 35.2000219, 31.7616578 ], [ 35.2000924, 31.7623935 ] ] ] } },
{ "type": "Feature", "properties": { "CODE": 128, "SCHN_NAME": "גבעת משואה", "Shape_STAr": 1314058.7551299999, "Shape_STLe": 5025.4557740800001 }, "geometry": { "type": "Polygon", "coordinates": [ [ [ 35.1782048, 31.7487938 ], [ 35.1783724, 31.7496459 ], [ 35.178516, 31.7503383 ], [ 35.1785303, 31.7505472 ], [ 35.1785566, 31.7507458 ], [ 35.1783551, 31.7506985 ], [ 35.1779009, 31.7506579 ], [ 35.1775783, 31.7506316 ], [ 35.1770656, 31.7506735 ], [ 35.1764898, 31.7507334 ], [ 35.1756637, 31.7508153 ], [ 35.174846, 31.7507747 ], [ 35.1734454, 31.750669 ], [ 35.1725978, 31.7507612 ], [ 35.1720742, 31.7509162 ], [ 35.1699376, 31.751882 ], [ 35.1688692, 31.7523769 ], [ 35.1684433, 31.7524662 ], [ 35.1679802, 31.7524988 ], [ 35.1674305, 31.7524247 ], [ 35.1664138, 31.7521404 ], [ 35.1660494, 31.752058 ], [ 35.1657017, 31.7520722 ], [ 35.1653582, 31.7521508 ], [ 35.1646838, 31.7522401 ], [ 35.1637349, 31.7525703 ], [ 35.1624083, 31.752892 ], [ 35.1610118, 31.7532614 ], [ 35.1597966, 31.7534692 ], [ 35.1618792, 31.7495512 ], [ 35.1630108, 31.7481318 ], [ 35.1639885, 31.7473686 ], [ 35.1648126, 31.7465218 ], [ 35.1658183, 31.7454364 ], [ 35.1665306, 31.7446015 ], [ 35.1675642, 31.7436712 ], [ 35.168025, 31.7432537 ], [ 35.1685277, 31.7430033 ], [ 35.1688768, 31.7428364 ], [ 35.1692171, 31.7427698 ], [ 35.1704024, 31.7426266 ], [ 35.1712581, 31.7425254 ], [ 35.1721102, 31.742498 ], [ 35.1728545, 31.7424982 ], [ 35.17389, 31.7425046 ], [ 35.1742064, 31.7425261 ], [ 35.1744364, 31.7425723 ], [ 35.1750045, 31.7427844 ], [ 35.1754071, 31.7429535 ], [ 35.1756084, 31.7430795 ], [ 35.1758025, 31.743224 ], [ 35.1763058, 31.7433961 ], [ 35.1773017, 31.743679 ], [ 35.1780603, 31.7438697 ], [ 35.1781481, 31.7438898 ], [ 35.1781469, 31.7439614 ], [ 35.1781421, 31.7441089 ], [ 35.1780219, 31.745301 ], [ 35.1779881, 31.7459975 ], [ 35.1779255, 31.7469643 ], [ 35.1779312, 31.7470152 ], [ 35.1780094, 31.747059 ], [ 35.1780687, 31.7470729 ], [ 35.1780202, 31.7472526 ], [ 35.1779958, 31.7473724 ], [ 35.1779992, 31.7476029 ], [ 35.1780523, 31.7480292 ], [ 35.1780846, 31.7482043 ], [ 35.1782048, 31.7487938 ] ] ] } },
{ "type": "Feature", "properties": { "CODE": 136, "SCHN_NAME": "גבעת רם", "Shape_STAr": 1049114.6924699999, "Shape_STLe": 5226.3596918599997 }, "geometry": { "type": "Polygon", "coordinates": [ [ [ 35.1940341, 31.7779093 ], [ 35.1938919, 31.7771352 ], [ 35.1938288, 31.7760551 ], [ 35.1939395, 31.7751055 ], [ 35.1941253, 31.7741214 ], [ 35.1943665, 31.7728912 ], [ 35.1948725, 31.7704835 ], [ 35.1950102, 31.7693006 ], [ 35.194694, 31.7683476 ], [ 35.1942945, 31.7675083 ], [ 35.1939759, 31.7669535 ], [ 35.1951299, 31.7666757 ], [ 35.1963257, 31.7663653 ], [ 35.1970422, 31.7661493 ], [ 35.1978796, 31.7658429 ], [ 35.1988295, 31.7656897 ], [ 35.199467, 31.7656583 ], [ 35.2001096, 31.7656673 ], [ 35.2006259, 31.7657303 ], [ 35.2011316, 31.7658428 ], [ 35.2015635, 31.7659464 ], [ 35.202006, 31.7660769 ], [ 35.2022431, 31.7662074 ], [ 35.2024984, 31.7664204 ], [ 35.2021432, 31.7667468 ], [ 35.2020292, 31.7667563 ], [ 35.2018974, 31.7668823 ], [ 35.2016114, 31.7672221 ], [ 35.2015376, 31.7672507 ], [ 35.2014483, 31.767245 ], [ 35.2013321, 31.7672392 ], [ 35.2012248, 31.7672641 ], [ 35.2010863, 31.7673519 ], [ 35.2009835, 31.7674549 ], [ 35.2009634, 31.7676458 ], [ 35.2007556, 31.7679551 ], [ 35.2006617, 31.76823 ], [ 35.2005254, 31.7686308 ], [ 35.2004628, 31.7688752 ], [ 35.2004494, 31.7693543 ], [ 35.2004509, 31.7695744 ], [ 35.2005975, 31.7698697 ], [ 35.2007658, 31.7700072 ], [ 35.2007025, 31.7703619 ], [ 35.2006313, 31.7713779 ], [ 35.200572, 31.7722791 ], [ 35.200527, 31.7730737 ], [ 35.2005144, 31.773463 ], [ 35.2004842, 31.7737668 ], [ 35.200585, 31.7740478 ], [ 35.2008368, 31.7744655 ], [ 35.2012724, 31.7751566 ], [ 35.2013465, 31.7755186 ], [ 35.2013406, 31.7756275 ], [ 35.2015569, 31.7756478 ], [ 35.2019777, 31.7756959 ], [ 35.2022622, 31.7756984 ], [ 35.2025082, 31.7756225 ], [ 35.2026949, 31.7755187 ], [ 35.2028875, 31.7752756 ], [ 35.2031068, 31.7748529 ], [ 35.2032135, 31.7747061 ], [ 35.2034121, 31.7745871 ], [ 35.2035958, 31.7745668 ], [ 35.2038388, 31.7746352 ], [ 35.203987, 31.7747567 ], [ 35.2041825, 31.7749997 ], [ 35.2037803, 31.7753394 ], [ 35.2033393, 31.7759322 ], [ 35.202686, 31.7766612 ], [ 35.1991848, 31.7801906 ], [ 35.1988458, 31.7806785 ], [ 35.1984862, 31.7813569 ], [ 35.1982391, 31.7816306 ], [ 35.197786, 31.7820041 ], [ 35.1970473, 31.7823426 ], [ 35.1965784, 31.781798 ], [ 35.1961258, 31.7812336 ], [ 35.1952719, 31.7801687 ], [ 35.1946398, 31.779327 ], [ 35.1943554, 31.7786879 ], [ 35.1940341, 31.7779093 ] ] ] } },
{ "type": "Feature", "properties": { "CODE": 140, "SCHN_NAME": "גבעת שאול", "Shape_STAr": 381699.222244, "Shape_STLe": 2735.59181197 }, "geometry": { "type": "Polygon", "coordinates": [ [ [ 35.1908212, 31.7876161 ], [ 35.1914113, 31.7876055 ], [ 35.1922175, 31.787609 ], [ 35.1929597, 31.7875969 ], [ 35.1943612, 31.7876285 ], [ 35.1951569, 31.7876196 ], [ 35.1953723, 31.7882077 ], [ 35.1955437, 31.7887893 ], [ 35.1952099, 31.7890187 ], [ 35.1954938, 31.7894218 ], [ 35.195275, 31.7895398 ], [ 35.1960385, 31.7903723 ], [ 35.1966486, 31.7910016 ], [ 35.1968259, 31.791096 ], [ 35.1966631, 31.7912099 ], [ 35.1963206, 31.7915159 ], [ 35.1958252, 31.7919614 ], [ 35.1951665, 31.7927535 ], [ 35.1947607, 31.7932215 ], [ 35.1945288, 31.7933385 ], [ 35.1943075, 31.793379 ], [ 35.1940287, 31.7933302 ], [ 35.1935119, 31.7932034 ], [ 35.1932326, 31.7931854 ], [ 35.1929622, 31.7933081 ], [ 35.1928163, 31.7934374 ], [ 35.1926898, 31.7938694 ], [ 35.1926159, 31.7944545 ], [ 35.1924315, 31.794711 ], [ 35.1921364, 31.7948235 ], [ 35.1916875, 31.7948671 ], [ 35.1916371, 31.7946652 ], [ 35.1914327, 31.7941228 ], [ 35.1912468, 31.7937329 ], [ 35.191006, 31.7932671 ], [ 35.1910001, 31.7930595 ], [ 35.1908253, 31.7927304 ], [ 35.1906557, 31.7926824 ], [ 35.1904097, 31.7927103 ], [ 35.1901874, 31.7927305 ], [ 35.1899918, 31.7926824 ], [ 35.1901273, 31.7923406 ], [ 35.1901853, 31.7920976 ], [ 35.1901906, 31.7919671 ], [ 35.1900905, 31.7917825 ], [ 35.1899377, 31.7916565 ], [ 35.1896585, 31.791517 ], [ 35.1891632, 31.7912694 ], [ 35.1889682, 31.7911568 ], [ 35.1887891, 31.7909318 ], [ 35.1887312, 31.7906843 ], [ 35.1887576, 31.7904592 ], [ 35.1890633, 31.7897707 ], [ 35.1894674, 31.7890506 ], [ 35.189725, 31.7886694 ], [ 35.1897636, 31.788477 ], [ 35.1897577, 31.7882719 ], [ 35.1895537, 31.7879124 ], [ 35.1894578, 31.7876666 ], [ 35.1895921, 31.7875956 ], [ 35.1903659, 31.7876175 ], [ 35.1908212, 31.7876161 ] ] ] } },
{ "type": "Feature", "properties": { "CODE": 188, "SCHN_NAME": "גילה", "Shape_STAr": 5236384.9152499996, "Shape_STLe": 10520.793101499999 }, "geometry": { "type": "Polygon", "coordinates": [ [ [ 35.203355, 31.7242666 ], [ 35.2037684, 31.7242543 ], [ 35.2040631, 31.7251638 ], [ 35.2044334, 31.7262607 ], [ 35.2045792, 31.7266173 ], [ 35.2046662, 31.7268601 ], [ 35.204886, 31.7274735 ], [ 35.2052032, 31.7283565 ], [ 35.2053106, 31.7289945 ], [ 35.2053897, 31.7298026 ], [ 35.2054868, 31.7304232 ], [ 35.2056773, 31.7308902 ], [ 35.2059254, 31.731302 ], [ 35.2052564, 31.7316487 ], [ 35.2047338, 31.7318527 ], [ 35.2039839, 31.7319983 ], [ 35.2033476, 31.7320469 ], [ 35.2032088, 31.7322323 ], [ 35.2032422, 31.7329996 ], [ 35.2032918, 31.7336743 ], [ 35.2032365, 31.734834 ], [ 35.2030605, 31.7357957 ], [ 35.2028005, 31.7360338 ], [ 35.2020391, 31.7364164 ], [ 35.2013041, 31.7366785 ], [ 35.2005882, 31.7370336 ], [ 35.1999794, 31.7374485 ], [ 35.1996702, 31.7377527 ], [ 35.1992783, 31.7380968 ], [ 35.1988504, 31.7384562 ], [ 35.1986635, 31.7385331 ], [ 35.1984621, 31.7385546 ], [ 35.1978797, 31.7385484 ], [ 35.1978905, 31.7387481 ], [ 35.197912, 31.7390646 ], [ 35.1979438, 31.7392366 ], [ 35.1980429, 31.7395857 ], [ 35.1981056, 31.7398312 ], [ 35.1980979, 31.7398559 ], [ 35.1976988, 31.7399112 ], [ 35.1968251, 31.7401047 ], [ 35.1965159, 31.7402123 ], [ 35.1960737, 31.7403382 ], [ 35.1956742, 31.7405307 ], [ 35.1955144, 31.7402904 ], [ 35.1952588, 31.7397168 ], [ 35.1951055, 31.7388865 ], [ 35.1948692, 31.7375319 ], [ 35.1937819, 31.737652 ], [ 35.1925433, 31.7378364 ], [ 35.1913955, 31.739254 ], [ 35.1908272, 31.7402833 ], [ 35.1898953, 31.7410989 ], [ 35.1880429, 31.7419338 ], [ 35.1875752, 31.7425137 ], [ 35.1865782, 31.744286 ], [ 35.1864432, 31.7449672 ], [ 35.1864471, 31.7453209 ], [ 35.1853108, 31.7451459 ], [ 35.1842426, 31.7450001 ], [ 35.1831177, 31.7448348 ], [ 35.1824473, 31.7447376 ], [ 35.1814359, 31.7446306 ], [ 35.1803337, 31.7444265 ], [ 35.1794126, 31.744255 ], [ 35.1785605, 31.7439906 ], [ 35.1781481, 31.7438898 ], [ 35.1780603, 31.7438697 ], [ 35.1773017, 31.743679 ], [ 35.1763058, 31.7433961 ], [ 35.1758025, 31.743224 ], [ 35.1756084, 31.7430795 ], [ 35.1754071, 31.7429535 ], [ 35.1750045, 31.7427844 ], [ 35.1744364, 31.7425723 ], [ 35.1742064, 31.7425261 ], [ 35.17389, 31.7425046 ], [ 35.1728545, 31.7424982 ], [ 35.1721102, 31.742498 ], [ 35.1721064, 31.7422739 ], [ 35.1720937, 31.7419461 ], [ 35.1721131, 31.7415474 ], [ 35.1721324, 31.7411049 ], [ 35.1722476, 31.7406407 ], [ 35.172414, 31.7400289 ], [ 35.1724332, 31.7398159 ], [ 35.1725164, 31.7396903 ], [ 35.1726443, 31.7392971 ], [ 35.1726317, 31.7387781 ], [ 35.1726001, 31.7378987 ], [ 35.1725235, 31.7375327 ], [ 35.17253, 31.7373197 ], [ 35.1725301, 31.7369209 ], [ 35.1724599, 31.7367297 ], [ 35.1723449, 31.7365768 ], [ 35.1721915, 31.7364566 ], [ 35.172134, 31.7363309 ], [ 35.172083, 31.7360086 ], [ 35.172115, 31.7358557 ], [ 35.1722047, 31.7353696 ], [ 35.1723774, 31.7349927 ], [ 35.1726524, 31.734523 ], [ 35.1729593, 31.7341134 ], [ 35.1732854, 31.7337803 ], [ 35.1736178, 31.733469 ], [ 35.173931, 31.7332561 ], [ 35.1747811, 31.7330924 ], [ 35.1753244, 31.7329341 ], [ 35.1755609, 31.732825 ], [ 35.1759573, 31.7324481 ], [ 35.176277, 31.7321314 ], [ 35.1764432, 31.7318037 ], [ 35.1765711, 31.7317054 ], [ 35.176667, 31.7315907 ], [ 35.1767246, 31.7313449 ], [ 35.1771466, 31.7306185 ], [ 35.1772042, 31.7304328 ], [ 35.1772746, 31.7299849 ], [ 35.1773131, 31.7294387 ], [ 35.1773388, 31.7289744 ], [ 35.1774476, 31.7284665 ], [ 35.1775819, 31.7280131 ], [ 35.1777418, 31.7277783 ], [ 35.1780486, 31.7274834 ], [ 35.1782468, 31.7272212 ], [ 35.1783939, 31.7269536 ], [ 35.1787646, 31.726697 ], [ 35.1791545, 31.7265113 ], [ 35.1795316, 31.7262601 ], [ 35.1797106, 31.7261673 ], [ 35.1801452, 31.7260964 ], [ 35.1807651, 31.7260309 ], [ 35.1810335, 31.7259873 ], [ 35.1811869, 31.7259272 ], [ 35.1813595, 31.7258289 ], [ 35.1816407, 31.7255996 ], [ 35.18189, 31.7254958 ], [ 35.1822479, 31.7253867 ], [ 35.1836284, 31.7248024 ], [ 35.1842739, 31.7245622 ], [ 35.18506, 31.7243547 ], [ 35.186204, 31.7239507 ], [ 35.186769, 31.7240653 ], [ 35.1873872, 31.7243243 ], [ 35.1877386, 31.7241782 ], [ 35.1886759, 31.7239088 ], [ 35.1892042, 31.7237487 ], [ 35.1896303, 31.723705 ], [ 35.1900222, 31.7238362 ], [ 35.1903204, 31.7240474 ], [ 35.1907548, 31.7248267 ], [ 35.1908805, 31.7249947 ], [ 35.1910626, 31.7250439 ], [ 35.1912783, 31.7250316 ], [ 35.1915372, 31.724835 ], [ 35.1918631, 31.7245851 ], [ 35.1921124, 31.7245155 ], [ 35.1924718, 31.7245278 ], [ 35.1928313, 31.7245525 ], [ 35.1929751, 31.7245074 ], [ 35.1930806, 31.7244132 ], [ 35.1931333, 31.724237 ], [ 35.1930519, 31.7240445 ], [ 35.1926781, 31.7233767 ], [ 35.1926925, 31.7232784 ], [ 35.1927548, 31.7231801 ], [ 35.1928794, 31.7231391 ], [ 35.193004, 31.7231801 ], [ 35.1932532, 31.7233317 ], [ 35.193536, 31.7234382 ], [ 35.1938715, 31.7235079 ], [ 35.1947869, 31.7236391 ], [ 35.1952375, 31.7236882 ], [ 35.195541, 31.7236382 ], [ 35.1957883, 31.7235017 ], [ 35.196155, 31.7231422 ], [ 35.1964246, 31.7228257 ], [ 35.1966325, 31.7223958 ], [ 35.1971565, 31.722419 ], [ 35.1979905, 31.7226669 ], [ 35.2000205, 31.7229149 ], [ 35.2011345, 31.723072 ], [ 35.2012805, 31.7230469 ], [ 35.2022895, 31.7228743 ], [ 35.2023835, 31.7229986 ], [ 35.202459, 31.723183 ], [ 35.2023997, 31.7234111 ], [ 35.2022837, 31.7236784 ], [ 35.2022873, 31.7239132 ], [ 35.2024222, 31.7240772 ], [ 35.2026037, 31.724199 ], [ 35.2029236, 31.7242482 ], [ 35.203355, 31.7242666 ] ] ] } },
{ "type": "Feature", "properties": { "CODE": 54, "SCHN_NAME": "הבוכרים", "Shape_STAr": 241532.420044, "Shape_STLe": 2033.42913888 }, "geometry": { "type": "Polygon", "coordinates": [ [ [ 35.2221594, 31.7917294 ], [ 35.222197, 31.7918165 ], [ 35.2224144, 31.7920124 ], [ 35.2226725, 31.7923024 ], [ 35.2228355, 31.7924466 ], [ 35.223107, 31.792657 ], [ 35.2226925, 31.7930171 ], [ 35.2219268, 31.7935153 ], [ 35.2218143, 31.7936242 ], [ 35.2217083, 31.7936928 ], [ 35.2212588, 31.7941329 ], [ 35.2203409, 31.7951411 ], [ 35.2199007, 31.7957013 ], [ 35.2195256, 31.795535 ], [ 35.2187667, 31.795145 ], [ 35.2182538, 31.794881 ], [ 35.2177971, 31.794617 ], [ 35.2172209, 31.7943231 ], [ 35.2168907, 31.7942151 ], [ 35.2163356, 31.7940231 ], [ 35.2156609, 31.7938068 ], [ 35.2151745, 31.7936397 ], [ 35.2153471, 31.7932444 ], [ 35.2155487, 31.7929136 ], [ 35.2158055, 31.7926908 ], [ 35.2161137, 31.7925085 ], [ 35.2169656, 31.7920103 ], [ 35.2173872, 31.7917718 ], [ 35.2180668, 31.7914027 ], [ 35.2188888, 31.790921 ], [ 35.2194491, 31.7906043 ], [ 35.2195895, 31.7905249 ], [ 35.2201691, 31.7901873 ], [ 35.2207117, 31.7898587 ], [ 35.2211668, 31.7904286 ], [ 35.221251, 31.7905453 ], [ 35.2212705, 31.7906573 ], [ 35.2213367, 31.7907034 ], [ 35.2215777, 31.7909974 ], [ 35.2216846, 31.7911311 ], [ 35.2218151, 31.791269 ], [ 35.2220076, 31.7915179 ], [ 35.2220379, 31.7915936 ], [ 35.2221594, 31.7917294 ] ] ] } },
{ "type": "Feature", "properties": { "CODE": 552, "SCHN_NAME": "הגבעה הצרפתי", "Shape_STAr": 987499.41961700004, "Shape_STLe": 4760.4390785200003 }, "geometry": { "type": "Polygon", "coordinates": [ [ [ 35.2404242, 31.8104664 ], [ 35.2399997, 31.8105209 ], [ 35.239928, 31.8104291 ], [ 35.2398512, 31.8101932 ], [ 35.2397437, 31.8100228 ], [ 35.2382134, 31.8093634 ], [ 35.2365757, 31.8088088 ], [ 35.2362687, 31.8088308 ], [ 35.2360972, 31.8088212 ], [ 35.2357743, 31.80839 ], [ 35.2355507, 31.8080376 ], [ 35.2350938, 31.8076525 ], [ 35.2347158, 31.8069832 ], [ 35.2343521, 31.8064511 ], [ 35.2344471, 31.8060996 ], [ 35.2348131, 31.8050303 ], [ 35.2349011, 31.8045656 ], [ 35.234806, 31.803796 ], [ 35.2345264, 31.8028735 ], [ 35.2341836, 31.802194 ], [ 35.2336618, 31.8014177 ], [ 35.2330716, 31.8003623 ], [ 35.2328336, 31.7998022 ], [ 35.2333248, 31.799454 ], [ 35.2337102, 31.7991796 ], [ 35.2341603, 31.7985022 ], [ 35.2349159, 31.7972086 ], [ 35.2355083, 31.7962304 ], [ 35.2363748, 31.7970289 ], [ 35.2372983, 31.797905 ], [ 35.2376171, 31.7982009 ], [ 35.2382131, 31.7986893 ], [ 35.2388624, 31.7992486 ], [ 35.2392064, 31.7995397 ], [ 35.2394021, 31.7997624 ], [ 35.2396869, 31.8004154 ], [ 35.2398946, 31.800985 ], [ 35.2406052, 31.8006539 ], [ 35.2411439, 31.8004155 ], [ 35.2414535, 31.8003566 ], [ 35.2419331, 31.800433 ], [ 35.2423284, 31.8004418 ], [ 35.2426076, 31.8003922 ], [ 35.2428289, 31.8002572 ], [ 35.2430713, 31.8002526 ], [ 35.2432558, 31.800302 ], [ 35.2433929, 31.8004235 ], [ 35.2434987, 31.8005418 ], [ 35.2435932, 31.800707 ], [ 35.2436197, 31.8009365 ], [ 35.2435248, 31.80131 ], [ 35.243378, 31.8016985 ], [ 35.2433677, 31.8023376 ], [ 35.2440581, 31.8023464 ], [ 35.2446219, 31.8022247 ], [ 35.2452068, 31.802148 ], [ 35.2456811, 31.8021703 ], [ 35.2460342, 31.8023142 ], [ 35.2462715, 31.8025797 ], [ 35.2456972, 31.8028499 ], [ 35.2451433, 31.8033542 ], [ 35.24478, 31.8039574 ], [ 35.244206, 31.8051367 ], [ 35.2436426, 31.8063295 ], [ 35.2432898, 31.8068877 ], [ 35.2428842, 31.8073334 ], [ 35.2422414, 31.8077836 ], [ 35.2416249, 31.8080223 ], [ 35.2409925, 31.808162 ], [ 35.2402073, 31.8083107 ], [ 35.2404242, 31.8104664 ] ] ] } },
{ "type": "Feature", "properties": { "CODE": 748, "SCHN_NAME": "הולילנד", "Shape_STAr": 196048.403793, "Shape_STLe": 1859.7648625700001 }, "geometry": { "type": "Polygon", "coordinates": [ [ [ 35.1922108, 31.7566528 ], [ 35.1924985, 31.7567074 ], [ 35.192767, 31.7567511 ], [ 35.1929204, 31.7567402 ], [ 35.1933322, 31.7581228 ], [ 35.1936646, 31.7590787 ], [ 35.1932148, 31.7590842 ], [ 35.1928692, 31.7591797 ], [ 35.1923281, 31.759451 ], [ 35.1922547, 31.759454 ], [ 35.1917696, 31.7590811 ], [ 35.1916858, 31.7591438 ], [ 35.1914833, 31.7593495 ], [ 35.1913436, 31.7595464 ], [ 35.1911411, 31.7596179 ], [ 35.1908968, 31.7595642 ], [ 35.1905791, 31.759427 ], [ 35.1903278, 31.7593643 ], [ 35.1901846, 31.7593852 ], [ 35.1900749, 31.7593986 ], [ 35.1898241, 31.7588657 ], [ 35.1893463, 31.7584212 ], [ 35.1889114, 31.7583694 ], [ 35.188614, 31.7582298 ], [ 35.1883795, 31.7580079 ], [ 35.1880486, 31.757589 ], [ 35.1878518, 31.7571094 ], [ 35.1877179, 31.7564365 ], [ 35.1877138, 31.7560142 ], [ 35.1878714, 31.7554171 ], [ 35.18807, 31.7550335 ], [ 35.1882753, 31.7548581 ], [ 35.1884848, 31.754758 ], [ 35.1886597, 31.7546625 ], [ 35.1887212, 31.7545504 ], [ 35.1887547, 31.7543261 ], [ 35.189338, 31.7544903 ], [ 35.1897119, 31.7546479 ], [ 35.1904177, 31.7550305 ], [ 35.1908917, 31.7554266 ], [ 35.1911178, 31.7557006 ], [ 35.1912408, 31.7558496 ], [ 35.1915262, 31.7562153 ], [ 35.1916796, 31.7563831 ], [ 35.1918336, 31.7564998 ], [ 35.1922108, 31.7566528 ] ] ] } },
{ "type": "Feature", "properties": { "CODE": 212, "SCHN_NAME": "הכפר השבדי", "Shape_STAr": 119891.01564, "Shape_STLe": 1396.5972381199999 }, "geometry": { "type": "Polygon", "coordinates": [ [ [ 35.1645399, 31.7604504 ], [ 35.1647574, 31.7606062 ], [ 35.1649291, 31.7606885 ], [ 35.1651098, 31.7607417 ], [ 35.1653794, 31.7607444 ], [ 35.1655193, 31.7607309 ], [ 35.1656932, 31.7606769 ], [ 35.1659303, 31.7605375 ], [ 35.1660452, 31.7604533 ], [ 35.1664677, 31.7601146 ], [ 35.1668208, 31.7598447 ], [ 35.1670511, 31.7610076 ], [ 35.167341, 31.7623153 ], [ 35.1673464, 31.7627352 ], [ 35.1670236, 31.7633971 ], [ 35.1663978, 31.7638169 ], [ 35.1652903, 31.7641615 ], [ 35.1646423, 31.7642854 ], [ 35.164095, 31.7640275 ], [ 35.1637545, 31.7634977 ], [ 35.1636935, 31.7625337 ], [ 35.1639454, 31.7613884 ], [ 35.1645399, 31.7604504 ] ] ] } },
{ "type": "Feature", "properties": { "CODE": 356, "SCHN_NAME": "המושבה היוונ", "Shape_STAr": 116228.41139199999, "Shape_STLe": 1501.5582369399999 }, "geometry": { "type": "Polygon", "coordinates": [ [ [ 35.2151751, 31.7595645 ], [ 35.2155581, 31.7600485 ], [ 35.2160969, 31.7606661 ], [ 35.216813, 31.7612778 ], [ 35.2180066, 31.7623147 ], [ 35.2188796, 31.7631012 ], [ 35.2186614, 31.7631828 ], [ 35.2181704, 31.7632528 ], [ 35.2173248, 31.7633869 ], [ 35.216854, 31.7634712 ], [ 35.2157328, 31.7636198 ], [ 35.2154983, 31.7636372 ], [ 35.2152933, 31.7636373 ], [ 35.2151151, 31.7636107 ], [ 35.2147105, 31.7634587 ], [ 35.2139013, 31.7631361 ], [ 35.213262, 31.7628389 ], [ 35.2131865, 31.7627951 ], [ 35.213832, 31.7619398 ], [ 35.2143741, 31.7612531 ], [ 35.2145787, 31.7608774 ], [ 35.2147276, 31.7605424 ], [ 35.2148796, 31.7602003 ], [ 35.2151751, 31.7595645 ] ] ] } },
{ "type": "Feature", "properties": { "CODE": 732, "SCHN_NAME": "הקריות החסיד", "Shape_STAr": 631819.38179000001, "Shape_STLe": 3822.8411797799999 }, "geometry": { "type": "Polygon", "coordinates": [ [ [ 35.2101039, 31.7996113 ], [ 35.2095906, 31.7997149 ], [ 35.2084717, 31.8000676 ], [ 35.207385, 31.800537 ], [ 35.2063732, 31.8010385 ], [ 35.2056228, 31.8016892 ], [ 35.2051264, 31.8014008 ], [ 35.2049218, 31.8011692 ], [ 35.2047632, 31.800754 ], [ 35.2044255, 31.8002821 ], [ 35.2039957, 31.7998626 ], [ 35.2032845, 31.7993338 ], [ 35.2026536, 31.7991134 ], [ 35.2018964, 31.7989826 ], [ 35.2008321, 31.7989884 ], [ 35.1998867, 31.7989136 ], [ 35.1991872, 31.7987002 ], [ 35.1984627, 31.7982522 ], [ 35.1980131, 31.7977828 ], [ 35.1976759, 31.7971 ], [ 35.1982541, 31.7970103 ], [ 35.1988886, 31.7969098 ], [ 35.1994392, 31.796897 ], [ 35.1996378, 31.7969167 ], [ 35.1999544, 31.7969437 ], [ 35.20013, 31.7969192 ], [ 35.2002108, 31.7968175 ], [ 35.200253, 31.7966864 ], [ 35.2002799, 31.7964504 ], [ 35.2004257, 31.7964603 ], [ 35.2006252, 31.7964472 ], [ 35.2010128, 31.7962767 ], [ 35.2011893, 31.7961063 ], [ 35.2012675, 31.7958471 ], [ 35.2013143, 31.7957417 ], [ 35.2013545, 31.7956852 ], [ 35.2013759, 31.7955982 ], [ 35.2014682, 31.7953369 ], [ 35.2015848, 31.7952083 ], [ 35.2016278, 31.7951459 ], [ 35.2017325, 31.7949787 ], [ 35.2017868, 31.7948843 ], [ 35.2018502, 31.7947638 ], [ 35.2021188, 31.7944049 ], [ 35.2022985, 31.7941405 ], [ 35.2024258, 31.7939887 ], [ 35.2026111, 31.7938975 ], [ 35.2028632, 31.7939002 ], [ 35.2030205, 31.7939199 ], [ 35.2032201, 31.7940149 ], [ 35.2033352, 31.7941263 ], [ 35.2035347, 31.794205 ], [ 35.2039069, 31.7943689 ], [ 35.2043633, 31.7946432 ], [ 35.2045769, 31.7946136 ], [ 35.2052715, 31.7945808 ], [ 35.2059123, 31.7945349 ], [ 35.2061426, 31.7945733 ], [ 35.2063131, 31.794282 ], [ 35.2065792, 31.7943985 ], [ 35.2068657, 31.7947189 ], [ 35.2070908, 31.79522 ], [ 35.207275, 31.7955929 ], [ 35.2074865, 31.7957152 ], [ 35.2079572, 31.7958958 ], [ 35.2086326, 31.7959541 ], [ 35.2092943, 31.7959482 ], [ 35.2102453, 31.7958163 ], [ 35.2109667, 31.7957245 ], [ 35.2114952, 31.7956351 ], [ 35.2118627, 31.795733 ], [ 35.2121275, 31.7958984 ], [ 35.2123173, 31.7961819 ], [ 35.2124279, 31.7965026 ], [ 35.2125613, 31.7969398 ], [ 35.2127034, 31.7972668 ], [ 35.2122314, 31.7973971 ], [ 35.211878, 31.7995839 ], [ 35.210741, 31.7995062 ], [ 35.2101039, 31.7996113 ] ] ] } },
{ "type": "Feature", "properties": { "CODE": 224, "SCHN_NAME": "הר הזיתים", "Shape_STAr": 645178.500015, "Shape_STLe": 4458.6058242299996 }, "geometry": { "type": "Polygon", "coordinates": [ [ [ 35.2368474, 31.7829348 ], [ 35.2368555, 31.7828778 ], [ 35.2368, 31.7828693 ], [ 35.2368877, 31.7823766 ], [ 35.2369238, 31.78238 ], [ 35.2369423, 31.7822919 ], [ 35.2368795, 31.7822884 ], [ 35.2368957, 31.7821294 ], [ 35.2369341, 31.7821346 ], [ 35.2369583, 31.7819929 ], [ 35.2369179, 31.781986 ], [ 35.2369502, 31.7817267 ], [ 35.2368935, 31.7817215 ], [ 35.2369177, 31.7815383 ], [ 35.2369663, 31.7815401 ], [ 35.2369844, 31.7814052 ], [ 35.2369015, 31.7813932 ], [ 35.236958, 31.780968 ], [ 35.2370787, 31.7800759 ], [ 35.2370392, 31.780072 ], [ 35.23713, 31.7794187 ], [ 35.2371996, 31.7788634 ], [ 35.2372911, 31.7781744 ], [ 35.2374686, 31.776771 ], [ 35.2375709, 31.7761257 ], [ 35.2378024, 31.7760836 ], [ 35.2380614, 31.7760344 ], [ 35.2384606, 31.775896 ], [ 35.2386044, 31.7756502 ], [ 35.2386222, 31.7753736 ], [ 35.2383847, 31.7749651 ], [ 35.2386105, 31.7748495 ], [ 35.2388506, 31.7747365 ], [ 35.239096, 31.7746558 ], [ 35.2393118, 31.7745889 ], [ 35.2394887, 31.7745256 ], [ 35.2396136, 31.774601 ], [ 35.2397594, 31.7747889 ], [ 35.2398398, 31.7747345 ], [ 35.2398519, 31.7747034 ], [ 35.2399566, 31.7746087 ], [ 35.2400157, 31.7745867 ], [ 35.2401098, 31.7745814 ], [ 35.2403617, 31.7745516 ], [ 35.2404679, 31.7745204 ], [ 35.2404873, 31.773895 ], [ 35.2406343, 31.773589 ], [ 35.2408963, 31.7733486 ], [ 35.240997, 31.7733074 ], [ 35.2419896, 31.7730882 ], [ 35.242734, 31.7729313 ], [ 35.2432465, 31.7728021 ], [ 35.243589, 31.7726845 ], [ 35.2447784, 31.7722555 ], [ 35.2448679, 31.7723685 ], [ 35.2448925, 31.7724153 ], [ 35.2449618, 31.772462 ], [ 35.2450054, 31.7724821 ], [ 35.2450591, 31.772588 ], [ 35.245125, 31.7727502 ], [ 35.2451675, 31.7728285 ], [ 35.2451966, 31.7728418 ], [ 35.2453385, 31.7728494 ], [ 35.2453754, 31.772879 ], [ 35.2453331, 31.7729324 ], [ 35.2452256, 31.7730124 ], [ 35.2451698, 31.7730685 ], [ 35.245248, 31.7731293 ], [ 35.2453346, 31.7731221 ], [ 35.2454896, 31.7730743 ], [ 35.2456921, 31.7730349 ], [ 35.2458892, 31.7729703 ], [ 35.2460565, 31.7728618 ], [ 35.2463301, 31.772703 ], [ 35.2465007, 31.7728324 ], [ 35.2465253, 31.7728266 ], [ 35.2465801, 31.7728877 ], [ 35.2467074, 31.77286 ], [ 35.2467734, 31.7730346 ], [ 35.2468059, 31.7732379 ], [ 35.2467266, 31.7732484 ], [ 35.2468156, 31.7735908 ], [ 35.246981, 31.773564 ], [ 35.2471398, 31.7738026 ], [ 35.2472761, 31.7739552 ], [ 35.2472326, 31.7741385 ], [ 35.2471266, 31.7742798 ], [ 35.246984, 31.7744462 ], [ 35.2469535, 31.7746382 ], [ 35.2468925, 31.7747736 ], [ 35.2468825, 31.774911 ], [ 35.2468267, 31.7750266 ], [ 35.2467754, 31.7751468 ], [ 35.2465475, 31.7752576 ], [ 35.2465196, 31.775292 ], [ 35.2467431, 31.7755267 ], [ 35.246846, 31.7755954 ], [ 35.246903, 31.7757901 ], [ 35.2466762, 31.7758455 ], [ 35.2465098, 31.7758723 ], [ 35.2464617, 31.7757874 ], [ 35.2463984, 31.7758024 ], [ 35.2463425, 31.7758156 ], [ 35.2461312, 31.7758307 ], [ 35.2460251, 31.7758345 ], [ 35.2460007, 31.7758956 ], [ 35.246003, 31.7761304 ], [ 35.2459428, 31.7764015 ], [ 35.2458647, 31.7766287 ], [ 35.2457464, 31.7770124 ], [ 35.2456952, 31.7772911 ], [ 35.2456854, 31.7775483 ], [ 35.2457761, 31.7781112 ], [ 35.2455987, 31.7781646 ], [ 35.2454927, 31.7783641 ], [ 35.2453981, 31.7784121 ], [ 35.2446457, 31.7783643 ], [ 35.2444298, 31.7783875 ], [ 35.2443998, 31.778577 ], [ 35.2444308, 31.7787615 ], [ 35.2445268, 31.7789458 ], [ 35.2447955, 31.779294 ], [ 35.2449778, 31.779384 ], [ 35.2450403, 31.7794427 ], [ 35.2450367, 31.7795717 ], [ 35.2451484, 31.779922 ], [ 35.2451017, 31.780008 ], [ 35.2448914, 31.7802431 ], [ 35.244772, 31.7803071 ], [ 35.2446466, 31.78034 ], [ 35.2444807, 31.7803642 ], [ 35.2440012, 31.7803506 ], [ 35.2438373, 31.780323 ], [ 35.2436107, 31.7803127 ], [ 35.2433739, 31.7803076 ], [ 35.2428985, 31.7803907 ], [ 35.2427569, 31.7804028 ], [ 35.24233, 31.7803338 ], [ 35.2417776, 31.7802285 ], [ 35.2416278, 31.7801836 ], [ 35.2414437, 31.7800886 ], [ 35.2412858, 31.7800489 ], [ 35.2406991, 31.7799489 ], [ 35.2404623, 31.7798781 ], [ 35.2401507, 31.7798194 ], [ 35.239914, 31.7797572 ], [ 35.2395478, 31.7798317 ], [ 35.2393253, 31.7798715 ], [ 35.2392941, 31.7799717 ], [ 35.2392294, 31.7800426 ], [ 35.2390574, 31.7801083 ], [ 35.2386811, 31.7802173 ], [ 35.2385294, 31.7803124 ], [ 35.2384546, 31.7804437 ], [ 35.2384587, 31.7805993 ], [ 35.2386936, 31.781033 ], [ 35.2389729, 31.7814426 ], [ 35.2390515, 31.7816314 ], [ 35.2390489, 31.7818203 ], [ 35.2389761, 31.7819886 ], [ 35.2387577, 31.7821937 ], [ 35.2380996, 31.78277 ], [ 35.2378947, 31.7830281 ], [ 35.2373041, 31.7839433 ], [ 35.2372174, 31.7839566 ], [ 35.2371467, 31.7839301 ], [ 35.2370091, 31.7838765 ], [ 35.2368816, 31.7838005 ], [ 35.2367627, 31.7837523 ], [ 35.2367789, 31.7836624 ], [ 35.2366959, 31.7836452 ], [ 35.2367928, 31.7829279 ], [ 35.2368424, 31.7829342 ], [ 35.2368474, 31.7829348 ] ] ] } },
{ "type": "Feature", "properties": { "CODE": 244, "SCHN_NAME": "הר החוצבים", "Shape_STAr": 1133811.265, "Shape_STLe": 4452.2861762100001 }, "geometry": { "type": "Polygon", "coordinates": [ [ [ 35.2101039, 31.7996113 ], [ 35.210741, 31.7995062 ], [ 35.211878, 31.7995839 ], [ 35.2127967, 31.7997469 ], [ 35.2133971, 31.7998634 ], [ 35.2135821, 31.7999144 ], [ 35.2137919, 31.8004999 ], [ 35.2139713, 31.8009559 ], [ 35.2142065, 31.8015783 ], [ 35.2142733, 31.8020046 ], [ 35.2142885, 31.8027202 ], [ 35.214234, 31.8034816 ], [ 35.2140521, 31.8043283 ], [ 35.2139158, 31.8051363 ], [ 35.2139068, 31.8060607 ], [ 35.2140615, 31.8067522 ], [ 35.2141055, 31.806956 ], [ 35.2118636, 31.8075311 ], [ 35.21072, 31.8077517 ], [ 35.2100342, 31.8078427 ], [ 35.2093782, 31.8079302 ], [ 35.208749, 31.8079948 ], [ 35.2081851, 31.8080623 ], [ 35.2074992, 31.8080813 ], [ 35.2064646, 31.8080725 ], [ 35.2050731, 31.8079157 ], [ 35.2041552, 31.8076797 ], [ 35.2025979, 31.807096 ], [ 35.2011909, 31.8063812 ], [ 35.2000751, 31.8053661 ], [ 35.1997967, 31.8045795 ], [ 35.1996889, 31.8030327 ], [ 35.1995941, 31.80103 ], [ 35.1996712, 31.8003997 ], [ 35.1998867, 31.7989136 ], [ 35.2008321, 31.7989884 ], [ 35.2018964, 31.7989826 ], [ 35.2026536, 31.7991134 ], [ 35.2032845, 31.7993338 ], [ 35.2039957, 31.7998626 ], [ 35.2044255, 31.8002821 ], [ 35.2047632, 31.800754 ], [ 35.2049218, 31.8011692 ], [ 35.2051264, 31.8014008 ], [ 35.2056228, 31.8016892 ], [ 35.2063732, 31.8010385 ], [ 35.207385, 31.800537 ], [ 35.2084717, 31.8000676 ], [ 35.2095906, 31.7997149 ], [ 35.2101039, 31.7996113 ] ] ] } },
{ "type": "Feature", "properties": { "CODE": 232, "SCHN_NAME": "הר המנוחות", "Shape_STAr": 836439.38627599995, "Shape_STLe": 4130.7847581100004 }, "geometry": { "type": "Polygon", "coordinates": [ [ [ 35.1842016, 31.8012092 ], [ 35.1837248, 31.801518 ], [ 35.1831926, 31.8017277 ], [ 35.1825172, 31.8017684 ], [ 35.181678, 31.8015934 ], [ 35.1799922, 31.8011497 ], [ 35.1791471, 31.8010569 ], [ 35.1773869, 31.8011265 ], [ 35.1764659, 31.8011321 ], [ 35.1755557, 31.8010304 ], [ 35.174536, 31.8006126 ], [ 35.1739494, 31.8002426 ], [ 35.1727349, 31.7989871 ], [ 35.1706944, 31.7969278 ], [ 35.1713215, 31.7964124 ], [ 35.1721629, 31.7948842 ], [ 35.1738622, 31.7948932 ], [ 35.1758318, 31.7948292 ], [ 35.176737, 31.794629 ], [ 35.1772315, 31.7948009 ], [ 35.1788072, 31.7946079 ], [ 35.1796622, 31.7942788 ], [ 35.181414, 31.7941145 ], [ 35.1826294, 31.7939424 ], [ 35.1839552, 31.7943432 ], [ 35.18394, 31.7947186 ], [ 35.1829089, 31.7959314 ], [ 35.1824278, 31.7969876 ], [ 35.1832, 31.7972753 ], [ 35.1835674, 31.7973875 ], [ 35.1838928, 31.7974358 ], [ 35.1840192, 31.7970197 ], [ 35.1847299, 31.7971249 ], [ 35.1845353, 31.7980402 ], [ 35.1845745, 31.7984354 ], [ 35.1856382, 31.7983439 ], [ 35.1858567, 31.7991302 ], [ 35.185609, 31.7993237 ], [ 35.1852611, 31.7998277 ], [ 35.1846985, 31.8005985 ], [ 35.1842016, 31.8012092 ] ] ] } },
{ "type": "Feature", "properties": { "CODE": 236, "SCHN_NAME": "הר הצופים", "Shape_STAr": 1537415.9949, "Shape_STLe": 6411.8103777099996 }, "geometry": { "type": "Polygon", "coordinates": [ [ [ 35.2411439, 31.8004155 ], [ 35.2406052, 31.8006539 ], [ 35.2398946, 31.800985 ], [ 35.2396869, 31.8004154 ], [ 35.2394021, 31.7997624 ], [ 35.2392064, 31.7995397 ], [ 35.2388624, 31.7992486 ], [ 35.2382131, 31.7986893 ], [ 35.2376171, 31.7982009 ], [ 35.2372983, 31.797905 ], [ 35.2363748, 31.7970289 ], [ 35.2355083, 31.7962304 ], [ 35.2355936, 31.7960502 ], [ 35.2356929, 31.7958781 ], [ 35.2359388, 31.7954198 ], [ 35.2362024, 31.7949362 ], [ 35.2364694, 31.7945651 ], [ 35.2368052, 31.7942579 ], [ 35.2371885, 31.7940215 ], [ 35.2376192, 31.793856 ], [ 35.2380539, 31.7937479 ], [ 35.2387968, 31.7936498 ], [ 35.2393066, 31.793572 ], [ 35.2396425, 31.7934436 ], [ 35.2399072, 31.7932951 ], [ 35.2401206, 31.7931229 ], [ 35.2403299, 31.792792 ], [ 35.2404049, 31.7925861 ], [ 35.2404719, 31.7920899 ], [ 35.2405468, 31.7915329 ], [ 35.2407086, 31.7910738 ], [ 35.2408429, 31.7908746 ], [ 35.2412617, 31.7905268 ], [ 35.2419492, 31.7902465 ], [ 35.2430287, 31.7899872 ], [ 35.2436048, 31.789867 ], [ 35.2439138, 31.7895849 ], [ 35.2437221, 31.7872263 ], [ 35.2437429, 31.7866907 ], [ 35.2439219, 31.7863126 ], [ 35.2442115, 31.7858984 ], [ 35.2444011, 31.7856464 ], [ 35.2454059, 31.7854002 ], [ 35.2463762, 31.7850675 ], [ 35.2470939, 31.784872 ], [ 35.2473513, 31.7848274 ], [ 35.2477672, 31.784727 ], [ 35.2482799, 31.7847648 ], [ 35.24852, 31.7848406 ], [ 35.2490507, 31.785086 ], [ 35.2498053, 31.7853939 ], [ 35.2504235, 31.7855377 ], [ 35.2508592, 31.7856336 ], [ 35.2511614, 31.7859755 ], [ 35.2511696, 31.7863297 ], [ 35.251122, 31.7866651 ], [ 35.2510496, 31.7871757 ], [ 35.2510498, 31.7875057 ], [ 35.2512889, 31.7880937 ], [ 35.2517013, 31.7885556 ], [ 35.2521607, 31.7893475 ], [ 35.2528398, 31.7898087 ], [ 35.2537018, 31.7901924 ], [ 35.2546138, 31.7905334 ], [ 35.2549635, 31.790678 ], [ 35.2552509, 31.7908212 ], [ 35.2559007, 31.7913117 ], [ 35.2564757, 31.7920795 ], [ 35.2567185, 31.792661 ], [ 35.256776, 31.7931462 ], [ 35.2565689, 31.7936447 ], [ 35.2556789, 31.7935571 ], [ 35.2543864, 31.7940056 ], [ 35.2527567, 31.7947424 ], [ 35.2516048, 31.7954469 ], [ 35.2512521, 31.7955449 ], [ 35.2505393, 31.7957603 ], [ 35.2499125, 31.7955854 ], [ 35.2493034, 31.7951215 ], [ 35.2488443, 31.7950097 ], [ 35.2484039, 31.7948578 ], [ 35.2480667, 31.7948579 ], [ 35.247795, 31.794794 ], [ 35.2475233, 31.7946581 ], [ 35.2470535, 31.7943191 ], [ 35.2466424, 31.7940053 ], [ 35.246342, 31.793894 ], [ 35.2460614, 31.7938604 ], [ 35.245761, 31.793901 ], [ 35.2453896, 31.7940901 ], [ 35.2441965, 31.7949951 ], [ 35.2437777, 31.7953294 ], [ 35.2435485, 31.795397 ], [ 35.2433628, 31.7954139 ], [ 35.2432681, 31.7958764 ], [ 35.2433078, 31.7963995 ], [ 35.24331, 31.7969189 ], [ 35.243314, 31.7971889 ], [ 35.2434051, 31.7975737 ], [ 35.243429, 31.79808 ], [ 35.2433679, 31.7986851 ], [ 35.2432467, 31.7989317 ], [ 35.2432093, 31.7991398 ], [ 35.2431417, 31.7995241 ], [ 35.2430905, 31.7998785 ], [ 35.243007, 31.8000824 ], [ 35.2428289, 31.8002572 ], [ 35.2426076, 31.8003922 ], [ 35.2423284, 31.8004418 ], [ 35.2419331, 31.800433 ], [ 35.2414535, 31.8003566 ], [ 35.2411439, 31.8004155 ] ] ] } },
{ "type": "Feature", "properties": { "CODE": 240, "SCHN_NAME": "הר הרצל", "Shape_STAr": 322201.69322199997, "Shape_STLe": 2414.1056317799998 }, "geometry": { "type": "Polygon", "coordinates": [ [ [ 35.1836105, 31.7749108 ], [ 35.1839006, 31.7754337 ], [ 35.1841731, 31.7759873 ], [ 35.1839834, 31.7760717 ], [ 35.1836713, 31.7761493 ], [ 35.1828699, 31.7763076 ], [ 35.1822887, 31.7763736 ], [ 35.1817882, 31.7765491 ], [ 35.1812821, 31.7769427 ], [ 35.181019, 31.7773983 ], [ 35.1802098, 31.7795 ], [ 35.1800848, 31.779448 ], [ 35.1798078, 31.7793971 ], [ 35.1795909, 31.7793711 ], [ 35.1795109, 31.7793571 ], [ 35.1792859, 31.7793191 ], [ 35.1790508, 31.7792531 ], [ 35.1789938, 31.779234 ], [ 35.1785972, 31.7791863 ], [ 35.1780978, 31.7791265 ], [ 35.1778814, 31.7782734 ], [ 35.1777282, 31.776961 ], [ 35.1776726, 31.7760304 ], [ 35.1776519, 31.7758618 ], [ 35.177657, 31.7755054 ], [ 35.177698, 31.7751035 ], [ 35.1777819, 31.7746382 ], [ 35.1781675, 31.7742016 ], [ 35.1783184, 31.7737364 ], [ 35.1785952, 31.7727271 ], [ 35.1789202, 31.7719975 ], [ 35.1792497, 31.7720119 ], [ 35.1796184, 31.7720311 ], [ 35.1798866, 31.7720168 ], [ 35.180272, 31.7719978 ], [ 35.181339, 31.7719312 ], [ 35.1818777, 31.7718561 ], [ 35.181901, 31.7719366 ], [ 35.1821874, 31.7725663 ], [ 35.1824776, 31.7731584 ], [ 35.1829645, 31.7738626 ], [ 35.1831284, 31.7741148 ], [ 35.1833137, 31.774414 ], [ 35.1836105, 31.7749108 ] ] ] } },
{ "type": "Feature", "properties": { "CODE": 248, "SCHN_NAME": "הר נוף", "Shape_STAr": 1652234.42508, "Shape_STLe": 5811.9684803399996 }, "geometry": { "type": "Polygon", "coordinates": [ [ [ 35.1802489, 31.780441 ], [ 35.1804098, 31.7805191 ], [ 35.1809227, 31.7809707 ], [ 35.1813455, 31.7813859 ], [ 35.1815943, 31.7816763 ], [ 35.1818455, 31.7820287 ], [ 35.1820921, 31.7822333 ], [ 35.1822936, 31.7823143 ], [ 35.1824872, 31.7823346 ], [ 35.1829733, 31.7823178 ], [ 35.1833605, 31.7823449 ], [ 35.1837082, 31.7824023 ], [ 35.1841113, 31.7825442 ], [ 35.1844945, 31.7827569 ], [ 35.1848541, 31.783 ], [ 35.1850007, 31.7832395 ], [ 35.1851266, 31.7835616 ], [ 35.1839651, 31.783636 ], [ 35.1830783, 31.7837959 ], [ 35.182279, 31.7840625 ], [ 35.1815295, 31.7844037 ], [ 35.1808042, 31.785003 ], [ 35.1800242, 31.785945 ], [ 35.1797923, 31.7861429 ], [ 35.1796112, 31.7862518 ], [ 35.1795058, 31.7862968 ], [ 35.1797375, 31.7867829 ], [ 35.1798658, 31.7871438 ], [ 35.1798921, 31.7873913 ], [ 35.1798236, 31.7875488 ], [ 35.1796339, 31.7876523 ], [ 35.1794705, 31.7877738 ], [ 35.1795277, 31.7882724 ], [ 35.1795567, 31.7885529 ], [ 35.1796585, 31.7898006 ], [ 35.1795465, 31.790437 ], [ 35.1794074, 31.7907079 ], [ 35.1794929, 31.7919393 ], [ 35.1796096, 31.7926658 ], [ 35.1796512, 31.7936202 ], [ 35.1796622, 31.7942788 ], [ 35.1788072, 31.7946079 ], [ 35.1772315, 31.7948009 ], [ 35.176737, 31.794629 ], [ 35.1758318, 31.7948292 ], [ 35.1738622, 31.7948932 ], [ 35.1721635, 31.794891 ], [ 35.1721849, 31.7937425 ], [ 35.1719265, 31.7927481 ], [ 35.1717115, 31.7919306 ], [ 35.1713603, 31.7916845 ], [ 35.1708134, 31.7912211 ], [ 35.1704122, 31.7907241 ], [ 35.1701313, 31.790316 ], [ 35.1695766, 31.7896618 ], [ 35.1694151, 31.7894277 ], [ 35.1692957, 31.7891757 ], [ 35.1678639, 31.7894843 ], [ 35.1677918, 31.7883651 ], [ 35.1677449, 31.7877701 ], [ 35.1677919, 31.7874731 ], [ 35.1678618, 31.7872932 ], [ 35.1678499, 31.7872401 ], [ 35.1678379, 31.7871591 ], [ 35.1678298, 31.7870591 ], [ 35.1678279, 31.7869621 ], [ 35.1678469, 31.7868622 ], [ 35.1678698, 31.7867602 ], [ 35.1679228, 31.7866221 ], [ 35.1679729, 31.7865211 ], [ 35.1680309, 31.7864141 ], [ 35.1681239, 31.7862862 ], [ 35.1683778, 31.7859731 ], [ 35.1685689, 31.785751 ], [ 35.1689798, 31.7853471 ], [ 35.1692739, 31.7851131 ], [ 35.1694348, 31.7850561 ], [ 35.1696488, 31.7850301 ], [ 35.1697808, 31.7849891 ], [ 35.1698848, 31.7849511 ], [ 35.1699689, 31.7849401 ], [ 35.1700649, 31.7849221 ], [ 35.1701568, 31.7848952 ], [ 35.1702009, 31.7848401 ], [ 35.1702119, 31.7847431 ], [ 35.1701539, 31.7846501 ], [ 35.1700518, 31.7845561 ], [ 35.1699539, 31.7844361 ], [ 35.1698938, 31.7843111 ], [ 35.1698258, 31.7841181 ], [ 35.1697848, 31.7838101 ], [ 35.1697939, 31.7835712 ], [ 35.1698338, 31.7833961 ], [ 35.1698698, 31.7832751 ], [ 35.1700418, 31.7829281 ], [ 35.1700768, 31.7828791 ], [ 35.1701519, 31.7827692 ], [ 35.1703349, 31.7825161 ], [ 35.1706438, 31.782135 ], [ 35.1707138, 31.7820511 ], [ 35.1709039, 31.7818241 ], [ 35.1709878, 31.7817321 ], [ 35.1710948, 31.7816151 ], [ 35.1711647, 31.7815021 ], [ 35.1713478, 31.7811841 ], [ 35.1715399, 31.7808681 ], [ 35.1717218, 31.7805671 ], [ 35.1718318, 31.7803921 ], [ 35.1719438, 31.7802391 ], [ 35.1720908, 31.7800642 ], [ 35.1722298, 31.7799331 ], [ 35.1723818, 31.7797981 ], [ 35.1724068, 31.7797771 ], [ 35.1724698, 31.7797261 ], [ 35.1725487, 31.7796691 ], [ 35.1726248, 31.7796152 ], [ 35.1727548, 31.779537 ], [ 35.1729728, 31.779452 ], [ 35.1731928, 31.7793901 ], [ 35.1732448, 31.779379 ], [ 35.1736248, 31.7793031 ], [ 35.1737108, 31.7792911 ], [ 35.1738998, 31.7792651 ], [ 35.1741939, 31.7792371 ], [ 35.1743898, 31.7792221 ], [ 35.1747778, 31.7792031 ], [ 35.1751158, 31.7792051 ], [ 35.1752688, 31.7792101 ], [ 35.1755988, 31.7792341 ], [ 35.1757677, 31.7792561 ], [ 35.1759919, 31.7792941 ], [ 35.1762969, 31.7793621 ], [ 35.1765799, 31.779442 ], [ 35.1767528, 31.779503 ], [ 35.1769378, 31.7795631 ], [ 35.1770679, 31.7795921 ], [ 35.1771828, 31.7796151 ], [ 35.1773619, 31.7796391 ], [ 35.1775359, 31.7796581 ], [ 35.1776218, 31.7796771 ], [ 35.1779769, 31.7797711 ], [ 35.1782169, 31.7798351 ], [ 35.1783929, 31.7798811 ], [ 35.1785749, 31.7799241 ], [ 35.1788168, 31.779971 ], [ 35.1789158, 31.779992 ], [ 35.1792198, 31.7800681 ], [ 35.1792972, 31.7800867 ], [ 35.1793679, 31.7801041 ], [ 35.1797398, 31.7802191 ], [ 35.1798439, 31.7802571 ], [ 35.1800059, 31.7803171 ], [ 35.1801249, 31.7803781 ], [ 35.1802489, 31.780441 ] ] ] } },
{ "type": "Feature", "properties": { "CODE": 252, "SCHN_NAME": "הר ציון", "Shape_STAr": 178360.80998200001, "Shape_STLe": 1700.04215346 }, "geometry": { "type": "Polygon", "coordinates": [ [ [ 35.2266728, 31.7712486 ], [ 35.2266657, 31.7709892 ], [ 35.2267444, 31.7708251 ], [ 35.2267979, 31.7706046 ], [ 35.2269168, 31.7703784 ], [ 35.2270676, 31.7701951 ], [ 35.2271983, 31.7700476 ], [ 35.2276042, 31.7696369 ], [ 35.2282899, 31.7690294 ], [ 35.2284363, 31.7689231 ], [ 35.2286329, 31.7688506 ], [ 35.2291089, 31.7686691 ], [ 35.2293301, 31.768587 ], [ 35.2294821, 31.7685564 ], [ 35.229663, 31.7685392 ], [ 35.2304874, 31.7685753 ], [ 35.2310326, 31.7685733 ], [ 35.2312458, 31.768613 ], [ 35.2312442, 31.7695005 ], [ 35.2312904, 31.770146 ], [ 35.231198, 31.7704701 ], [ 35.2312981, 31.7705206 ], [ 35.231465, 31.7706644 ], [ 35.2315541, 31.7708141 ], [ 35.2315467, 31.7709548 ], [ 35.2313008, 31.7717544 ], [ 35.231228, 31.7718627 ], [ 35.2310581, 31.771895 ], [ 35.2306669, 31.7718605 ], [ 35.2305769, 31.7720509 ], [ 35.2305312, 31.7725417 ], [ 35.2304824, 31.7729213 ], [ 35.2297479, 31.7728202 ], [ 35.2294829, 31.7729153 ], [ 35.2287385, 31.7729448 ], [ 35.2286778, 31.7729431 ], [ 35.2286798, 31.772912 ], [ 35.2285584, 31.7729051 ], [ 35.2285624, 31.7729345 ], [ 35.2277208, 31.7729295 ], [ 35.2267841, 31.7729448 ], [ 35.2267991, 31.7727544 ], [ 35.2268158, 31.7722634 ], [ 35.2268089, 31.7717308 ], [ 35.2267907, 31.771555 ], [ 35.2267496, 31.7714072 ], [ 35.2266554, 31.7713339 ], [ 35.2266728, 31.7712486 ] ] ] } },
{ "type": "Feature", "properties": { "CODE": 260, "SCHN_NAME": "הרובע הארמני", "Shape_STAr": 135990.80098, "Shape_STLe": 1600.46954658 }, "geometry": { "type": "Polygon", "coordinates": [ [ [ 35.2311858, 31.7766325 ], [ 35.2311794, 31.7767235 ], [ 35.2311677, 31.7768192 ], [ 35.2311297, 31.7768166 ], [ 35.2309375, 31.7768075 ], [ 35.2305865, 31.7767908 ], [ 35.230148, 31.7767689 ], [ 35.2296715, 31.7767353 ], [ 35.2294086, 31.7767234 ], [ 35.2291446, 31.7767118 ], [ 35.2287167, 31.7767404 ], [ 35.2282913, 31.7766323 ], [ 35.2277981, 31.7764638 ], [ 35.2276904, 31.7765235 ], [ 35.2275978, 31.7764159 ], [ 35.2275993, 31.7763744 ], [ 35.2275492, 31.7761022 ], [ 35.2275158, 31.7759661 ], [ 35.2274717, 31.7758637 ], [ 35.2274538, 31.7755658 ], [ 35.2278046, 31.7755288 ], [ 35.2277544, 31.7750272 ], [ 35.2277256, 31.7750233 ], [ 35.2277195, 31.774974 ], [ 35.2277468, 31.7749688 ], [ 35.2277194, 31.7747498 ], [ 35.2277209, 31.7745489 ], [ 35.2276147, 31.7745437 ], [ 35.2276238, 31.774405 ], [ 35.2277118, 31.7744089 ], [ 35.227695, 31.7742287 ], [ 35.2276919, 31.7738878 ], [ 35.2277496, 31.7738878 ], [ 35.2277829, 31.7737206 ], [ 35.2278056, 31.7734873 ], [ 35.227707, 31.7734899 ], [ 35.2276994, 31.7733862 ], [ 35.2278056, 31.7733823 ], [ 35.2277949, 31.7731152 ], [ 35.2277209, 31.7731213 ], [ 35.2277208, 31.7729295 ], [ 35.2285624, 31.7729345 ], [ 35.2285584, 31.7729051 ], [ 35.2286798, 31.772912 ], [ 35.2286778, 31.7729431 ], [ 35.2287385, 31.7729448 ], [ 35.2294829, 31.7729153 ], [ 35.2297479, 31.7728202 ], [ 35.2304824, 31.7729213 ], [ 35.2306381, 31.7729427 ], [ 35.2306438, 31.7729157 ], [ 35.2307545, 31.7729312 ], [ 35.2307515, 31.7729558 ], [ 35.2309958, 31.7730038 ], [ 35.2309882, 31.7730569 ], [ 35.2312614, 31.7731074 ], [ 35.2311629, 31.7737513 ], [ 35.2310282, 31.774203 ], [ 35.2309746, 31.7744125 ], [ 35.2309747, 31.7747715 ], [ 35.2310462, 31.775277 ], [ 35.2310858, 31.7757087 ], [ 35.231128, 31.7759365 ], [ 35.2311858, 31.7766325 ] ] ] } },
{ "type": "Feature", "properties": { "CODE": 264, "SCHN_NAME": "הרובע היהודי", "Shape_STAr": 114773.07449299999, "Shape_STLe": 1622.0904465399999 }, "geometry": { "type": "Polygon", "coordinates": [ [ [ 35.2312614, 31.7731074 ], [ 35.2314955, 31.7731486 ], [ 35.2314753, 31.7732402 ], [ 35.2323069, 31.773399 ], [ 35.2323392, 31.7733644 ], [ 35.2324181, 31.7734353 ], [ 35.2323777, 31.7734664 ], [ 35.2324101, 31.7737239 ], [ 35.2324122, 31.7738345 ], [ 35.2324527, 31.7739123 ], [ 35.2325012, 31.7739123 ], [ 35.2325235, 31.7740194 ], [ 35.2332519, 31.7742906 ], [ 35.2335616, 31.7747502 ], [ 35.2350244, 31.7749521 ], [ 35.235769, 31.7750643 ], [ 35.2356303, 31.7758359 ], [ 35.2352553, 31.775776 ], [ 35.2348345, 31.7757001 ], [ 35.2346564, 31.7756794 ], [ 35.2345496, 31.7764508 ], [ 35.2345712, 31.7764623 ], [ 35.2344662, 31.7769578 ], [ 35.2344123, 31.7772435 ], [ 35.234012, 31.7771722 ], [ 35.2332674, 31.7769673 ], [ 35.2330111, 31.7769166 ], [ 35.2325983, 31.7768637 ], [ 35.2321694, 31.7768247 ], [ 35.2318565, 31.7767832 ], [ 35.231441, 31.7767442 ], [ 35.2311794, 31.7767235 ], [ 35.2311858, 31.7766325 ], [ 35.231128, 31.7759365 ], [ 35.2310858, 31.7757087 ], [ 35.2310462, 31.775277 ], [ 35.2309747, 31.7747715 ], [ 35.2309746, 31.7744125 ], [ 35.2310282, 31.774203 ], [ 35.2311629, 31.7737513 ], [ 35.2312614, 31.7731074 ] ] ] } },
{ "type": "Feature", "properties": { "CODE": 268, "SCHN_NAME": "הרובע המוסלמ", "Shape_STAr": 434180.01240499999, "Shape_STLe": 3069.1036005400001 }, "geometry": { "type": "Polygon", "coordinates": [ [ [ 35.2346564, 31.7756794 ], [ 35.2348345, 31.7757001 ], [ 35.2352553, 31.775776 ], [ 35.2356303, 31.7758359 ], [ 35.2375709, 31.7761257 ], [ 35.2374686, 31.776771 ], [ 35.2372911, 31.7781744 ], [ 35.2371996, 31.7788634 ], [ 35.23713, 31.7794187 ], [ 35.2370392, 31.780072 ], [ 35.2370787, 31.7800759 ], [ 35.2369943, 31.7807554 ], [ 35.236958, 31.780968 ], [ 35.2369015, 31.7813932 ], [ 35.2369844, 31.7814052 ], [ 35.2369663, 31.7815401 ], [ 35.2369177, 31.7815383 ], [ 35.2368935, 31.7817215 ], [ 35.2369502, 31.7817267 ], [ 35.2369179, 31.781986 ], [ 35.2369583, 31.7819929 ], [ 35.2369341, 31.7821346 ], [ 35.2368957, 31.7821294 ], [ 35.2368795, 31.7822884 ], [ 35.2369423, 31.7822919 ], [ 35.2369238, 31.78238 ], [ 35.2368877, 31.7823766 ], [ 35.2368, 31.7828693 ], [ 35.2368555, 31.7828778 ], [ 35.2368474, 31.7829348 ], [ 35.2367928, 31.7829279 ], [ 35.2367434, 31.7832932 ], [ 35.2366959, 31.7836452 ], [ 35.2367789, 31.7836624 ], [ 35.2367627, 31.7837523 ], [ 35.2366555, 31.7837402 ], [ 35.2366595, 31.7837039 ], [ 35.2365239, 31.7836971 ], [ 35.2362852, 31.7836384 ], [ 35.236271, 31.7836833 ], [ 35.2361941, 31.783666 ], [ 35.2361961, 31.7836436 ], [ 35.2358906, 31.7835693 ], [ 35.2358845, 31.7836039 ], [ 35.2358097, 31.7835866 ], [ 35.2358177, 31.7835503 ], [ 35.2354879, 31.7834796 ], [ 35.2353956, 31.7834566 ], [ 35.2353948, 31.7834744 ], [ 35.2351075, 31.7834088 ], [ 35.2350853, 31.7834382 ], [ 35.2349922, 31.783414 ], [ 35.2350063, 31.783376 ], [ 35.2349016, 31.7833486 ], [ 35.2349355, 31.7832688 ], [ 35.2347088, 31.7832101 ], [ 35.2346967, 31.783243 ], [ 35.2345247, 31.7832015 ], [ 35.2345328, 31.7831722 ], [ 35.2341747, 31.7830945 ], [ 35.2341625, 31.7831239 ], [ 35.2341038, 31.78311 ], [ 35.234114, 31.7830841 ], [ 35.2337052, 31.7829822 ], [ 35.233685, 31.7830393 ], [ 35.2335858, 31.7830151 ], [ 35.2335899, 31.7829598 ], [ 35.2332113, 31.7828759 ], [ 35.2332095, 31.7828648 ], [ 35.2330152, 31.7828407 ], [ 35.2330092, 31.7828752 ], [ 35.2328857, 31.782858 ], [ 35.2329019, 31.7827975 ], [ 35.2324871, 31.7827077 ], [ 35.2324628, 31.7825643 ], [ 35.2321451, 31.7824969 ], [ 35.2321492, 31.7825229 ], [ 35.2320945, 31.7825177 ], [ 35.2320986, 31.7824918 ], [ 35.231791, 31.7825264 ], [ 35.2317465, 31.7825955 ], [ 35.2315826, 31.7825645 ], [ 35.2315624, 31.7825852 ], [ 35.23135, 31.782523 ], [ 35.2312447, 31.7824885 ], [ 35.2311476, 31.7824142 ], [ 35.2310201, 31.7823399 ], [ 35.2310504, 31.7822725 ], [ 35.230925, 31.7821878 ], [ 35.2308926, 31.7822224 ], [ 35.2308238, 31.7821671 ], [ 35.2308683, 31.7821101 ], [ 35.2307125, 31.7820012 ], [ 35.2307468, 31.7819546 ], [ 35.230502, 31.7817887 ], [ 35.2304442, 31.7818391 ], [ 35.2303816, 31.7817983 ], [ 35.2304032, 31.78174 ], [ 35.2303794, 31.7817298 ], [ 35.2305368, 31.7815937 ], [ 35.2307485, 31.7812378 ], [ 35.2307731, 31.7811853 ], [ 35.2307415, 31.7809654 ], [ 35.2307732, 31.7802895 ], [ 35.2308062, 31.7801698 ], [ 35.2308707, 31.7792872 ], [ 35.2309279, 31.7785466 ], [ 35.2309325, 31.7781588 ], [ 35.2308279, 31.7781514 ], [ 35.2308852, 31.7777526 ], [ 35.2309134, 31.7771753 ], [ 35.2309375, 31.7768075 ], [ 35.2311297, 31.7768166 ], [ 35.2311677, 31.7768192 ], [ 35.2311794, 31.7767235 ], [ 35.231441, 31.7767442 ], [ 35.2318565, 31.7767832 ], [ 35.2321694, 31.7768247 ], [ 35.2325983, 31.7768637 ], [ 35.2330111, 31.7769166 ], [ 35.2332674, 31.7769673 ], [ 35.234012, 31.7771722 ], [ 35.2344123, 31.7772435 ], [ 35.2344662, 31.7769578 ], [ 35.2345712, 31.7764623 ], [ 35.2345496, 31.7764508 ], [ 35.2346564, 31.7756794 ] ] ] } },
{ "type": "Feature", "properties": { "CODE": 270, "SCHN_NAME": "הרובע הנוצרי", "Shape_STAr": 180494.50529500001, "Shape_STLe": 1956.8622899300001 }, "geometry": { "type": "Polygon", "coordinates": [ [ [ 35.2309375, 31.7768075 ], [ 35.2309134, 31.7771753 ], [ 35.2308852, 31.7777526 ], [ 35.2308279, 31.7781514 ], [ 35.2309325, 31.7781588 ], [ 35.2309279, 31.7785466 ], [ 35.2308707, 31.7792872 ], [ 35.2308062, 31.7801698 ], [ 35.2307732, 31.7802895 ], [ 35.2307415, 31.7809654 ], [ 35.2307731, 31.7811853 ], [ 35.2307485, 31.7812378 ], [ 35.2305368, 31.7815937 ], [ 35.2303794, 31.7817298 ], [ 35.2302337, 31.7816222 ], [ 35.2301776, 31.7816508 ], [ 35.2301154, 31.7816028 ], [ 35.23017, 31.781538 ], [ 35.2298558, 31.7812995 ], [ 35.2297617, 31.7813747 ], [ 35.2296358, 31.7812672 ], [ 35.22961, 31.7812918 ], [ 35.2294992, 31.7812024 ], [ 35.2295614, 31.7811402 ], [ 35.2294384, 31.7810482 ], [ 35.2294764, 31.7810106 ], [ 35.2289111, 31.7805879 ], [ 35.2285111, 31.7802888 ], [ 35.2284701, 31.7803238 ], [ 35.2283396, 31.7802318 ], [ 35.2283851, 31.7801864 ], [ 35.2281165, 31.7799842 ], [ 35.2280891, 31.7800011 ], [ 35.2280406, 31.7799648 ], [ 35.2280633, 31.7799441 ], [ 35.2277143, 31.7796797 ], [ 35.2273972, 31.7799844 ], [ 35.2272151, 31.7798483 ], [ 35.2272014, 31.7798574 ], [ 35.2268265, 31.779593 ], [ 35.2267765, 31.7796526 ], [ 35.2265974, 31.7795334 ], [ 35.2264942, 31.779466 ], [ 35.2262878, 31.7793676 ], [ 35.2262833, 31.7793753 ], [ 35.2260374, 31.7792652 ], [ 35.2259843, 31.7793248 ], [ 35.225831, 31.7792315 ], [ 35.2259281, 31.7791019 ], [ 35.2259418, 31.7791058 ], [ 35.2261026, 31.77891 ], [ 35.2258339, 31.7786586 ], [ 35.2258628, 31.7786392 ], [ 35.2256445, 31.7784248 ], [ 35.2258091, 31.7783141 ], [ 35.2257983, 31.7781782 ], [ 35.2258684, 31.7781551 ], [ 35.2258657, 31.7780699 ], [ 35.2263673, 31.777678 ], [ 35.2269175, 31.7772309 ], [ 35.2275621, 31.7766823 ], [ 35.2274893, 31.776627 ], [ 35.2275459, 31.7765671 ], [ 35.2275729, 31.7765072 ], [ 35.2275978, 31.7764159 ], [ 35.2276904, 31.7765235 ], [ 35.2277981, 31.7764638 ], [ 35.2282913, 31.7766323 ], [ 35.2287167, 31.7767404 ], [ 35.2291446, 31.7767118 ], [ 35.2294086, 31.7767234 ], [ 35.2296715, 31.7767353 ], [ 35.230148, 31.7767689 ], [ 35.2309375, 31.7768075 ] ] ] } },
{ "type": "Feature", "properties": { "CODE": 272, "SCHN_NAME": "ואדי ג'וז", "Shape_STAr": 528371.70172100002, "Shape_STLe": 3559.5561073600002 }, "geometry": { "type": "Polygon", "coordinates": [ [ [ 35.2337989, 31.789883 ], [ 35.2343354, 31.7895876 ], [ 35.235454, 31.7891834 ], [ 35.2352709, 31.7887348 ], [ 35.2351788, 31.7884989 ], [ 35.235525, 31.7883865 ], [ 35.236114, 31.7881585 ], [ 35.2364874, 31.7880559 ], [ 35.2366719, 31.7879761 ], [ 35.2369985, 31.7877254 ], [ 35.2373056, 31.7874459 ], [ 35.2374684, 31.7871159 ], [ 35.2374762, 31.7867615 ], [ 35.2373766, 31.7864928 ], [ 35.2370491, 31.7857805 ], [ 35.2369201, 31.7853883 ], [ 35.2368822, 31.7850807 ], [ 35.2369976, 31.7846402 ], [ 35.237113, 31.7841598 ], [ 35.2372174, 31.7839566 ], [ 35.2373041, 31.7839433 ], [ 35.2375254, 31.7839933 ], [ 35.2380354, 31.7841222 ], [ 35.2386424, 31.7842511 ], [ 35.238985, 31.7842717 ], [ 35.2392741, 31.7852267 ], [ 35.2397747, 31.7860714 ], [ 35.2408056, 31.7875508 ], [ 35.2413023, 31.7880308 ], [ 35.2416679, 31.7887267 ], [ 35.2418931, 31.7897108 ], [ 35.2419492, 31.7902465 ], [ 35.2412617, 31.7905287 ], [ 35.2408429, 31.7908765 ], [ 35.2407086, 31.7910757 ], [ 35.2405468, 31.7915348 ], [ 35.2404719, 31.7920918 ], [ 35.2404049, 31.792588 ], [ 35.2403299, 31.7927939 ], [ 35.2401206, 31.7931247 ], [ 35.2399072, 31.793297 ], [ 35.2396425, 31.7934455 ], [ 35.2393066, 31.7935739 ], [ 35.2387968, 31.7936517 ], [ 35.2380539, 31.7937498 ], [ 35.2376192, 31.7938579 ], [ 35.2371885, 31.7940234 ], [ 35.2368052, 31.7942598 ], [ 35.2364694, 31.794567 ], [ 35.2362024, 31.7949381 ], [ 35.2359388, 31.7954217 ], [ 35.2356929, 31.79588 ], [ 35.2355936, 31.7960521 ], [ 35.2355083, 31.7962304 ], [ 35.2344588, 31.7952591 ], [ 35.2345125, 31.794996 ], [ 35.2345374, 31.7947688 ], [ 35.2346008, 31.7945875 ], [ 35.2347293, 31.7943243 ], [ 35.2348229, 31.7941102 ], [ 35.2349811, 31.7936278 ], [ 35.2350231, 31.7931841 ], [ 35.2348648, 31.7927071 ], [ 35.2347086, 31.7921925 ], [ 35.2344133, 31.791648 ], [ 35.234039, 31.7910225 ], [ 35.2339597, 31.7902799 ], [ 35.2337989, 31.789883 ] ] ] } },
{ "type": "Feature", "properties": { "CODE": 288, "SCHN_NAME": "זכרון משה", "Shape_STAr": 160535.17918400001, "Shape_STLe": 2336.8561783099999 }, "geometry": { "type": "Polygon", "coordinates": [ [ [ 35.2156733, 31.7877183 ], [ 35.215695, 31.7877851 ], [ 35.2160822, 31.7890038 ], [ 35.2154455, 31.7891497 ], [ 35.2150029, 31.7893073 ], [ 35.2146779, 31.7894444 ], [ 35.2143844, 31.7895569 ], [ 35.2142295, 31.7889826 ], [ 35.2141644, 31.7887036 ], [ 35.214039, 31.7882136 ], [ 35.2139065, 31.7877047 ], [ 35.2130697, 31.78773 ], [ 35.2122648, 31.7877301 ], [ 35.2122842, 31.7871221 ], [ 35.2123379, 31.7870172 ], [ 35.212925, 31.7869189 ], [ 35.2135158, 31.7868008 ], [ 35.2136613, 31.786772 ], [ 35.2152703, 31.7864531 ], [ 35.215173, 31.7856884 ], [ 35.2150282, 31.7852099 ], [ 35.2152116, 31.7851067 ], [ 35.21538, 31.7850274 ], [ 35.2156066, 31.7850311 ], [ 35.2158548, 31.7850403 ], [ 35.2160655, 31.7850108 ], [ 35.2165476, 31.78495 ], [ 35.2171285, 31.7848554 ], [ 35.217413, 31.7848047 ], [ 35.2176611, 31.7847205 ], [ 35.2182422, 31.7845089 ], [ 35.2186404, 31.7843913 ], [ 35.2188141, 31.7850477 ], [ 35.2189745, 31.7858994 ], [ 35.2189846, 31.7861469 ], [ 35.2189766, 31.7862216 ], [ 35.2189358, 31.7863488 ], [ 35.2187265, 31.7872028 ], [ 35.2186598, 31.7874986 ], [ 35.2185138, 31.7879582 ], [ 35.2184695, 31.7879654 ], [ 35.2183384, 31.7879806 ], [ 35.2181737, 31.7875514 ], [ 35.2179549, 31.7870533 ], [ 35.2173065, 31.7871583 ], [ 35.2167829, 31.7872004 ], [ 35.2168102, 31.7874529 ], [ 35.2167489, 31.7875053 ], [ 35.2163345, 31.787549 ], [ 35.2158792, 31.787584 ], [ 35.2157206, 31.7876452 ], [ 35.2156733, 31.7877183 ] ] ] } },
{ "type": "Feature", "properties": { "CODE": 242, "SCHN_NAME": "חומת שמואל - ה", "Shape_STAr": 3294961.7066000002, "Shape_STLe": 8750.2784886499994 }, "geometry": { "type": "Polygon", "coordinates": [ [ [ 35.2092163, 31.7238761 ], [ 35.2083999, 31.7235435 ], [ 35.2089316, 31.7224958 ], [ 35.2090754, 31.7222223 ], [ 35.2092012, 31.7220779 ], [ 35.2093809, 31.7219212 ], [ 35.2095786, 31.7217952 ], [ 35.2098482, 31.721703 ], [ 35.2100782, 31.72166 ], [ 35.2105779, 31.7216323 ], [ 35.2109266, 31.7215985 ], [ 35.2111314, 31.7215125 ], [ 35.2113291, 31.7213681 ], [ 35.2114298, 31.7212206 ], [ 35.2115771, 31.7208672 ], [ 35.2116921, 31.7205415 ], [ 35.2117101, 31.720348 ], [ 35.2116171, 31.720082 ], [ 35.2125386, 31.7195359 ], [ 35.2187636, 31.7158488 ], [ 35.2208666, 31.7171499 ], [ 35.2234775, 31.7189469 ], [ 35.2240577, 31.7193189 ], [ 35.2252896, 31.7189158 ], [ 35.2265226, 31.7183578 ], [ 35.2273566, 31.7179238 ], [ 35.2285525, 31.7168698 ], [ 35.2292046, 31.7158468 ], [ 35.2292765, 31.7146078 ], [ 35.2309435, 31.7132748 ], [ 35.2313716, 31.7130698 ], [ 35.2341695, 31.7117248 ], [ 35.2363806, 31.7109178 ], [ 35.2390626, 31.7096777 ], [ 35.2417826, 31.7117537 ], [ 35.2412451, 31.7124566 ], [ 35.2389307, 31.716002 ], [ 35.2373875, 31.7179842 ], [ 35.2363783, 31.71959 ], [ 35.2356112, 31.7206777 ], [ 35.2351065, 31.7213857 ], [ 35.2345614, 31.7221972 ], [ 35.2341348, 31.7227481 ], [ 35.2337467, 31.7230093 ], [ 35.2329992, 31.7237746 ], [ 35.2326808, 31.7241036 ], [ 35.2321585, 31.7246363 ], [ 35.2311858, 31.7255337 ], [ 35.2304479, 31.726136 ], [ 35.2297914, 31.7266769 ], [ 35.229154, 31.7271195 ], [ 35.2287419, 31.7274227 ], [ 35.2279008, 31.7280036 ], [ 35.2271604, 31.7285107 ], [ 35.2265817, 31.7288764 ], [ 35.2260677, 31.7291131 ], [ 35.2256076, 31.729276 ], [ 35.2251043, 31.7293898 ], [ 35.2247106, 31.7294524 ], [ 35.2239565, 31.7295945 ], [ 35.2235538, 31.7296547 ], [ 35.2227246, 31.7298569 ], [ 35.2220201, 31.7302196 ], [ 35.2214789, 31.7306047 ], [ 35.2210252, 31.7308943 ], [ 35.2208531, 31.7310065 ], [ 35.2207075, 31.7310779 ], [ 35.220597, 31.7311102 ], [ 35.220233, 31.7311701 ], [ 35.219834, 31.731237 ], [ 35.2193456, 31.7312867 ], [ 35.2188263, 31.7312223 ], [ 35.2184075, 31.730979 ], [ 35.2178797, 31.7300986 ], [ 35.2175661, 31.7297588 ], [ 35.2163888, 31.7291323 ], [ 35.2151294, 31.7282369 ], [ 35.2143047, 31.7276235 ], [ 35.2132701, 31.7268729 ], [ 35.2123543, 31.7261857 ], [ 35.2110812, 31.7249927 ], [ 35.2092163, 31.7238761 ] ] ] } },
{ "type": "Feature", "properties": { "CODE": 216, "SCHN_NAME": "קוממיות – טל", "Shape_STAr": 656760.7229000001, "Shape_STLe": 4093.9222280399999 }, "geometry": { "type": "Polygon", "coordinates": [ [ [ 35.2229255, 31.7715349 ], [ 35.2229197, 31.7716323 ], [ 35.2229158, 31.7717383 ], [ 35.2229172, 31.772122 ], [ 35.2228257, 31.7725582 ], [ 35.2225735, 31.7730587 ], [ 35.2223262, 31.7735398 ], [ 35.2222011, 31.773844 ], [ 35.2220825, 31.7742385 ], [ 35.221963, 31.7750411 ], [ 35.2219749, 31.775355 ], [ 35.2221483, 31.7760908 ], [ 35.2221791, 31.776182 ], [ 35.2222666, 31.7765625 ], [ 35.2224253, 31.7768814 ], [ 35.2224933, 31.7770005 ], [ 35.2227329, 31.7775245 ], [ 35.2228093, 31.7776934 ], [ 35.2227938, 31.7777816 ], [ 35.2223261, 31.7777651 ], [ 35.2219139, 31.7777596 ], [ 35.2216441, 31.7776491 ], [ 35.2211693, 31.7773966 ], [ 35.2205823, 31.777074 ], [ 35.2202607, 31.7768842 ], [ 35.2197107, 31.7765627 ], [ 35.2195131, 31.7764479 ], [ 35.2188222, 31.7760227 ], [ 35.2183895, 31.775762 ], [ 35.2179588, 31.7754493 ], [ 35.2177269, 31.7752513 ], [ 35.2178576, 31.7750141 ], [ 35.217739, 31.7749133 ], [ 35.2174397, 31.7745463 ], [ 35.2173519, 31.7744499 ], [ 35.2171907, 31.7742729 ], [ 35.2170662, 31.7741159 ], [ 35.2171077, 31.7740071 ], [ 35.2171225, 31.773921 ], [ 35.217103, 31.7735351 ], [ 35.2170571, 31.7727185 ], [ 35.217009, 31.7720774 ], [ 35.216959, 31.771399 ], [ 35.216965, 31.7710629 ], [ 35.2166598, 31.771073 ], [ 35.2162598, 31.7710478 ], [ 35.215833, 31.7709491 ], [ 35.2153026, 31.770782 ], [ 35.214624, 31.7705644 ], [ 35.2142713, 31.7704328 ], [ 35.2139839, 31.7702606 ], [ 35.2133882, 31.7696961 ], [ 35.2131452, 31.7694582 ], [ 35.2130622, 31.7693392 ], [ 35.2130473, 31.7692528 ], [ 35.2131037, 31.7691519 ], [ 35.2133585, 31.7689114 ], [ 35.21356, 31.7687367 ], [ 35.2136402, 31.7686309 ], [ 35.2137466, 31.7686835 ], [ 35.2139393, 31.7687265 ], [ 35.2141319, 31.7687442 ], [ 35.2147571, 31.768648 ], [ 35.2152756, 31.768529 ], [ 35.2158772, 31.7683694 ], [ 35.216292, 31.7682605 ], [ 35.2166117, 31.7682062 ], [ 35.2165621, 31.7680455 ], [ 35.2165405, 31.7677413 ], [ 35.2165332, 31.7670746 ], [ 35.216562, 31.7669886 ], [ 35.2168209, 31.7669609 ], [ 35.2177955, 31.766884 ], [ 35.2182199, 31.7668686 ], [ 35.2192616, 31.7668504 ], [ 35.2192241, 31.7672438 ], [ 35.219477, 31.7673363 ], [ 35.2199271, 31.767546 ], [ 35.2198385, 31.7678431 ], [ 35.2198027, 31.7680013 ], [ 35.2200623, 31.7680179 ], [ 35.2202993, 31.7679808 ], [ 35.2206549, 31.768001 ], [ 35.2212871, 31.7680583 ], [ 35.2214688, 31.7680414 ], [ 35.2216624, 31.7679063 ], [ 35.2220495, 31.7676633 ], [ 35.2226072, 31.767261 ], [ 35.2230664, 31.7669597 ], [ 35.2232383, 31.7671039 ], [ 35.2233539, 31.7673621 ], [ 35.2234517, 31.7674938 ], [ 35.2235711, 31.767622 ], [ 35.223671, 31.7677115 ], [ 35.2237544, 31.7679733 ], [ 35.2241781, 31.7693088 ], [ 35.2242763, 31.7693829 ], [ 35.2241193, 31.7696082 ], [ 35.2237105, 31.7701982 ], [ 35.22322, 31.7709379 ], [ 35.2229255, 31.7715349 ] ] ] } },
{ "type": "Feature", "properties": { "CODE": 228, "SCHN_NAME": "יד ושם - הר הז", "Shape_STAr": 694428.84553499997, "Shape_STLe": 3459.2016809199999 }, "geometry": { "type": "Polygon", "coordinates": [ [ [ 35.177698, 31.7751035 ], [ 35.177657, 31.7755054 ], [ 35.1776519, 31.7758618 ], [ 35.1776726, 31.7760304 ], [ 35.1777282, 31.776961 ], [ 35.1778814, 31.7782734 ], [ 35.1780978, 31.7791265 ], [ 35.1761948, 31.7788971 ], [ 35.1757308, 31.7788421 ], [ 35.1746799, 31.7784531 ], [ 35.1735898, 31.7780501 ], [ 35.1716799, 31.7775801 ], [ 35.1704937, 31.7773571 ], [ 35.1700588, 31.7772121 ], [ 35.1699688, 31.7772371 ], [ 35.1698779, 31.7772621 ], [ 35.1697978, 31.777278 ], [ 35.1697418, 31.7772891 ], [ 35.1696508, 31.777305 ], [ 35.1695117, 31.7773211 ], [ 35.1694468, 31.777322 ], [ 35.1692988, 31.777329 ], [ 35.1691158, 31.7773522 ], [ 35.1690678, 31.7773572 ], [ 35.1689158, 31.7774132 ], [ 35.1686309, 31.7767035 ], [ 35.1682796, 31.7752287 ], [ 35.168213, 31.7739545 ], [ 35.1684848, 31.7729898 ], [ 35.1687616, 31.77236 ], [ 35.1689377, 31.7718876 ], [ 35.1689547, 31.7712934 ], [ 35.1688176, 31.7707732 ], [ 35.1690415, 31.7707769 ], [ 35.1696888, 31.7709209 ], [ 35.1709749, 31.7711026 ], [ 35.1714876, 31.7710173 ], [ 35.1720239, 31.7708469 ], [ 35.1725993, 31.7708601 ], [ 35.1731244, 31.7709127 ], [ 35.1738394, 31.7709415 ], [ 35.1747711, 31.7711356 ], [ 35.1758075, 31.7713278 ], [ 35.1771169, 31.7716064 ], [ 35.1789202, 31.7719975 ], [ 35.1785952, 31.7727271 ], [ 35.1783184, 31.7737364 ], [ 35.1781675, 31.7742016 ], [ 35.1777819, 31.7746382 ], [ 35.177698, 31.7751035 ] ] ] } },
{ "type": "Feature", "properties": { "CODE": 300, "SCHN_NAME": "ימין משה", "Shape_STAr": 134720.45407099999, "Shape_STLe": 1738.0868192099999 }, "geometry": { "type": "Polygon", "coordinates": [ [ [ 35.2276147, 31.7745437 ], [ 35.2277209, 31.7745489 ], [ 35.2277194, 31.7747498 ], [ 35.2266387, 31.7747715 ], [ 35.2261379, 31.7748121 ], [ 35.2260134, 31.7748147 ], [ 35.2259661, 31.7749235 ], [ 35.225892, 31.7750957 ], [ 35.225818, 31.7752628 ], [ 35.2257587, 31.7753691 ], [ 35.2256283, 31.7754274 ], [ 35.2255098, 31.7754057 ], [ 35.2253939, 31.7753698 ], [ 35.2252108, 31.7752204 ], [ 35.2250478, 31.7750483 ], [ 35.2249203, 31.7749901 ], [ 35.2248226, 31.7749819 ], [ 35.2248233, 31.774914 ], [ 35.2247671, 31.7746751 ], [ 35.2247904, 31.7745099 ], [ 35.2248037, 31.7744245 ], [ 35.224792, 31.7743519 ], [ 35.2246787, 31.7743718 ], [ 35.2245936, 31.7743718 ], [ 35.2244403, 31.7743548 ], [ 35.2242903, 31.7743306 ], [ 35.2241485, 31.7742608 ], [ 35.2239881, 31.7741222 ], [ 35.223917, 31.7739881 ], [ 35.2239554, 31.773621 ], [ 35.2240235, 31.7733172 ], [ 35.2240916, 31.7730919 ], [ 35.2241686, 31.7729071 ], [ 35.2241893, 31.7726818 ], [ 35.2241288, 31.7724664 ], [ 35.2240546, 31.7722006 ], [ 35.2239656, 31.7717753 ], [ 35.2239464, 31.7716687 ], [ 35.2239107, 31.7715329 ], [ 35.2240469, 31.7712351 ], [ 35.2242448, 31.7708535 ], [ 35.2244947, 31.770412 ], [ 35.2245349, 31.770354 ], [ 35.2245562, 31.7703349 ], [ 35.2245774, 31.7703321 ], [ 35.2247818, 31.7703792 ], [ 35.225089, 31.7703373 ], [ 35.2253304, 31.7703363 ], [ 35.2255483, 31.7703338 ], [ 35.2255902, 31.770725 ], [ 35.2256355, 31.7709641 ], [ 35.2256825, 31.7710628 ], [ 35.2257965, 31.7711877 ], [ 35.2258568, 31.7712403 ], [ 35.2259289, 31.7712675 ], [ 35.2260579, 31.771279 ], [ 35.2262791, 31.7712859 ], [ 35.2264887, 31.7713023 ], [ 35.2265721, 31.7713181 ], [ 35.2266554, 31.7713339 ], [ 35.2267496, 31.7714072 ], [ 35.2267907, 31.771555 ], [ 35.2268089, 31.7717308 ], [ 35.2268158, 31.7722634 ], [ 35.2267991, 31.7727544 ], [ 35.2267841, 31.7729448 ], [ 35.2277208, 31.7729295 ], [ 35.2277209, 31.7731213 ], [ 35.2277949, 31.7731152 ], [ 35.2278056, 31.7733823 ], [ 35.2276994, 31.7733862 ], [ 35.227707, 31.7734899 ], [ 35.2278056, 31.7734873 ], [ 35.2277829, 31.7737206 ], [ 35.2277496, 31.7738878 ], [ 35.2276919, 31.7738878 ], [ 35.227695, 31.7742287 ], [ 35.2277118, 31.7744089 ], [ 35.2276238, 31.774405 ], [ 35.2276147, 31.7745437 ] ] ] } },
{ "type": "Feature", "properties": { "CODE": 324, "SCHN_NAME": "כפר עקב", "Shape_STAr": 2041128.55238, "Shape_STLe": 7933.2843683600004 }, "geometry": { "type": "Polygon", "coordinates": [ [ [ 35.2075821, 31.8797764 ], [ 35.2080194, 31.8800839 ], [ 35.2082648, 31.8801737 ], [ 35.2084796, 31.8801886 ], [ 35.2088127, 31.8801138 ], [ 35.209045, 31.8799605 ], [ 35.2093643, 31.879474 ], [ 35.2096577, 31.8790329 ], [ 35.2099294, 31.8787824 ], [ 35.210245, 31.8786701 ], [ 35.2104353, 31.8786619 ], [ 35.210666, 31.8787082 ], [ 35.2114688, 31.8789768 ], [ 35.2118799, 31.8790852 ], [ 35.212207, 31.8790881 ], [ 35.2124365, 31.878958 ], [ 35.2126741, 31.8787224 ], [ 35.2128099, 31.8783633 ], [ 35.2128493, 31.8780454 ], [ 35.2127887, 31.8777887 ], [ 35.2126389, 31.8775256 ], [ 35.2124928, 31.8773748 ], [ 35.2122356, 31.8772226 ], [ 35.2117302, 31.8769369 ], [ 35.2108239, 31.876415 ], [ 35.2106378, 31.8762435 ], [ 35.2104868, 31.8760409 ], [ 35.210424, 31.8757366 ], [ 35.2104443, 31.8754983 ], [ 35.2105423, 31.8752727 ], [ 35.2108159, 31.8749792 ], [ 35.2110119, 31.8748671 ], [ 35.2112742, 31.8747992 ], [ 35.2123801, 31.874714 ], [ 35.2126445, 31.8746966 ], [ 35.2128666, 31.8746682 ], [ 35.2130051, 31.8746304 ], [ 35.2131383, 31.874556 ], [ 35.2133194, 31.8744315 ], [ 35.2134275, 31.8742829 ], [ 35.2135151, 31.8740697 ], [ 35.2135394, 31.8739503 ], [ 35.2135239, 31.8737967 ], [ 35.2134791, 31.8736355 ], [ 35.2130989, 31.8727576 ], [ 35.2127637, 31.8719757 ], [ 35.2124967, 31.8713508 ], [ 35.2124309, 31.8710292 ], [ 35.2124647, 31.8707049 ], [ 35.2125645, 31.8704319 ], [ 35.2126551, 31.8702599 ], [ 35.2127919, 31.8700722 ], [ 35.2130087, 31.8698686 ], [ 35.213338, 31.8696752 ], [ 35.2135097, 31.8696067 ], [ 35.2137018, 31.8695406 ], [ 35.213983, 31.8694978 ], [ 35.2142961, 31.8694951 ], [ 35.214673, 31.8695549 ], [ 35.2149031, 31.8696415 ], [ 35.2158717, 31.8700154 ], [ 35.2161685, 31.8701312 ], [ 35.2163976, 31.8701911 ], [ 35.2166957, 31.8702285 ], [ 35.2171466, 31.8702247 ], [ 35.2176739, 31.8701087 ], [ 35.217994, 31.8699606 ], [ 35.2182917, 31.869772 ], [ 35.2185897, 31.8694653 ], [ 35.2187897, 31.8691556 ], [ 35.219023, 31.8685076 ], [ 35.2192727, 31.8677334 ], [ 35.2193252, 31.8675651 ], [ 35.2194659, 31.8671801 ], [ 35.2196762, 31.8668472 ], [ 35.2199829, 31.8666041 ], [ 35.220511, 31.8663242 ], [ 35.2223448, 31.8656426 ], [ 35.223069, 31.8653556 ], [ 35.224092, 31.8648809 ], [ 35.2245095, 31.8647297 ], [ 35.2251493, 31.8645575 ], [ 35.2257891, 31.8644041 ], [ 35.2262273, 31.8642282 ], [ 35.2267466, 31.8639411 ], [ 35.2273619, 31.8635132 ], [ 35.2278111, 31.8632337 ], [ 35.2279189, 31.8631843 ], [ 35.228099, 31.8631338 ], [ 35.228095, 31.8631848 ], [ 35.2280911, 31.8632348 ], [ 35.2280862, 31.8632838 ], [ 35.2280802, 31.8633337 ], [ 35.2280722, 31.8633828 ], [ 35.2280641, 31.8634318 ], [ 35.2280541, 31.8634808 ], [ 35.2280431, 31.8635308 ], [ 35.2280311, 31.8635788 ], [ 35.2280181, 31.8636278 ], [ 35.2280041, 31.8636758 ], [ 35.2279892, 31.8637248 ], [ 35.2279731, 31.8637718 ], [ 35.2279561, 31.8638207 ], [ 35.2279571, 31.8638557 ], [ 35.2278642, 31.8640298 ], [ 35.2279301, 31.8643207 ], [ 35.2276051, 31.8644968 ], [ 35.2276471, 31.8645717 ], [ 35.2275262, 31.8646358 ], [ 35.2275121, 31.8647597 ], [ 35.2275722, 31.8647808 ], [ 35.2275011, 31.8650418 ], [ 35.2272752, 31.8654268 ], [ 35.2270392, 31.8656948 ], [ 35.2270502, 31.8659058 ], [ 35.2270141, 31.8661688 ], [ 35.2268441, 31.8661899 ], [ 35.2267961, 31.8664798 ], [ 35.2262291, 31.8675809 ], [ 35.2263101, 31.8679269 ], [ 35.2262631, 31.8680478 ], [ 35.2262471, 31.8681697 ], [ 35.2262002, 31.8681738 ], [ 35.2261732, 31.8683359 ], [ 35.2263171, 31.8684098 ], [ 35.2261161, 31.8689558 ], [ 35.2260891, 31.8691178 ], [ 35.2260372, 31.8691488 ], [ 35.2259952, 31.8692339 ], [ 35.2259891, 31.8693508 ], [ 35.2259422, 31.8694818 ], [ 35.2258892, 31.8695398 ], [ 35.2257311, 31.8696569 ], [ 35.2258631, 31.8697238 ], [ 35.2257422, 31.8701018 ], [ 35.2256791, 31.8701779 ], [ 35.2257051, 31.8702498 ], [ 35.2256741, 31.8703778 ], [ 35.2256681, 31.8704838 ], [ 35.2255952, 31.8706228 ], [ 35.2255631, 31.8706498 ], [ 35.2255841, 31.8706989 ], [ 35.2256162, 31.8707708 ], [ 35.2256052, 31.8708477 ], [ 35.2255842, 31.8708518 ], [ 35.2255002, 31.8708518 ], [ 35.2255052, 31.8708698 ], [ 35.2254792, 31.8709818 ], [ 35.2253842, 31.8711308 ], [ 35.2253901, 31.8712198 ], [ 35.2254322, 31.8713778 ], [ 35.2253112, 31.8716018 ], [ 35.2252212, 31.8718668 ], [ 35.2249351, 31.8719148 ], [ 35.2246322, 31.8731858 ], [ 35.2245922, 31.8731878 ], [ 35.2245051, 31.8735368 ], [ 35.2245401, 31.8735928 ], [ 35.2243961, 31.8741989 ], [ 35.2242889, 31.8746367 ], [ 35.2240586, 31.8756137 ], [ 35.2238428, 31.8765662 ], [ 35.2237169, 31.8770732 ], [ 35.2234212, 31.8783478 ], [ 35.2228488, 31.8793893 ], [ 35.2210852, 31.8826549 ], [ 35.2209712, 31.8829608 ], [ 35.2201163, 31.8829608 ], [ 35.2187583, 31.8829608 ], [ 35.2158292, 31.8829608 ], [ 35.2151662, 31.8829608 ], [ 35.2142602, 31.8829548 ], [ 35.2141071, 31.8828558 ], [ 35.2140132, 31.8827889 ], [ 35.2136162, 31.8825058 ], [ 35.2136152, 31.8824699 ], [ 35.2132732, 31.8821669 ], [ 35.2128302, 31.8817249 ], [ 35.2127052, 31.8815548 ], [ 35.2120813, 31.8818609 ], [ 35.2116832, 31.8820478 ], [ 35.2115231, 31.8821099 ], [ 35.2112741, 31.8821899 ], [ 35.2110152, 31.8822559 ], [ 35.2107711, 31.8822979 ], [ 35.2104743, 31.8823059 ], [ 35.2101272, 31.8823349 ], [ 35.2097483, 31.8823349 ], [ 35.2097622, 31.8822899 ], [ 35.2097382, 31.8822149 ], [ 35.2097232, 31.8821669 ], [ 35.2097092, 31.8821189 ], [ 35.2096981, 31.8820398 ], [ 35.2096792, 31.8818979 ], [ 35.2096652, 31.8817859 ], [ 35.2096702, 31.8815699 ], [ 35.2096892, 31.8813539 ], [ 35.2095512, 31.8814069 ], [ 35.2093031, 31.8813579 ], [ 35.2090592, 31.8813619 ], [ 35.2088763, 31.8814758 ], [ 35.2088562, 31.881643 ], [ 35.2085832, 31.8817259 ], [ 35.2083091, 31.8817949 ], [ 35.2080841, 31.8819159 ], [ 35.2080262, 31.8819318 ], [ 35.2079521, 31.8819399 ], [ 35.2078852, 31.8819279 ], [ 35.2078122, 31.8818899 ], [ 35.2076552, 31.8818079 ], [ 35.2076522, 31.8817469 ], [ 35.2074531, 31.8816879 ], [ 35.2073341, 31.8816949 ], [ 35.2072362, 31.8816949 ], [ 35.2072112, 31.8816449 ], [ 35.2071242, 31.8815779 ], [ 35.2070212, 31.8815539 ], [ 35.2069242, 31.8815618 ], [ 35.2069732, 31.8815079 ], [ 35.2070801, 31.8813709 ], [ 35.2070752, 31.881287 ], [ 35.2070801, 31.8812339 ], [ 35.2071572, 31.8810259 ], [ 35.2071971, 31.88086 ], [ 35.2072072, 31.880755 ], [ 35.2071971, 31.8806258 ], [ 35.2072112, 31.8805759 ], [ 35.2072752, 31.8805269 ], [ 35.2073092, 31.8804599 ], [ 35.2073614, 31.8803754 ], [ 35.2074111, 31.8802719 ], [ 35.2074842, 31.8802349 ], [ 35.2075052, 31.8802449 ], [ 35.2075821, 31.8797764 ] ] ] } },
{ "type": "Feature", "properties": { "CODE": 332, "SCHN_NAME": "כרם אברהם", "Shape_STAr": 121720.18866, "Shape_STLe": 1661.3619629100001 }, "geometry": { "type": "Polygon", "coordinates": [ [ [ 35.217306, 31.7887069 ], [ 35.2174741, 31.7890415 ], [ 35.2177475, 31.7894817 ], [ 35.2179224, 31.7897931 ], [ 35.2179876, 31.7899298 ], [ 35.2181193, 31.7900232 ], [ 35.2182446, 31.7900979 ], [ 35.218554, 31.7899016 ], [ 35.2187318, 31.7897699 ], [ 35.2190243, 31.7900568 ], [ 35.219315, 31.7904075 ], [ 35.2194491, 31.7906043 ], [ 35.2188888, 31.790921 ], [ 35.2180668, 31.7914027 ], [ 35.2173872, 31.7917718 ], [ 35.2169656, 31.7920103 ], [ 35.2161137, 31.7925085 ], [ 35.2158055, 31.7926908 ], [ 35.2155487, 31.7929136 ], [ 35.2153471, 31.7932444 ], [ 35.2151745, 31.7936397 ], [ 35.2148608, 31.7935316 ], [ 35.2148987, 31.7933887 ], [ 35.215016, 31.7930749 ], [ 35.2149839, 31.7928065 ], [ 35.2149824, 31.7925631 ], [ 35.2150062, 31.7923674 ], [ 35.215114, 31.7921157 ], [ 35.2150737, 31.7917376 ], [ 35.2149474, 31.7917443 ], [ 35.2149116, 31.7912566 ], [ 35.2148634, 31.7906476 ], [ 35.2148513, 31.7902351 ], [ 35.21485, 31.7899585 ], [ 35.2148455, 31.7898345 ], [ 35.2146779, 31.7894444 ], [ 35.2150029, 31.7893073 ], [ 35.2154455, 31.7891497 ], [ 35.2160822, 31.7890038 ], [ 35.2164254, 31.788919 ], [ 35.2168678, 31.7888065 ], [ 35.2171684, 31.7887265 ], [ 35.217306, 31.7887069 ] ] ] } },
{ "type": "Feature", "properties": { "CODE": 336, "SCHN_NAME": "מאה שערים", "Shape_STAr": 77157.676330600007, "Shape_STLe": 1539.75728258 }, "geometry": { "type": "Polygon", "coordinates": [ [ [ 35.2233296, 31.7870644 ], [ 35.2231306, 31.7871865 ], [ 35.2228911, 31.7872848 ], [ 35.2225443, 31.7874159 ], [ 35.2222755, 31.7875099 ], [ 35.2220988, 31.7875626 ], [ 35.2219642, 31.7875769 ], [ 35.2216908, 31.7876253 ], [ 35.2215289, 31.7876503 ], [ 35.2213339, 31.7877087 ], [ 35.2211436, 31.787783 ], [ 35.2208685, 31.7879059 ], [ 35.2207568, 31.7879772 ], [ 35.2205454, 31.7880249 ], [ 35.2201802, 31.788039 ], [ 35.2197986, 31.7881173 ], [ 35.2193407, 31.788216 ], [ 35.2190011, 31.7882701 ], [ 35.2186224, 31.7883417 ], [ 35.2184461, 31.7883842 ], [ 35.2184615, 31.7882724 ], [ 35.2184695, 31.7879654 ], [ 35.2185138, 31.7879582 ], [ 35.2186598, 31.7874986 ], [ 35.2187265, 31.7872028 ], [ 35.2189358, 31.7863488 ], [ 35.2189766, 31.7862216 ], [ 35.2189846, 31.7861469 ], [ 35.2191882, 31.7861607 ], [ 35.2192917, 31.7861843 ], [ 35.2197644, 31.7864202 ], [ 35.2203904, 31.7867299 ], [ 35.2209926, 31.7870266 ], [ 35.2210202, 31.7870511 ], [ 35.2211604, 31.7869688 ], [ 35.2214654, 31.7867655 ], [ 35.2216381, 31.7866323 ], [ 35.2218828, 31.7864962 ], [ 35.2222481, 31.7862929 ], [ 35.2226403, 31.7860666 ], [ 35.2232118, 31.7857387 ], [ 35.2233173, 31.7856571 ], [ 35.2233358, 31.7855511 ], [ 35.2233827, 31.7855039 ], [ 35.223449, 31.7854801 ], [ 35.2238591, 31.7855464 ], [ 35.2242194, 31.7856155 ], [ 35.2244032, 31.7856502 ], [ 35.2243768, 31.7856943 ], [ 35.2242058, 31.7859683 ], [ 35.2239856, 31.786304 ], [ 35.2238304, 31.7865573 ], [ 35.2237439, 31.7866711 ], [ 35.2233296, 31.7870644 ] ] ] } },
{ "type": "Feature", "properties": { "CODE": 344, "SCHN_NAME": "מורשה", "Shape_STAr": 209066.162415, "Shape_STLe": 2425.85344231 }, "geometry": { "type": "Polygon", "coordinates": [ [ [ 35.2252025, 31.7788802 ], [ 35.2253346, 31.778659 ], [ 35.2254857, 31.7785068 ], [ 35.2256445, 31.7784248 ], [ 35.2258628, 31.7786392 ], [ 35.2258339, 31.7786586 ], [ 35.2261026, 31.77891 ], [ 35.2259418, 31.7791058 ], [ 35.2259281, 31.7791019 ], [ 35.225831, 31.7792315 ], [ 35.2259843, 31.7793248 ], [ 35.2260374, 31.7792652 ], [ 35.2262833, 31.7793753 ], [ 35.2262878, 31.7793676 ], [ 35.2264942, 31.779466 ], [ 35.2265974, 31.7795334 ], [ 35.2267765, 31.7796526 ], [ 35.2268265, 31.779593 ], [ 35.2272014, 31.7798574 ], [ 35.2272151, 31.7798483 ], [ 35.2273972, 31.7799844 ], [ 35.2277143, 31.7796797 ], [ 35.2280633, 31.7799441 ], [ 35.2280406, 31.7799648 ], [ 35.2280891, 31.7800011 ], [ 35.2281165, 31.7799842 ], [ 35.2283851, 31.7801864 ], [ 35.2283396, 31.7802318 ], [ 35.2284701, 31.7803238 ], [ 35.2285111, 31.7802888 ], [ 35.2289111, 31.7805879 ], [ 35.2282003, 31.7814663 ], [ 35.2279992, 31.7817729 ], [ 35.2275992, 31.7823831 ], [ 35.2273504, 31.7827679 ], [ 35.2272348, 31.7830034 ], [ 35.2271964, 31.7831603 ], [ 35.2271727, 31.7833401 ], [ 35.2271787, 31.7838641 ], [ 35.2273271, 31.7844464 ], [ 35.2273865, 31.7849957 ], [ 35.2272385, 31.7857653 ], [ 35.2268842, 31.7874215 ], [ 35.2266849, 31.7873889 ], [ 35.2267411, 31.7870876 ], [ 35.2266955, 31.7869319 ], [ 35.2265858, 31.786813 ], [ 35.2264683, 31.7866725 ], [ 35.2261856, 31.7863518 ], [ 35.2258407, 31.7859874 ], [ 35.2255379, 31.7856196 ], [ 35.2253533, 31.7853528 ], [ 35.2250798, 31.7849242 ], [ 35.2247833, 31.7842716 ], [ 35.2247773, 31.7840083 ], [ 35.2247476, 31.7838615 ], [ 35.2246454, 31.7835644 ], [ 35.2244873, 31.7830379 ], [ 35.2244852, 31.7828443 ], [ 35.2245453, 31.7821583 ], [ 35.2245571, 31.7813408 ], [ 35.2247173, 31.7809451 ], [ 35.2249134, 31.7804677 ], [ 35.2250348, 31.7801884 ], [ 35.2250512, 31.7798116 ], [ 35.2250815, 31.7795165 ], [ 35.2251431, 31.779025 ], [ 35.2252025, 31.7788802 ] ] ] } },
{ "type": "Feature", "properties": { "CODE": 368, "SCHN_NAME": "מחנה יהודה - ל", "Shape_STAr": 325473.59436, "Shape_STLe": 2821.16479162 }, "geometry": { "type": "Polygon", "coordinates": [ [ [ 35.2152703, 31.7864531 ], [ 35.2136613, 31.786772 ], [ 35.2135158, 31.7868008 ], [ 35.212925, 31.7869189 ], [ 35.2123379, 31.7870172 ], [ 35.2123648, 31.7865699 ], [ 35.2123698, 31.7863015 ], [ 35.2123731, 31.7862089 ], [ 35.212373, 31.7861328 ], [ 35.2123115, 31.7858439 ], [ 35.2119377, 31.7859191 ], [ 35.2117739, 31.7854418 ], [ 35.2110758, 31.7850922 ], [ 35.2106029, 31.7848763 ], [ 35.2103742, 31.784991 ], [ 35.2092921, 31.7855061 ], [ 35.2084871, 31.7859287 ], [ 35.2078529, 31.7862712 ], [ 35.2075709, 31.7864285 ], [ 35.207347, 31.7865096 ], [ 35.207101, 31.7865987 ], [ 35.2069398, 31.7866774 ], [ 35.20684, 31.786726 ], [ 35.2069522, 31.7865686 ], [ 35.2070501, 31.7863829 ], [ 35.2072171, 31.7859633 ], [ 35.2074981, 31.7853873 ], [ 35.2076974, 31.7849866 ], [ 35.208025, 31.7843491 ], [ 35.2081288, 31.7841148 ], [ 35.2082217, 31.7839051 ], [ 35.20832, 31.783509 ], [ 35.2083635, 31.7831661 ], [ 35.2083835, 31.783014 ], [ 35.2086484, 31.7829569 ], [ 35.2088733, 31.7828876 ], [ 35.2090857, 31.7827649 ], [ 35.2095423, 31.7825309 ], [ 35.2097226, 31.7824358 ], [ 35.209955, 31.7823208 ], [ 35.2104415, 31.7820628 ], [ 35.2109121, 31.7818107 ], [ 35.2113542, 31.7815998 ], [ 35.2114732, 31.7815561 ], [ 35.2117692, 31.7814506 ], [ 35.2120608, 31.7813463 ], [ 35.2124485, 31.7812093 ], [ 35.2133311, 31.7808645 ], [ 35.2136678, 31.7807594 ], [ 35.213862, 31.7807133 ], [ 35.2140109, 31.7807151 ], [ 35.2141183, 31.7807361 ], [ 35.2144614, 31.781261 ], [ 35.2147518, 31.7816683 ], [ 35.2149552, 31.782007 ], [ 35.2150498, 31.7822189 ], [ 35.2152029, 31.78256 ], [ 35.2154636, 31.782943 ], [ 35.2155494, 31.7831006 ], [ 35.2155654, 31.7831776 ], [ 35.2153342, 31.7832599 ], [ 35.2153428, 31.7833054 ], [ 35.2153952, 31.783739 ], [ 35.2154207, 31.7840262 ], [ 35.2153977, 31.7841963 ], [ 35.2155106, 31.7843756 ], [ 35.2147636, 31.7848669 ], [ 35.2149274, 31.7850864 ], [ 35.2150282, 31.7852099 ], [ 35.215173, 31.7856884 ], [ 35.2152703, 31.7864531 ] ] ] } },
{ "type": "Feature", "properties": { "CODE": 652, "SCHN_NAME": "מחנה שועפט", "Shape_STAr": 194348.191742, "Shape_STLe": 2208.4171188099999 }, "geometry": { "type": "Polygon", "coordinates": [ [ [ 35.2463397, 31.8135413 ], [ 35.2462606, 31.8134019 ], [ 35.2460142, 31.8133908 ], [ 35.2456163, 31.8133208 ], [ 35.2453502, 31.813276 ], [ 35.2450019, 31.8131807 ], [ 35.2448673, 31.8131836 ], [ 35.2447997, 31.8131459 ], [ 35.2445575, 31.8126539 ], [ 35.2445089, 31.8125021 ], [ 35.24443, 31.8123478 ], [ 35.2443938, 31.8121683 ], [ 35.2443116, 31.8118991 ], [ 35.2441932, 31.8106971 ], [ 35.2442054, 31.8104972 ], [ 35.2443083, 31.8104053 ], [ 35.2444507, 31.8105265 ], [ 35.2446118, 31.8108209 ], [ 35.2447728, 31.8110565 ], [ 35.2449272, 31.8111013 ], [ 35.2452623, 31.8110956 ], [ 35.2460572, 31.8111178 ], [ 35.2460964, 31.8105961 ], [ 35.2462574, 31.8105848 ], [ 35.2464833, 31.8106267 ], [ 35.2465325, 31.8104037 ], [ 35.2465593, 31.8097809 ], [ 35.2465814, 31.808952 ], [ 35.246669, 31.808961 ], [ 35.2472296, 31.8090169 ], [ 35.2478516, 31.8091252 ], [ 35.2485743, 31.809211 ], [ 35.2497086, 31.8091545 ], [ 35.2501816, 31.809274 ], [ 35.2507205, 31.8095206 ], [ 35.2512724, 31.8097411 ], [ 35.2510188, 31.8105228 ], [ 35.250249, 31.8104096 ], [ 35.250153, 31.811139 ], [ 35.2501269, 31.8114606 ], [ 35.2499824, 31.8115317 ], [ 35.2496759, 31.8116814 ], [ 35.2497198, 31.8118909 ], [ 35.2489709, 31.8121866 ], [ 35.2483052, 31.8124782 ], [ 35.2474332, 31.812832 ], [ 35.2474333, 31.813116 ], [ 35.2473422, 31.8131686 ], [ 35.2473695, 31.813602 ], [ 35.2472907, 31.8136146 ], [ 35.2467881, 31.8135769 ], [ 35.2463397, 31.8135413 ] ] ] } },
{ "type": "Feature", "properties": { "CODE": 380, "SCHN_NAME": "מי נפתוח – לי", "Shape_STAr": 432074.36477699998, "Shape_STLe": 3851.77582768 }, "geometry": { "type": "Polygon", "coordinates": [ [ [ 35.1909852, 31.7949899 ], [ 35.1916875, 31.7948671 ], [ 35.1921364, 31.7948235 ], [ 35.1924315, 31.794711 ], [ 35.1926159, 31.7944545 ], [ 35.1926898, 31.7938694 ], [ 35.1928163, 31.7934374 ], [ 35.1929622, 31.7933081 ], [ 35.1932326, 31.7931854 ], [ 35.1935119, 31.7932034 ], [ 35.1940287, 31.7933302 ], [ 35.1943075, 31.793379 ], [ 35.1945288, 31.7933385 ], [ 35.1947607, 31.7932215 ], [ 35.1951665, 31.7927535 ], [ 35.1958252, 31.7919614 ], [ 35.1963206, 31.7915159 ], [ 35.1966631, 31.7912099 ], [ 35.1968259, 31.791096 ], [ 35.1971505, 31.7908223 ], [ 35.1976301, 31.7904913 ], [ 35.1980216, 31.7902345 ], [ 35.1984862, 31.7906561 ], [ 35.1987793, 31.7909195 ], [ 35.1989894, 31.7911703 ], [ 35.1990311, 31.7912853 ], [ 35.1990596, 31.7918809 ], [ 35.198618, 31.7920786 ], [ 35.198488, 31.7933769 ], [ 35.1981008, 31.7943477 ], [ 35.197701, 31.7951798 ], [ 35.1975511, 31.7958838 ], [ 35.197551, 31.7964812 ], [ 35.1976759, 31.7971 ], [ 35.1980131, 31.7977828 ], [ 35.1984627, 31.7982522 ], [ 35.1991872, 31.7987002 ], [ 35.1998867, 31.7989136 ], [ 35.1996712, 31.8003997 ], [ 35.1995941, 31.80103 ], [ 35.1993599, 31.8010072 ], [ 35.1979453, 31.800247 ], [ 35.1963527, 31.7991348 ], [ 35.1955471, 31.7982627 ], [ 35.1952193, 31.7973905 ], [ 35.1951257, 31.7967585 ], [ 35.1948634, 31.7965184 ], [ 35.1944981, 31.7964064 ], [ 35.1940952, 31.7964863 ], [ 35.1934207, 31.7966783 ], [ 35.1928211, 31.7967663 ], [ 35.1920155, 31.7967182 ], [ 35.1913316, 31.7966701 ], [ 35.1906852, 31.796606 ], [ 35.1901325, 31.796542 ], [ 35.1897297, 31.7964219 ], [ 35.1892426, 31.7962138 ], [ 35.1888867, 31.7959978 ], [ 35.1894675, 31.7955978 ], [ 35.1899453, 31.7953738 ], [ 35.1903669, 31.7951738 ], [ 35.1909852, 31.7949899 ] ] ] } },
{ "type": "Feature", "properties": { "CODE": 392, "SCHN_NAME": "ממילא", "Shape_STAr": 261693.91491699999, "Shape_STLe": 3103.9277369699998 }, "geometry": { "type": "Polygon", "coordinates": [ [ [ 35.2248233, 31.774914 ], [ 35.2248226, 31.7749819 ], [ 35.2249203, 31.7749901 ], [ 35.2250478, 31.7750483 ], [ 35.2252108, 31.7752204 ], [ 35.2253939, 31.7753698 ], [ 35.2255098, 31.7754057 ], [ 35.2256283, 31.7754274 ], [ 35.2257587, 31.7753691 ], [ 35.225818, 31.7752628 ], [ 35.225892, 31.7750957 ], [ 35.2259661, 31.7749235 ], [ 35.2260134, 31.7748147 ], [ 35.2261379, 31.7748121 ], [ 35.2266387, 31.7747715 ], [ 35.2277194, 31.7747498 ], [ 35.2277468, 31.7749688 ], [ 35.2277195, 31.774974 ], [ 35.2277256, 31.7750233 ], [ 35.2277544, 31.7750272 ], [ 35.2278046, 31.7755288 ], [ 35.2274538, 31.7755658 ], [ 35.2274717, 31.7758637 ], [ 35.2275158, 31.7759661 ], [ 35.2275492, 31.7761022 ], [ 35.2275993, 31.7763744 ], [ 35.2275978, 31.7764159 ], [ 35.2275729, 31.7765072 ], [ 35.2275459, 31.7765671 ], [ 35.2274893, 31.776627 ], [ 35.2275621, 31.7766823 ], [ 35.2269175, 31.7772309 ], [ 35.2263673, 31.777678 ], [ 35.2258657, 31.7780699 ], [ 35.2258684, 31.7781551 ], [ 35.2257983, 31.7781782 ], [ 35.2258091, 31.7783141 ], [ 35.2256445, 31.7784248 ], [ 35.2254857, 31.7785068 ], [ 35.2253346, 31.778659 ], [ 35.2252025, 31.7788802 ], [ 35.2251431, 31.779025 ], [ 35.2249436, 31.7789464 ], [ 35.2246465, 31.778798 ], [ 35.2240616, 31.7786091 ], [ 35.223457, 31.77841 ], [ 35.2229633, 31.7782255 ], [ 35.2228632, 31.7780517 ], [ 35.2228032, 31.7778657 ], [ 35.2227938, 31.7777816 ], [ 35.2228093, 31.7776934 ], [ 35.2227329, 31.7775245 ], [ 35.2224933, 31.7770005 ], [ 35.2224253, 31.7768814 ], [ 35.2222666, 31.7765625 ], [ 35.2221791, 31.776182 ], [ 35.2221483, 31.7760908 ], [ 35.2219749, 31.775355 ], [ 35.221963, 31.7750411 ], [ 35.2220825, 31.7742385 ], [ 35.2222011, 31.773844 ], [ 35.2223262, 31.7735398 ], [ 35.2225735, 31.7730587 ], [ 35.2228257, 31.7725582 ], [ 35.2229172, 31.772122 ], [ 35.2229158, 31.7717383 ], [ 35.2229197, 31.7716323 ], [ 35.2229255, 31.7715349 ], [ 35.22322, 31.7709379 ], [ 35.2237105, 31.7701982 ], [ 35.2241193, 31.7696082 ], [ 35.2242763, 31.7693829 ], [ 35.2244837, 31.7694462 ], [ 35.2250053, 31.7696916 ], [ 35.2253307, 31.7697927 ], [ 35.2254585, 31.7698064 ], [ 35.2255674, 31.7697944 ], [ 35.225559, 31.7698517 ], [ 35.2255549, 31.7700247 ], [ 35.22555, 31.7702629 ], [ 35.2255483, 31.7703338 ], [ 35.2253304, 31.7703363 ], [ 35.225089, 31.7703373 ], [ 35.2247818, 31.7703792 ], [ 35.2245774, 31.7703321 ], [ 35.2245562, 31.7703349 ], [ 35.2245349, 31.770354 ], [ 35.2244947, 31.770412 ], [ 35.2242448, 31.7708535 ], [ 35.2240469, 31.7712351 ], [ 35.2239107, 31.7715329 ], [ 35.2239464, 31.7716687 ], [ 35.2239656, 31.7717753 ], [ 35.2240546, 31.7722006 ], [ 35.2241288, 31.7724664 ], [ 35.2241893, 31.7726818 ], [ 35.2241686, 31.7729071 ], [ 35.2240916, 31.7730919 ], [ 35.2240235, 31.7733172 ], [ 35.2239554, 31.773621 ], [ 35.223917, 31.7739881 ], [ 35.2239881, 31.7741222 ], [ 35.2241485, 31.7742608 ], [ 35.2242903, 31.7743306 ], [ 35.2244403, 31.7743548 ], [ 35.2245936, 31.7743718 ], [ 35.2246787, 31.7743718 ], [ 35.224792, 31.7743519 ], [ 35.2248037, 31.7744245 ], [ 35.2247904, 31.7745099 ], [ 35.2247671, 31.7746751 ], [ 35.2248233, 31.774914 ] ] ] } },
{ "type": "Feature", "properties": { "CODE": 396, "SCHN_NAME": "מנחת - מלחה", "Shape_STAr": 1585086.2440299999, "Shape_STLe": 6002.7875795399996 }, "geometry": { "type": "Polygon", "coordinates": [ [ [ 35.187505, 31.7543191 ], [ 35.1868203, 31.754427 ], [ 35.1861513, 31.7545664 ], [ 35.1854244, 31.7548138 ], [ 35.1848871, 31.7550478 ], [ 35.1844393, 31.7552997 ], [ 35.1839178, 31.7556867 ], [ 35.1833646, 31.7561862 ], [ 35.1828747, 31.7565912 ], [ 35.1825911, 31.7568186 ], [ 35.182323, 31.7565747 ], [ 35.1819083, 31.7561519 ], [ 35.1815175, 31.7555091 ], [ 35.1798876, 31.7523685 ], [ 35.1794373, 31.7515224 ], [ 35.1792083, 31.7512185 ], [ 35.1790187, 31.7510632 ], [ 35.1786948, 31.750837 ], [ 35.1785566, 31.7507458 ], [ 35.1785303, 31.7505472 ], [ 35.178516, 31.7503383 ], [ 35.1783724, 31.7496459 ], [ 35.1780846, 31.7482043 ], [ 35.1780523, 31.7480292 ], [ 35.1779992, 31.7476029 ], [ 35.1779958, 31.7473724 ], [ 35.1780202, 31.7472526 ], [ 35.1780687, 31.7470729 ], [ 35.1780094, 31.747059 ], [ 35.1779312, 31.7470152 ], [ 35.1779255, 31.7469643 ], [ 35.1779881, 31.7459975 ], [ 35.1780219, 31.745301 ], [ 35.1781421, 31.7441089 ], [ 35.1781481, 31.7438898 ], [ 35.1785605, 31.7439906 ], [ 35.1794126, 31.744255 ], [ 35.1803337, 31.7444265 ], [ 35.1814359, 31.7446306 ], [ 35.1824473, 31.7447376 ], [ 35.1831177, 31.7448348 ], [ 35.1842426, 31.7450001 ], [ 35.1853108, 31.7451459 ], [ 35.1864471, 31.7453209 ], [ 35.1878221, 31.7455833 ], [ 35.1901454, 31.7458162 ], [ 35.1908613, 31.7458382 ], [ 35.1916965, 31.7460276 ], [ 35.192438, 31.746268 ], [ 35.1932135, 31.7466104 ], [ 35.1935203, 31.7469018 ], [ 35.1937759, 31.7474407 ], [ 35.1940912, 31.7479506 ], [ 35.195361, 31.7496476 ], [ 35.1954343, 31.7503383 ], [ 35.1954825, 31.7507173 ], [ 35.1958601, 31.7507542 ], [ 35.1961478, 31.7507542 ], [ 35.1965253, 31.750702 ], [ 35.1972085, 31.7504839 ], [ 35.198278, 31.7500886 ], [ 35.1983649, 31.7506573 ], [ 35.1985975, 31.7512432 ], [ 35.1988696, 31.7517907 ], [ 35.1981883, 31.7518241 ], [ 35.1973921, 31.7520909 ], [ 35.1972276, 31.7521438 ], [ 35.1969483, 31.7522917 ], [ 35.1957476, 31.7523584 ], [ 35.1942955, 31.7522963 ], [ 35.1935917, 31.7523106 ], [ 35.1932008, 31.7523153 ], [ 35.1924076, 31.7530024 ], [ 35.1920386, 31.7533681 ], [ 35.1917698, 31.7536633 ], [ 35.191672, 31.7538154 ], [ 35.1915149, 31.7539288 ], [ 35.1910402, 31.7541733 ], [ 35.1907853, 31.7542985 ], [ 35.1910505, 31.7547549 ], [ 35.1911901, 31.7551606 ], [ 35.1911656, 31.7554439 ], [ 35.1911178, 31.7557006 ], [ 35.1908917, 31.7554266 ], [ 35.1904177, 31.7550305 ], [ 35.1897119, 31.7546479 ], [ 35.189338, 31.7544903 ], [ 35.1887547, 31.7543261 ], [ 35.1884689, 31.7542652 ], [ 35.1880528, 31.7542606 ], [ 35.187505, 31.7543191 ] ] ] } },
{ "type": "Feature", "properties": { "CODE": 408, "SCHN_NAME": "מעלות דפנה", "Shape_STAr": 375404.11180100002, "Shape_STLe": 2708.3167874300002 }, "geometry": { "type": "Polygon", "coordinates": [ [ [ 35.2322265, 31.7987862 ], [ 35.2326, 31.7993459 ], [ 35.2328336, 31.7998022 ], [ 35.232312, 31.7999824 ], [ 35.2320593, 31.8000471 ], [ 35.2317903, 31.800086 ], [ 35.2306837, 31.8001717 ], [ 35.2294029, 31.8002227 ], [ 35.2285913, 31.8002351 ], [ 35.2278084, 31.8002427 ], [ 35.2271846, 31.8001409 ], [ 35.2264642, 31.7999332 ], [ 35.2249395, 31.7993402 ], [ 35.2240894, 31.7989569 ], [ 35.2234954, 31.7985888 ], [ 35.2229473, 31.7980264 ], [ 35.2233877, 31.7977186 ], [ 35.2235932, 31.7975206 ], [ 35.2237933, 31.7972055 ], [ 35.2239553, 31.7968037 ], [ 35.2240146, 31.796483 ], [ 35.2240857, 31.7962467 ], [ 35.2241576, 31.7960502 ], [ 35.2242713, 31.7959395 ], [ 35.22471, 31.7958281 ], [ 35.2250854, 31.7957031 ], [ 35.2251995, 31.7956519 ], [ 35.2252105, 31.7955626 ], [ 35.2244461, 31.7939785 ], [ 35.2247163, 31.7939187 ], [ 35.2251668, 31.7938241 ], [ 35.2259532, 31.7936249 ], [ 35.2265855, 31.793564 ], [ 35.2268188, 31.7940163 ], [ 35.2270402, 31.7943774 ], [ 35.22745, 31.7947547 ], [ 35.2286025, 31.7957306 ], [ 35.2294739, 31.7964345 ], [ 35.2300361, 31.7969465 ], [ 35.2307876, 31.7975631 ], [ 35.2310013, 31.7977384 ], [ 35.2317017, 31.7983463 ], [ 35.2322265, 31.7987862 ] ] ] } },
{ "type": "Feature", "properties": { "CODE": 416, "SCHN_NAME": "מקור ברוך", "Shape_STAr": 514448.63990800001, "Shape_STLe": 3277.8304616700002 }, "geometry": { "type": "Polygon", "coordinates": [ [ [ 35.2150062, 31.7923674 ], [ 35.2149824, 31.7925631 ], [ 35.2149839, 31.7928065 ], [ 35.215016, 31.7930749 ], [ 35.2148987, 31.7933887 ], [ 35.2148608, 31.7935316 ], [ 35.2143542, 31.7933452 ], [ 35.2140655, 31.7932257 ], [ 35.2138343, 31.7930932 ], [ 35.2133916, 31.7927992 ], [ 35.2130703, 31.7925928 ], [ 35.2124933, 31.7923532 ], [ 35.2121218, 31.7922688 ], [ 35.2119479, 31.7922284 ], [ 35.2115579, 31.7921819 ], [ 35.2109519, 31.7921909 ], [ 35.210571, 31.7922479 ], [ 35.2102224, 31.7923243 ], [ 35.2097312, 31.79245 ], [ 35.2091317, 31.792498 ], [ 35.2085977, 31.792482 ], [ 35.2086445, 31.7915459 ], [ 35.2085203, 31.7912849 ], [ 35.2083675, 31.7910465 ], [ 35.2082955, 31.7909488 ], [ 35.2078669, 31.7905588 ], [ 35.2069395, 31.7898267 ], [ 35.2055685, 31.7888193 ], [ 35.205361, 31.7886902 ], [ 35.2044984, 31.7878776 ], [ 35.2051658, 31.7876016 ], [ 35.2058472, 31.7872655 ], [ 35.2064814, 31.7869506 ], [ 35.20684, 31.786726 ], [ 35.2069398, 31.7866774 ], [ 35.207101, 31.7865987 ], [ 35.207347, 31.7865096 ], [ 35.2075709, 31.7864285 ], [ 35.2078529, 31.7862712 ], [ 35.2084871, 31.7859287 ], [ 35.2092921, 31.7855061 ], [ 35.2099636, 31.7851834 ], [ 35.2103742, 31.784991 ], [ 35.2106029, 31.7848763 ], [ 35.2110758, 31.7850922 ], [ 35.2117739, 31.7854418 ], [ 35.2119377, 31.7859191 ], [ 35.2123115, 31.7858439 ], [ 35.212373, 31.7861328 ], [ 35.2123731, 31.7862089 ], [ 35.2123698, 31.7863015 ], [ 35.2123648, 31.7865699 ], [ 35.2123379, 31.7870172 ], [ 35.2122842, 31.7871221 ], [ 35.2122648, 31.7877301 ], [ 35.2130697, 31.78773 ], [ 35.2139065, 31.7877047 ], [ 35.214039, 31.7882136 ], [ 35.2141644, 31.7887036 ], [ 35.2142295, 31.7889826 ], [ 35.2143844, 31.7895569 ], [ 35.2146779, 31.7894444 ], [ 35.2148455, 31.7898345 ], [ 35.21485, 31.7899585 ], [ 35.2148513, 31.7902351 ], [ 35.2148634, 31.7906476 ], [ 35.2149116, 31.7912566 ], [ 35.2149474, 31.7917443 ], [ 35.2150737, 31.7917376 ], [ 35.215114, 31.7921157 ], [ 35.2150062, 31.7923674 ] ] ] } },
{ "type": "Feature", "properties": { "CODE": 420, "SCHN_NAME": "מקור חיים", "Shape_STAr": 223111.75637799999, "Shape_STLe": 2975.15347092 }, "geometry": { "type": "Polygon", "coordinates": [ [ [ 35.2091048, 31.7530733 ], [ 35.2084422, 31.7527156 ], [ 35.2088387, 31.7524857 ], [ 35.2092733, 31.7521725 ], [ 35.209512, 31.7517574 ], [ 35.2097676, 31.7512913 ], [ 35.2100063, 31.751 ], [ 35.2104409, 31.7507669 ], [ 35.2107733, 31.7506867 ], [ 35.211363, 31.7506303 ], [ 35.2127294, 31.7507859 ], [ 35.2136452, 31.7509046 ], [ 35.2137315, 31.751302 ], [ 35.2138689, 31.7520655 ], [ 35.2137475, 31.752081 ], [ 35.2131873, 31.7521796 ], [ 35.2125433, 31.7523067 ], [ 35.2114686, 31.7525565 ], [ 35.2116112, 31.7529583 ], [ 35.2118995, 31.7529155 ], [ 35.2120122, 31.7532409 ], [ 35.2120486, 31.7533273 ], [ 35.2121052, 31.7533238 ], [ 35.2122226, 31.7536867 ], [ 35.2121417, 31.753704 ], [ 35.2122437, 31.7540144 ], [ 35.2122485, 31.7542807 ], [ 35.2121766, 31.7545634 ], [ 35.2122102, 31.7546945 ], [ 35.212354, 31.7547723 ], [ 35.2125171, 31.7547559 ], [ 35.2128766, 31.7547108 ], [ 35.2131691, 31.7547436 ], [ 35.213289, 31.7553253 ], [ 35.2144626, 31.7551526 ], [ 35.2146725, 31.7563509 ], [ 35.2149099, 31.7573464 ], [ 35.2151546, 31.7584955 ], [ 35.2153117, 31.7592101 ], [ 35.2142184, 31.7585003 ], [ 35.2134608, 31.758021 ], [ 35.2124985, 31.7570007 ], [ 35.211701, 31.7561694 ], [ 35.2111975, 31.7555345 ], [ 35.210531, 31.7543997 ], [ 35.2100515, 31.75365 ], [ 35.2091048, 31.7530733 ] ] ] } },
{ "type": "Feature", "properties": { "CODE": 400, "SCHN_NAME": "מרכז העיר", "Shape_STAr": 758190.68682900001, "Shape_STLe": 4024.57207457 }, "geometry": { "type": "Polygon", "coordinates": [ [ [ 35.2152116, 31.7851067 ], [ 35.2150282, 31.7852099 ], [ 35.2149274, 31.7850864 ], [ 35.2147636, 31.7848669 ], [ 35.2150833, 31.7846538 ], [ 35.2155106, 31.7843756 ], [ 35.2153977, 31.7841963 ], [ 35.2154207, 31.7840262 ], [ 35.2153952, 31.783739 ], [ 35.2153428, 31.7833054 ], [ 35.2153342, 31.7832599 ], [ 35.2153932, 31.7832369 ], [ 35.2155654, 31.7831776 ], [ 35.2155494, 31.7831006 ], [ 35.2154636, 31.782943 ], [ 35.2152029, 31.78256 ], [ 35.2151832, 31.7825188 ], [ 35.2149552, 31.782007 ], [ 35.2147518, 31.7816683 ], [ 35.2146608, 31.7815436 ], [ 35.2144614, 31.781261 ], [ 35.2141183, 31.7807361 ], [ 35.2140109, 31.7807151 ], [ 35.213862, 31.7807133 ], [ 35.2136678, 31.7807594 ], [ 35.2134941, 31.7803492 ], [ 35.2132985, 31.7803821 ], [ 35.213097, 31.7803669 ], [ 35.2130229, 31.7803036 ], [ 35.2127295, 31.7799973 ], [ 35.2123046, 31.7794036 ], [ 35.2123333, 31.7791408 ], [ 35.2145834, 31.7792936 ], [ 35.2146262, 31.7791396 ], [ 35.2147462, 31.778758 ], [ 35.2148373, 31.778513 ], [ 35.2149484, 31.778308 ], [ 35.2150506, 31.7782016 ], [ 35.2151928, 31.7781295 ], [ 35.2155285, 31.7780383 ], [ 35.215744, 31.7779813 ], [ 35.2158796, 31.7779433 ], [ 35.2159894, 31.7777663 ], [ 35.2163916, 31.7771131 ], [ 35.2167314, 31.77666 ], [ 35.2171475, 31.7760479 ], [ 35.2175742, 31.7754718 ], [ 35.2177269, 31.7752513 ], [ 35.2179588, 31.7754493 ], [ 35.2183895, 31.775762 ], [ 35.2188222, 31.7760227 ], [ 35.2195131, 31.7764479 ], [ 35.2197107, 31.7765627 ], [ 35.2202607, 31.7768842 ], [ 35.2205823, 31.777074 ], [ 35.2211693, 31.7773966 ], [ 35.2216441, 31.7776491 ], [ 35.2219139, 31.7777596 ], [ 35.2223261, 31.7777651 ], [ 35.2227938, 31.7777816 ], [ 35.2228032, 31.7778657 ], [ 35.2228632, 31.7780517 ], [ 35.2229633, 31.7782255 ], [ 35.223457, 31.77841 ], [ 35.2240616, 31.7786091 ], [ 35.2246465, 31.778798 ], [ 35.2249436, 31.7789464 ], [ 35.2251431, 31.779025 ], [ 35.2250815, 31.7795165 ], [ 35.2250512, 31.7798116 ], [ 35.2250348, 31.7801884 ], [ 35.2249134, 31.7804677 ], [ 35.2247173, 31.7809451 ], [ 35.2245571, 31.7813408 ], [ 35.2245453, 31.7821583 ], [ 35.2244852, 31.7828443 ], [ 35.2244873, 31.7830379 ], [ 35.2246454, 31.7835644 ], [ 35.2247476, 31.7838615 ], [ 35.2247773, 31.7840083 ], [ 35.2244925, 31.7839904 ], [ 35.22394, 31.7839818 ], [ 35.2234847, 31.7839207 ], [ 35.2224734, 31.7837946 ], [ 35.2220278, 31.7836393 ], [ 35.2218186, 31.7835849 ], [ 35.2207455, 31.7839036 ], [ 35.2186404, 31.7843913 ], [ 35.2182422, 31.7845089 ], [ 35.2176611, 31.7847205 ], [ 35.217413, 31.7848047 ], [ 35.2171285, 31.7848554 ], [ 35.2165476, 31.78495 ], [ 35.2160655, 31.7850108 ], [ 35.2158548, 31.7850403 ], [ 35.2156066, 31.7850311 ], [ 35.21538, 31.7850274 ], [ 35.2152116, 31.7851067 ] ] ] } },
{ "type": "Feature", "properties": { "CODE": 404, "SCHN_NAME": "מרכז העיר מזר", "Shape_STAr": 382705.67791700002, "Shape_STLe": 3294.98729207 }, "geometry": { "type": "Polygon", "coordinates": [ [ [ 35.2301776, 31.7816508 ], [ 35.2302337, 31.7816222 ], [ 35.2303794, 31.7817298 ], [ 35.2304032, 31.78174 ], [ 35.2303816, 31.7817983 ], [ 35.2304442, 31.7818391 ], [ 35.230502, 31.7817887 ], [ 35.2307468, 31.7819546 ], [ 35.2307125, 31.7820012 ], [ 35.2308683, 31.7821101 ], [ 35.2308238, 31.7821671 ], [ 35.2308926, 31.7822224 ], [ 35.230925, 31.7821878 ], [ 35.2310504, 31.7822725 ], [ 35.2310201, 31.7823399 ], [ 35.2311476, 31.7824142 ], [ 35.2312447, 31.7824885 ], [ 35.23135, 31.782523 ], [ 35.2315624, 31.7825852 ], [ 35.2315826, 31.7825645 ], [ 35.2317465, 31.7825955 ], [ 35.231791, 31.7825264 ], [ 35.2320986, 31.7824918 ], [ 35.2320945, 31.7825177 ], [ 35.2321492, 31.7825229 ], [ 35.2321451, 31.7824969 ], [ 35.2324628, 31.7825643 ], [ 35.2324871, 31.7827077 ], [ 35.2329019, 31.7827975 ], [ 35.2328857, 31.782858 ], [ 35.2330092, 31.7828752 ], [ 35.2330152, 31.7828407 ], [ 35.2332095, 31.7828648 ], [ 35.2332113, 31.7828759 ], [ 35.2335899, 31.7829598 ], [ 35.2335858, 31.7830151 ], [ 35.233685, 31.7830393 ], [ 35.2337211, 31.7833229 ], [ 35.2335344, 31.783447 ], [ 35.2332055, 31.7836926 ], [ 35.2327374, 31.7840193 ], [ 35.2324737, 31.7842623 ], [ 35.2323344, 31.7843687 ], [ 35.2319077, 31.7845561 ], [ 35.2314431, 31.7851649 ], [ 35.2311481, 31.7856286 ], [ 35.2309954, 31.7858941 ], [ 35.2307953, 31.7863397 ], [ 35.2306742, 31.7865828 ], [ 35.2303424, 31.7869744 ], [ 35.2300474, 31.7872895 ], [ 35.2297735, 31.7876136 ], [ 35.2294522, 31.7879242 ], [ 35.2290722, 31.7882353 ], [ 35.2288767, 31.7884632 ], [ 35.2287907, 31.7885974 ], [ 35.2287967, 31.7888151 ], [ 35.2289278, 31.7892488 ], [ 35.2290153, 31.7896854 ], [ 35.2289524, 31.7901048 ], [ 35.2288535, 31.7906036 ], [ 35.2288022, 31.7909006 ], [ 35.2287193, 31.7912989 ], [ 35.2287629, 31.7915622 ], [ 35.2286553, 31.791596 ], [ 35.2283233, 31.79163 ], [ 35.2279469, 31.7916655 ], [ 35.2274638, 31.7916783 ], [ 35.2270666, 31.7916834 ], [ 35.2267156, 31.7916806 ], [ 35.2264536, 31.7916943 ], [ 35.2264743, 31.7912701 ], [ 35.226604, 31.788765 ], [ 35.2267264, 31.7882148 ], [ 35.2268842, 31.7874215 ], [ 35.2272385, 31.7857653 ], [ 35.2273865, 31.7849957 ], [ 35.2273271, 31.7844464 ], [ 35.2271787, 31.7838641 ], [ 35.2271727, 31.7833401 ], [ 35.2271964, 31.7831603 ], [ 35.2272348, 31.7830034 ], [ 35.2273504, 31.7827679 ], [ 35.2275992, 31.7823831 ], [ 35.2279992, 31.7817729 ], [ 35.2282003, 31.7814663 ], [ 35.2289111, 31.7805879 ], [ 35.2294764, 31.7810106 ], [ 35.2294384, 31.7810482 ], [ 35.2295614, 31.7811402 ], [ 35.2294992, 31.7812024 ], [ 35.22961, 31.7812918 ], [ 35.2296358, 31.7812672 ], [ 35.2297617, 31.7813747 ], [ 35.2298558, 31.7812995 ], [ 35.23017, 31.781538 ], [ 35.2301154, 31.7816028 ], [ 35.2301776, 31.7816508 ] ] ] } },
{ "type": "Feature", "properties": { "CODE": 750, "SCHN_NAME": "מרכז רפואי הד", "Shape_STAr": 741439.37875399995, "Shape_STLe": 3697.0585505700001 }, "geometry": { "type": "Polygon", "coordinates": [ [ [ 35.1542796, 31.7640593 ], [ 35.1545556, 31.7638592 ], [ 35.1546954, 31.7637674 ], [ 35.1549005, 31.7639679 ], [ 35.1550366, 31.7641228 ], [ 35.1552655, 31.7644617 ], [ 35.1555285, 31.764709 ], [ 35.1556457, 31.7649167 ], [ 35.1556729, 31.7651581 ], [ 35.1555338, 31.7657527 ], [ 35.1552203, 31.7670888 ], [ 35.1545585, 31.7689518 ], [ 35.1543143, 31.769508 ], [ 35.1542304, 31.7697824 ], [ 35.1542086, 31.7699203 ], [ 35.1540739, 31.769856 ], [ 35.1539393, 31.7698136 ], [ 35.1537193, 31.7698105 ], [ 35.1534988, 31.769861 ], [ 35.1531967, 31.7699869 ], [ 35.1529577, 31.7702028 ], [ 35.152796, 31.7704428 ], [ 35.1526975, 31.7708628 ], [ 35.1526411, 31.7710908 ], [ 35.1525721, 31.7713464 ], [ 35.1524627, 31.7715103 ], [ 35.152287, 31.7716543 ], [ 35.152013, 31.7717322 ], [ 35.151704, 31.771768 ], [ 35.1512965, 31.7717739 ], [ 35.1510226, 31.7717198 ], [ 35.15084, 31.7716537 ], [ 35.1505802, 31.7714795 ], [ 35.1502573, 31.7711494 ], [ 35.1499695, 31.7708552 ], [ 35.1499416, 31.7705252 ], [ 35.1498856, 31.7702071 ], [ 35.1498155, 31.770015 ], [ 35.1496751, 31.769865 ], [ 35.1494785, 31.7697269 ], [ 35.1492819, 31.7696368 ], [ 35.1489237, 31.7695706 ], [ 35.1483056, 31.7695823 ], [ 35.1479052, 31.7695401 ], [ 35.1473504, 31.7693359 ], [ 35.146873, 31.7690356 ], [ 35.1464096, 31.7686934 ], [ 35.146199, 31.7684652 ], [ 35.1461219, 31.7682552 ], [ 35.1460308, 31.7678951 ], [ 35.1458697, 31.7672049 ], [ 35.1457506, 31.7667068 ], [ 35.1456478, 31.7663774 ], [ 35.145445, 31.7659884 ], [ 35.145166, 31.7656058 ], [ 35.1449554, 31.7653806 ], [ 35.1446185, 31.7650834 ], [ 35.1441814, 31.7647877 ], [ 35.1441077, 31.7646572 ], [ 35.1440605, 31.7644186 ], [ 35.1440922, 31.7642611 ], [ 35.1442082, 31.7641081 ], [ 35.1443926, 31.7639867 ], [ 35.1445789, 31.7637245 ], [ 35.1449142, 31.7634812 ], [ 35.1451155, 31.7631664 ], [ 35.1454048, 31.762529 ], [ 35.1456558, 31.762002 ], [ 35.1458038, 31.761692 ], [ 35.1509076, 31.7622603 ], [ 35.1509756, 31.7627292 ], [ 35.1510887, 31.7635002 ], [ 35.1513057, 31.7640893 ], [ 35.1513526, 31.7641013 ], [ 35.1522127, 31.7643372 ], [ 35.1533726, 31.7642752 ], [ 35.1541626, 31.7640873 ], [ 35.1542796, 31.7640593 ] ] ] } },
{ "type": "Feature", "properties": { "CODE": 428, "SCHN_NAME": "נוה יעקב", "Shape_STAr": 1741075.9390700001, "Shape_STLe": 6665.3371212399998 }, "geometry": { "type": "Polygon", "coordinates": [ [ [ 35.2539956, 31.8393402 ], [ 35.2543265, 31.8393777 ], [ 35.2549576, 31.8396567 ], [ 35.2562825, 31.8396566 ], [ 35.2538606, 31.8415426 ], [ 35.2534805, 31.8418376 ], [ 35.2534555, 31.8418477 ], [ 35.2534376, 31.8418636 ], [ 35.2533986, 31.8418886 ], [ 35.2532705, 31.8418916 ], [ 35.2531646, 31.8419147 ], [ 35.2529756, 31.8420346 ], [ 35.2527265, 31.8422047 ], [ 35.2524146, 31.8424106 ], [ 35.2523065, 31.8424877 ], [ 35.2518226, 31.8428306 ], [ 35.2515206, 31.8430947 ], [ 35.2511755, 31.8433966 ], [ 35.2507476, 31.8437056 ], [ 35.2505205, 31.8438846 ], [ 35.2503356, 31.8439887 ], [ 35.2501716, 31.8441197 ], [ 35.2499955, 31.8442606 ], [ 35.2499315, 31.8442836 ], [ 35.2499316, 31.8443537 ], [ 35.2489876, 31.8450047 ], [ 35.2467005, 31.8453468 ], [ 35.2446685, 31.8454707 ], [ 35.2427076, 31.8456267 ], [ 35.2416915, 31.8453787 ], [ 35.2389135, 31.8440507 ], [ 35.2388195, 31.8440738 ], [ 35.2385875, 31.8440957 ], [ 35.2384375, 31.8440917 ], [ 35.2384085, 31.8440888 ], [ 35.2370135, 31.8435578 ], [ 35.2369445, 31.8435287 ], [ 35.2368675, 31.8435098 ], [ 35.2367615, 31.8431018 ], [ 35.2366505, 31.8431388 ], [ 35.2365636, 31.8431508 ], [ 35.2363385, 31.8431838 ], [ 35.2339414, 31.8419147 ], [ 35.2335486, 31.8417068 ], [ 35.2334425, 31.8417168 ], [ 35.2327795, 31.8417777 ], [ 35.2324734, 31.8418068 ], [ 35.2322985, 31.8418228 ], [ 35.2323153, 31.8413962 ], [ 35.2321284, 31.8404349 ], [ 35.2330067, 31.8402693 ], [ 35.2331094, 31.8402707 ], [ 35.2332323, 31.8398459 ], [ 35.2340267, 31.8395931 ], [ 35.233715, 31.839161 ], [ 35.2339019, 31.8390059 ], [ 35.2337382, 31.8387354 ], [ 35.2335357, 31.8386424 ], [ 35.2332865, 31.8386757 ], [ 35.2330643, 31.8382979 ], [ 35.2329496, 31.8382237 ], [ 35.232831, 31.8382507 ], [ 35.2327085, 31.8383216 ], [ 35.2321291, 31.8386798 ], [ 35.231587, 31.838966 ], [ 35.2311751, 31.839128 ], [ 35.2308727, 31.8389683 ], [ 35.2303448, 31.8386652 ], [ 35.2297496, 31.8384236 ], [ 35.2296763, 31.8372048 ], [ 35.2298853, 31.8372761 ], [ 35.2306854, 31.8375086 ], [ 35.232077, 31.8377449 ], [ 35.2342405, 31.8380379 ], [ 35.2348476, 31.838154 ], [ 35.2348474, 31.8376603 ], [ 35.2349239, 31.8367776 ], [ 35.2347549, 31.8362925 ], [ 35.2351848, 31.8361482 ], [ 35.2358348, 31.836135 ], [ 35.2358706, 31.8357854 ], [ 35.2361124, 31.8356346 ], [ 35.2366881, 31.8353959 ], [ 35.2375041, 31.835157 ], [ 35.2388177, 31.8349801 ], [ 35.2393067, 31.8350698 ], [ 35.2394912, 31.8351521 ], [ 35.2398937, 31.8351627 ], [ 35.2402375, 31.8352557 ], [ 35.240531, 31.8353236 ], [ 35.2418475, 31.8354521 ], [ 35.2419943, 31.835495 ], [ 35.2421662, 31.83552 ], [ 35.2424513, 31.8355843 ], [ 35.2428412, 31.8356486 ], [ 35.2431976, 31.83567 ], [ 35.2434785, 31.8356807 ], [ 35.2437468, 31.8357414 ], [ 35.2440529, 31.8357914 ], [ 35.2444931, 31.8357841 ], [ 35.2452688, 31.8358841 ], [ 35.2455748, 31.8358482 ], [ 35.2464301, 31.8358551 ], [ 35.2468368, 31.8358979 ], [ 35.247189, 31.8360195 ], [ 35.247709, 31.8362663 ], [ 35.2478642, 31.8362948 ], [ 35.2481954, 31.8363806 ], [ 35.2484974, 31.8365559 ], [ 35.2488916, 31.8368314 ], [ 35.2491265, 31.8370532 ], [ 35.2494746, 31.8371712 ], [ 35.2500029, 31.8373678 ], [ 35.2506445, 31.8376647 ], [ 35.2510765, 31.8378327 ], [ 35.2514329, 31.8380295 ], [ 35.2516552, 31.8381726 ], [ 35.2519236, 31.838312 ], [ 35.2527261, 31.8387492 ], [ 35.2533046, 31.8391038 ], [ 35.2536208, 31.8392977 ], [ 35.2539956, 31.8393402 ] ] ] } },
{ "type": "Feature", "properties": { "CODE": 444, "SCHN_NAME": "נחלאות, שערי", "Shape_STAr": 184428.69609099999, "Shape_STLe": 2392.27995749 }, "geometry": { "type": "Polygon", "coordinates": [ [ [ 35.2136678, 31.7807594 ], [ 35.2133311, 31.7808645 ], [ 35.2124485, 31.7812093 ], [ 35.2120608, 31.7813463 ], [ 35.2113542, 31.7815998 ], [ 35.2109121, 31.7818107 ], [ 35.2104415, 31.7820628 ], [ 35.209955, 31.7823208 ], [ 35.2097226, 31.7824358 ], [ 35.2095423, 31.7825309 ], [ 35.2090857, 31.7827649 ], [ 35.2088733, 31.7828876 ], [ 35.2086484, 31.7829569 ], [ 35.2083835, 31.783014 ], [ 35.2084236, 31.7827244 ], [ 35.2084858, 31.7822434 ], [ 35.208551, 31.7818966 ], [ 35.2085836, 31.7815168 ], [ 35.2085839, 31.7814608 ], [ 35.2085895, 31.7812687 ], [ 35.2086051, 31.7811472 ], [ 35.2086784, 31.7809194 ], [ 35.2087851, 31.7805903 ], [ 35.2088532, 31.780165 ], [ 35.2089565, 31.7794933 ], [ 35.2091847, 31.779549 ], [ 35.2094603, 31.7796173 ], [ 35.2095922, 31.7796332 ], [ 35.2096411, 31.7796426 ], [ 35.2098871, 31.7796426 ], [ 35.2100115, 31.7795869 ], [ 35.2100649, 31.7794857 ], [ 35.2099758, 31.7792334 ], [ 35.2098646, 31.7787385 ], [ 35.2098248, 31.7786022 ], [ 35.2097862, 31.7784528 ], [ 35.2097925, 31.778137 ], [ 35.2106045, 31.7781572 ], [ 35.21061, 31.7768073 ], [ 35.210524, 31.7759617 ], [ 35.2105184, 31.775842 ], [ 35.2108621, 31.7758116 ], [ 35.2108562, 31.7757584 ], [ 35.2114518, 31.7757052 ], [ 35.2114663, 31.7761079 ], [ 35.2117943, 31.7760882 ], [ 35.211826, 31.7768306 ], [ 35.2122825, 31.7768289 ], [ 35.2126218, 31.7768348 ], [ 35.2125465, 31.7774066 ], [ 35.2124784, 31.7779965 ], [ 35.2124498, 31.7781954 ], [ 35.2123467, 31.7789115 ], [ 35.2123333, 31.7791408 ], [ 35.2123046, 31.7794036 ], [ 35.2127295, 31.7799973 ], [ 35.2130229, 31.7803036 ], [ 35.213097, 31.7803669 ], [ 35.2132985, 31.7803821 ], [ 35.2134941, 31.7803492 ], [ 35.2136678, 31.7807594 ] ] ] } },
{ "type": "Feature", "properties": { "CODE": 432, "SCHN_NAME": "ניות", "Shape_STAr": 241473.285706, "Shape_STLe": 2864.72217516 }, "geometry": { "type": "Polygon", "coordinates": [ [ [ 35.201377, 31.7732464 ], [ 35.2011671, 31.7732175 ], [ 35.2009921, 31.7731549 ], [ 35.2008687, 31.7730993 ], [ 35.2006287, 31.7730694 ], [ 35.200527, 31.7730737 ], [ 35.200572, 31.7722791 ], [ 35.2006313, 31.7713779 ], [ 35.2007025, 31.7703619 ], [ 35.2007658, 31.7700072 ], [ 35.2005975, 31.7698697 ], [ 35.2004509, 31.7695744 ], [ 35.2004494, 31.7693543 ], [ 35.2004628, 31.7688752 ], [ 35.2005254, 31.7686308 ], [ 35.2006617, 31.76823 ], [ 35.2007556, 31.7679551 ], [ 35.2009634, 31.7676458 ], [ 35.2009835, 31.7674549 ], [ 35.2010863, 31.7673519 ], [ 35.2012248, 31.7672641 ], [ 35.2013321, 31.7672392 ], [ 35.2014483, 31.767245 ], [ 35.2015376, 31.7672507 ], [ 35.2016114, 31.7672221 ], [ 35.2018974, 31.7668823 ], [ 35.2020292, 31.7667563 ], [ 35.2021432, 31.7667468 ], [ 35.2024984, 31.7664204 ], [ 35.2025749, 31.7664865 ], [ 35.2028594, 31.766833 ], [ 35.2031228, 31.7671255 ], [ 35.2032631, 31.7670947 ], [ 35.204002, 31.7670609 ], [ 35.2046628, 31.7670119 ], [ 35.2051172, 31.7679806 ], [ 35.2053898, 31.768362 ], [ 35.2059192, 31.7688177 ], [ 35.2062472, 31.7689764 ], [ 35.2068042, 31.7691485 ], [ 35.2074206, 31.7693409 ], [ 35.2083452, 31.7695873 ], [ 35.2089694, 31.7696413 ], [ 35.2089498, 31.7699826 ], [ 35.2086475, 31.7699598 ], [ 35.2083917, 31.7699271 ], [ 35.2084431, 31.7702003 ], [ 35.2084253, 31.7703294 ], [ 35.208366, 31.77038 ], [ 35.2080016, 31.770499 ], [ 35.2077716, 31.7706161 ], [ 35.2074404, 31.7707775 ], [ 35.2072004, 31.7708591 ], [ 35.2071016, 31.770876 ], [ 35.2070147, 31.7708693 ], [ 35.2067855, 31.7707241 ], [ 35.2065564, 31.7705351 ], [ 35.2064418, 31.770471 ], [ 35.206242, 31.7704808 ], [ 35.2060785, 31.7705426 ], [ 35.2060064, 31.7705512 ], [ 35.2060228, 31.7706117 ], [ 35.2060366, 31.7707036 ], [ 35.206001, 31.7707778 ], [ 35.2059457, 31.7708352 ], [ 35.2058825, 31.7708622 ], [ 35.2057877, 31.7708589 ], [ 35.2056691, 31.770815 ], [ 35.2055822, 31.7707745 ], [ 35.2054755, 31.7707698 ], [ 35.2053755, 31.7708021 ], [ 35.2049679, 31.7705574 ], [ 35.2039109, 31.7699211 ], [ 35.2038443, 31.7698995 ], [ 35.2036109, 31.7698072 ], [ 35.203417, 31.7697993 ], [ 35.2033508, 31.7697939 ], [ 35.2030886, 31.769923 ], [ 35.2028982, 31.7701129 ], [ 35.2027174, 31.7702933 ], [ 35.2024107, 31.7705743 ], [ 35.2022218, 31.7708173 ], [ 35.2020485, 31.7711268 ], [ 35.2017273, 31.7718058 ], [ 35.201506, 31.7723087 ], [ 35.2013993, 31.7726192 ], [ 35.2013805, 31.7730048 ], [ 35.201377, 31.7732464 ] ] ] } },
{ "type": "Feature", "properties": { "CODE": 320, "SCHN_NAME": "סילואן", "Shape_STAr": 357195.00747700001, "Shape_STLe": 3600.6417133499999 }, "geometry": { "type": "Polygon", "coordinates": [ [ [ 35.2406465, 31.7663325 ], [ 35.2405901, 31.7663962 ], [ 35.2404498, 31.7664169 ], [ 35.2398063, 31.7664529 ], [ 35.2394075, 31.7664802 ], [ 35.2391879, 31.7665289 ], [ 35.2390154, 31.7665877 ], [ 35.2387909, 31.7667409 ], [ 35.238543, 31.7670288 ], [ 35.2383369, 31.7672651 ], [ 35.2381125, 31.7675386 ], [ 35.2379701, 31.767772 ], [ 35.237878, 31.767971 ], [ 35.2378094, 31.7681886 ], [ 35.2378011, 31.768339 ], [ 35.2378363, 31.7685036 ], [ 35.2378732, 31.7686797 ], [ 35.2379286, 31.768883 ], [ 35.2379672, 31.7690003 ], [ 35.2380292, 31.7690991 ], [ 35.2381449, 31.7692723 ], [ 35.2382539, 31.7694627 ], [ 35.2383026, 31.7695543 ], [ 35.2383378, 31.769666 ], [ 35.238363, 31.7697533 ], [ 35.2383547, 31.7700296 ], [ 35.2383664, 31.7700883 ], [ 35.2384168, 31.7702501 ], [ 35.2384872, 31.7703703 ], [ 35.2385761, 31.7705435 ], [ 35.2386365, 31.7706466 ], [ 35.2386661, 31.7707377 ], [ 35.2387053, 31.7710097 ], [ 35.2387725, 31.7713509 ], [ 35.2388703, 31.7715848 ], [ 35.2389821, 31.771852 ], [ 35.2390521, 31.772093 ], [ 35.2390997, 31.7724318 ], [ 35.2391221, 31.7727587 ], [ 35.2391445, 31.7728971 ], [ 35.2391809, 31.7730426 ], [ 35.2392507, 31.7730641 ], [ 35.2394965, 31.7730258 ], [ 35.2397814, 31.7729661 ], [ 35.2398094, 31.7731307 ], [ 35.2398625, 31.7732524 ], [ 35.239938, 31.7734003 ], [ 35.2400749, 31.773615 ], [ 35.2402287, 31.7737929 ], [ 35.2404873, 31.773895 ], [ 35.2404679, 31.7745204 ], [ 35.2403617, 31.7745516 ], [ 35.2401098, 31.7745814 ], [ 35.2400157, 31.7745867 ], [ 35.2399566, 31.7746087 ], [ 35.2398519, 31.7747034 ], [ 35.2398398, 31.7747345 ], [ 35.2397594, 31.7747889 ], [ 35.2396136, 31.774601 ], [ 35.2394887, 31.7745256 ], [ 35.2393118, 31.7745889 ], [ 35.239096, 31.7746558 ], [ 35.2388506, 31.7747365 ], [ 35.2386105, 31.7748495 ], [ 35.2383847, 31.7749651 ], [ 35.2376977, 31.7744944 ], [ 35.2374656, 31.7742525 ], [ 35.2372281, 31.7740313 ], [ 35.2370986, 31.773771 ], [ 35.2370418, 31.7735106 ], [ 35.2369365, 31.773211 ], [ 35.2368662, 31.7727893 ], [ 35.2367689, 31.772264 ], [ 35.2366312, 31.771923 ], [ 35.2364342, 31.7716004 ], [ 35.2361994, 31.7712801 ], [ 35.2361077, 31.7710682 ], [ 35.2359916, 31.7709161 ], [ 35.2356705, 31.7705797 ], [ 35.2353144, 31.7702641 ], [ 35.2351848, 31.7700729 ], [ 35.2351143, 31.7698257 ], [ 35.235117, 31.7696967 ], [ 35.2350522, 31.7694939 ], [ 35.2348746, 31.7692953 ], [ 35.2347149, 31.7691737 ], [ 35.2344622, 31.7690662 ], [ 35.2341997, 31.768971 ], [ 35.2341169, 31.7688942 ], [ 35.2340629, 31.7687498 ], [ 35.234084, 31.7686379 ], [ 35.234269, 31.7684866 ], [ 35.2345494, 31.7683068 ], [ 35.2348256, 31.7680799 ], [ 35.2349998, 31.767855 ], [ 35.2352371, 31.7676775 ], [ 35.2354015, 31.7675484 ], [ 35.2354905, 31.767394 ], [ 35.2356199, 31.7672027 ], [ 35.2357108, 31.7669803 ], [ 35.2358519, 31.7665983 ], [ 35.2359525, 31.7663361 ], [ 35.2361249, 31.7658813 ], [ 35.2363598, 31.765529 ], [ 35.2365947, 31.7653609 ], [ 35.2369734, 31.7651642 ], [ 35.2371316, 31.7650003 ], [ 35.2374441, 31.7647161 ], [ 35.2375757, 31.7645791 ], [ 35.2378489, 31.7642308 ], [ 35.2378508, 31.7641441 ], [ 35.2380699, 31.7641017 ], [ 35.2383863, 31.7639213 ], [ 35.2389855, 31.7634623 ], [ 35.2392301, 31.7633762 ], [ 35.2396136, 31.7632491 ], [ 35.2397743, 31.763214 ], [ 35.2399315, 31.7635115 ], [ 35.2400324, 31.7640614 ], [ 35.2401476, 31.7642027 ], [ 35.2402364, 31.7643361 ], [ 35.2402616, 31.7644566 ], [ 35.2403789, 31.7645365 ], [ 35.2403677, 31.764589 ], [ 35.2403147, 31.7646892 ], [ 35.2401221, 31.7649601 ], [ 35.2401584, 31.7650305 ], [ 35.2404433, 31.7650006 ], [ 35.2404733, 31.7650575 ], [ 35.2405439, 31.7651342 ], [ 35.2407899, 31.7653186 ], [ 35.2408942, 31.7652909 ], [ 35.2410273, 31.7652663 ], [ 35.2411208, 31.7653 ], [ 35.2411676, 31.7656103 ], [ 35.2411965, 31.7657762 ], [ 35.2408585, 31.7659638 ], [ 35.2405708, 31.7661113 ], [ 35.2406465, 31.7663325 ] ] ] } },
{ "type": "Feature", "properties": { "CODE": 472, "SCHN_NAME": "סנהדריה", "Shape_STAr": 571563.53303499997, "Shape_STLe": 3773.4092192200001 }, "geometry": { "type": "Polygon", "coordinates": [ [ [ 35.2206979, 31.8000496 ], [ 35.2208847, 31.8001736 ], [ 35.2209647, 31.8003635 ], [ 35.2208047, 31.8004167 ], [ 35.2203986, 31.8004775 ], [ 35.2199782, 31.8005766 ], [ 35.2200794, 31.8007238 ], [ 35.2201831, 31.800901 ], [ 35.2203225, 31.801301 ], [ 35.2203928, 31.8017171 ], [ 35.2203008, 31.8020055 ], [ 35.2202586, 31.8024873 ], [ 35.2202433, 31.8027888 ], [ 35.2202754, 31.8031364 ], [ 35.2202429, 31.8034933 ], [ 35.2201822, 31.8042079 ], [ 35.2201631, 31.8047945 ], [ 35.2201708, 31.8052796 ], [ 35.2201335, 31.8055743 ], [ 35.2192438, 31.8056064 ], [ 35.2186974, 31.8057073 ], [ 35.217541, 31.8060221 ], [ 35.2156273, 31.8065947 ], [ 35.2141055, 31.806956 ], [ 35.2140615, 31.8067522 ], [ 35.2139068, 31.8060607 ], [ 35.2139158, 31.8051363 ], [ 35.2140521, 31.8043283 ], [ 35.214234, 31.8034816 ], [ 35.2142885, 31.8027202 ], [ 35.2142733, 31.8020046 ], [ 35.2142065, 31.8015783 ], [ 35.2139713, 31.8009559 ], [ 35.2137919, 31.8004999 ], [ 35.2135821, 31.7999144 ], [ 35.2142012, 31.7999231 ], [ 35.2151068, 31.7998444 ], [ 35.2156594, 31.7996652 ], [ 35.2158974, 31.7995689 ], [ 35.2165075, 31.7991264 ], [ 35.2170178, 31.798579 ], [ 35.2176941, 31.7979002 ], [ 35.2181904, 31.7974545 ], [ 35.2189168, 31.7967465 ], [ 35.2193772, 31.7962614 ], [ 35.2199007, 31.7957013 ], [ 35.2201187, 31.7957996 ], [ 35.220838, 31.7961101 ], [ 35.2211305, 31.796191 ], [ 35.2217194, 31.7963226 ], [ 35.221921, 31.7964002 ], [ 35.2220751, 31.7965284 ], [ 35.2223124, 31.7969402 ], [ 35.2224746, 31.7972238 ], [ 35.2225202, 31.7973036 ], [ 35.2218265, 31.7972814 ], [ 35.221813, 31.7977587 ], [ 35.2217953, 31.798257 ], [ 35.2217835, 31.7984629 ], [ 35.2218467, 31.7985405 ], [ 35.2218863, 31.7986316 ], [ 35.2219101, 31.79904 ], [ 35.2218706, 31.7990839 ], [ 35.2218152, 31.7991278 ], [ 35.2215346, 31.7991245 ], [ 35.2212461, 31.7990536 ], [ 35.2209971, 31.7989389 ], [ 35.2208508, 31.7988815 ], [ 35.2206849, 31.7989254 ], [ 35.2204754, 31.7989997 ], [ 35.2204043, 31.7990605 ], [ 35.2204003, 31.7992428 ], [ 35.2203371, 31.7994082 ], [ 35.2201794, 31.7995889 ], [ 35.2204489, 31.7998826 ], [ 35.2206979, 31.8000496 ] ] ] } },
{ "type": "Feature", "properties": { "CODE": 508, "SCHN_NAME": "עיר דוד", "Shape_STAr": 337072.39190699998, "Shape_STLe": 2787.2385439899999 }, "geometry": { "type": "Polygon", "coordinates": [ [ [ 35.2378024, 31.7760836 ], [ 35.2375709, 31.7761257 ], [ 35.2356303, 31.7758359 ], [ 35.235769, 31.7750643 ], [ 35.2350244, 31.7749521 ], [ 35.2335616, 31.7747502 ], [ 35.2332519, 31.7742906 ], [ 35.2325235, 31.7740194 ], [ 35.2325012, 31.7739123 ], [ 35.2324527, 31.7739123 ], [ 35.2324122, 31.7738345 ], [ 35.2323777, 31.7734664 ], [ 35.2324181, 31.7734353 ], [ 35.2323392, 31.7733644 ], [ 35.2323069, 31.773399 ], [ 35.2314753, 31.7732402 ], [ 35.2314955, 31.7731486 ], [ 35.2312614, 31.7731074 ], [ 35.2309882, 31.7730569 ], [ 35.2309958, 31.7730038 ], [ 35.2307515, 31.7729558 ], [ 35.2307545, 31.7729312 ], [ 35.2306438, 31.7729157 ], [ 35.2306381, 31.7729427 ], [ 35.2304824, 31.7729213 ], [ 35.2305312, 31.7725417 ], [ 35.2305769, 31.7720509 ], [ 35.2306669, 31.7718605 ], [ 35.2310581, 31.771895 ], [ 35.231228, 31.7718627 ], [ 35.2313008, 31.7717544 ], [ 35.2315467, 31.7709548 ], [ 35.2315541, 31.7708141 ], [ 35.231465, 31.7706644 ], [ 35.2312981, 31.7705206 ], [ 35.231198, 31.7704701 ], [ 35.2312904, 31.770146 ], [ 35.2312442, 31.7695005 ], [ 35.2312458, 31.768613 ], [ 35.2316073, 31.7687397 ], [ 35.2317772, 31.7687972 ], [ 35.2320065, 31.7688156 ], [ 35.2324785, 31.768774 ], [ 35.2329155, 31.7687371 ], [ 35.2333167, 31.7686462 ], [ 35.2337148, 31.7686502 ], [ 35.234084, 31.7686379 ], [ 35.2340629, 31.7687498 ], [ 35.2341169, 31.7688942 ], [ 35.2341997, 31.768971 ], [ 35.2344622, 31.7690662 ], [ 35.2347149, 31.7691737 ], [ 35.2348746, 31.7692953 ], [ 35.2350522, 31.7694939 ], [ 35.235117, 31.7696967 ], [ 35.2351143, 31.7698257 ], [ 35.2351848, 31.7700729 ], [ 35.2353144, 31.7702641 ], [ 35.2356705, 31.7705797 ], [ 35.2359916, 31.7709161 ], [ 35.2361077, 31.7710682 ], [ 35.2361994, 31.7712801 ], [ 35.2364342, 31.7716004 ], [ 35.2366312, 31.771923 ], [ 35.2367689, 31.772264 ], [ 35.2368662, 31.7727893 ], [ 35.2369365, 31.773211 ], [ 35.2370418, 31.7735106 ], [ 35.2370986, 31.773771 ], [ 35.2372281, 31.7740313 ], [ 35.2374656, 31.7742525 ], [ 35.2376977, 31.7744944 ], [ 35.2383847, 31.7749651 ], [ 35.2386222, 31.7753736 ], [ 35.2386044, 31.7756502 ], [ 35.2384606, 31.775896 ], [ 35.2380614, 31.7760344 ], [ 35.2378024, 31.7760836 ] ] ] } },
{ "type": "Feature", "properties": { "CODE": 488, "SCHN_NAME": "עין כרם", "Shape_STAr": 2499266.5384999998, "Shape_STLe": 8708.0300559900006 }, "geometry": { "type": "Polygon", "coordinates": [ [ [ 35.1578146, 31.7605132 ], [ 35.1579716, 31.7602502 ], [ 35.1581507, 31.7599521 ], [ 35.1583426, 31.7596712 ], [ 35.1585086, 31.7594382 ], [ 35.1586146, 31.7591321 ], [ 35.1586786, 31.7588062 ], [ 35.1587556, 31.7584151 ], [ 35.1588256, 31.7581811 ], [ 35.1589856, 31.7579731 ], [ 35.1592686, 31.7577332 ], [ 35.1595926, 31.7574752 ], [ 35.1598926, 31.7572011 ], [ 35.1602187, 31.7569732 ], [ 35.1602978, 31.7569475 ], [ 35.1604927, 31.7569025 ], [ 35.1607614, 31.7569566 ], [ 35.1609615, 31.7570467 ], [ 35.1611247, 31.7572583 ], [ 35.1611877, 31.7575419 ], [ 35.1612192, 31.7578254 ], [ 35.1613139, 31.758091 ], [ 35.1614619, 31.758365 ], [ 35.1616034, 31.7585276 ], [ 35.1618468, 31.758806 ], [ 35.1621557, 31.7590041 ], [ 35.1624296, 31.7591182 ], [ 35.162872, 31.7592144 ], [ 35.1633074, 31.7593225 ], [ 35.1635882, 31.7594846 ], [ 35.16388, 31.7597361 ], [ 35.1642802, 31.7601743 ], [ 35.1645399, 31.7604504 ], [ 35.1639454, 31.7613884 ], [ 35.1636935, 31.7625337 ], [ 35.1637545, 31.7634977 ], [ 35.164095, 31.7640275 ], [ 35.1646423, 31.7642854 ], [ 35.1652903, 31.7641615 ], [ 35.1663978, 31.7638169 ], [ 35.1670236, 31.7633971 ], [ 35.1673464, 31.7627352 ], [ 35.167341, 31.7623153 ], [ 35.1670511, 31.7610076 ], [ 35.1668208, 31.7598447 ], [ 35.1670947, 31.7597187 ], [ 35.1674684, 31.7596875 ], [ 35.1677855, 31.7597369 ], [ 35.1681476, 31.7598327 ], [ 35.1686828, 31.7599558 ], [ 35.1688287, 31.75998 ], [ 35.1693161, 31.7601374 ], [ 35.1695723, 31.7602419 ], [ 35.1695367, 31.7603398 ], [ 35.1693588, 31.7607853 ], [ 35.1692204, 31.7611794 ], [ 35.1691219, 31.7614854 ], [ 35.1690727, 31.7616834 ], [ 35.1690375, 31.7619415 ], [ 35.1690374, 31.7622175 ], [ 35.1691426, 31.7625836 ], [ 35.1692619, 31.7628296 ], [ 35.1692213, 31.7631816 ], [ 35.169268, 31.7635577 ], [ 35.1693051, 31.7644298 ], [ 35.1693438, 31.7647824 ], [ 35.1692384, 31.7649804 ], [ 35.1691611, 31.7652264 ], [ 35.1690695, 31.7658445 ], [ 35.1689147, 31.7667206 ], [ 35.1686054, 31.7671585 ], [ 35.1682471, 31.7675229 ], [ 35.1680784, 31.7677749 ], [ 35.1680203, 31.7681709 ], [ 35.1679833, 31.768648 ], [ 35.1680358, 31.7689585 ], [ 35.1681483, 31.7693357 ], [ 35.1684758, 31.7701119 ], [ 35.1688176, 31.7707732 ], [ 35.1689547, 31.7712934 ], [ 35.1689377, 31.7718876 ], [ 35.1687616, 31.77236 ], [ 35.1684848, 31.7729898 ], [ 35.168213, 31.7739545 ], [ 35.1682796, 31.7752287 ], [ 35.1686309, 31.7767035 ], [ 35.1689158, 31.7774132 ], [ 35.1678668, 31.7783641 ], [ 35.1672588, 31.7789141 ], [ 35.1660368, 31.7784742 ], [ 35.1639897, 31.7778891 ], [ 35.1631028, 31.7776421 ], [ 35.1616857, 31.7773328 ], [ 35.1596107, 31.7768801 ], [ 35.1581491, 31.7765614 ], [ 35.1582291, 31.7760847 ], [ 35.1582229, 31.7757239 ], [ 35.1580111, 31.7747957 ], [ 35.1575743, 31.7741981 ], [ 35.1569751, 31.7737925 ], [ 35.156201, 31.7734829 ], [ 35.1558084, 31.7733875 ], [ 35.155209, 31.7733683 ], [ 35.1544098, 31.77333 ], [ 35.1539879, 31.7734626 ], [ 35.1536549, 31.7736142 ], [ 35.1533147, 31.7733258 ], [ 35.1538208, 31.7726459 ], [ 35.1539428, 31.7722192 ], [ 35.1539184, 31.7712484 ], [ 35.1538899, 31.7706905 ], [ 35.1539424, 31.7704996 ], [ 35.1540312, 31.7703844 ], [ 35.1541324, 31.7702298 ], [ 35.1541918, 31.7700091 ], [ 35.1542304, 31.7697824 ], [ 35.1543143, 31.769508 ], [ 35.1545585, 31.7689518 ], [ 35.1552203, 31.7670888 ], [ 35.1555338, 31.7657527 ], [ 35.1556729, 31.7651581 ], [ 35.1556457, 31.7649167 ], [ 35.1555285, 31.764709 ], [ 35.1552655, 31.7644617 ], [ 35.1550366, 31.7641228 ], [ 35.1549005, 31.7639679 ], [ 35.1548335, 31.7639022 ], [ 35.1546954, 31.7637674 ], [ 35.1550056, 31.7635322 ], [ 35.1548966, 31.7632222 ], [ 35.1547326, 31.7631862 ], [ 35.1531926, 31.7628502 ], [ 35.1529387, 31.7626641 ], [ 35.1528306, 31.7618892 ], [ 35.1529756, 31.7615172 ], [ 35.1526497, 31.7611142 ], [ 35.1532306, 31.7590382 ], [ 35.1539476, 31.7587483 ], [ 35.1541928, 31.7594252 ], [ 35.1546117, 31.7600221 ], [ 35.1554806, 31.7605372 ], [ 35.1563497, 31.7606662 ], [ 35.1570856, 31.7606372 ], [ 35.1578146, 31.7605132 ] ] ] } },
{ "type": "Feature", "properties": { "CODE": 44, "SCHN_NAME": "עיסאוויה", "Shape_STAr": 1175897.5564, "Shape_STLe": 4587.0038664200001 }, "geometry": { "type": "Polygon", "coordinates": [ [ [ 35.2512521, 31.7955449 ], [ 35.2516048, 31.7954469 ], [ 35.2527567, 31.7947424 ], [ 35.2543864, 31.7940056 ], [ 35.2556789, 31.7935571 ], [ 35.2565689, 31.7936447 ], [ 35.2571779, 31.7939165 ], [ 35.2576558, 31.7941723 ], [ 35.2579652, 31.7944922 ], [ 35.2582282, 31.7949835 ], [ 35.2579429, 31.7962198 ], [ 35.2578167, 31.7967329 ], [ 35.2576851, 31.796931 ], [ 35.2575114, 31.7972101 ], [ 35.2574694, 31.7974892 ], [ 35.2574119, 31.7983173 ], [ 35.2571542, 31.7993255 ], [ 35.2568756, 31.8004688 ], [ 35.2566442, 31.8013285 ], [ 35.256323, 31.8018596 ], [ 35.2560439, 31.8021793 ], [ 35.255612, 31.802517 ], [ 35.255201, 31.8027512 ], [ 35.2546268, 31.802981 ], [ 35.2540893, 31.8030892 ], [ 35.253536, 31.8031344 ], [ 35.2529826, 31.8030806 ], [ 35.2516756, 31.8028876 ], [ 35.2495828, 31.8025603 ], [ 35.2479245, 31.8023448 ], [ 35.247175, 31.8023211 ], [ 35.2467253, 31.8024173 ], [ 35.2462715, 31.8025797 ], [ 35.2460342, 31.8023142 ], [ 35.2456811, 31.8021703 ], [ 35.2452068, 31.802148 ], [ 35.2446219, 31.8022247 ], [ 35.2440581, 31.8023464 ], [ 35.2433677, 31.8023376 ], [ 35.243378, 31.8016985 ], [ 35.2435248, 31.80131 ], [ 35.2436197, 31.8009365 ], [ 35.2435932, 31.800707 ], [ 35.2434987, 31.8005418 ], [ 35.2433929, 31.8004235 ], [ 35.2432558, 31.800302 ], [ 35.2430713, 31.8002526 ], [ 35.2428289, 31.8002572 ], [ 35.243007, 31.8000824 ], [ 35.2430905, 31.7998785 ], [ 35.2431417, 31.7995241 ], [ 35.2432093, 31.7991398 ], [ 35.2432467, 31.7989317 ], [ 35.2433679, 31.7986851 ], [ 35.243429, 31.79808 ], [ 35.2434051, 31.7975737 ], [ 35.243314, 31.7971889 ], [ 35.24331, 31.7969189 ], [ 35.2433078, 31.7963995 ], [ 35.2432681, 31.7958764 ], [ 35.2433628, 31.7954139 ], [ 35.2435485, 31.795397 ], [ 35.2437777, 31.7953294 ], [ 35.2441965, 31.7949951 ], [ 35.2453896, 31.7940901 ], [ 35.245761, 31.793901 ], [ 35.2460614, 31.7938604 ], [ 35.246342, 31.793894 ], [ 35.2466424, 31.7940053 ], [ 35.2470535, 31.7943191 ], [ 35.2475233, 31.7946581 ], [ 35.247795, 31.794794 ], [ 35.2480667, 31.7948579 ], [ 35.2484039, 31.7948578 ], [ 35.2488443, 31.7950097 ], [ 35.2493034, 31.7951215 ], [ 35.2499125, 31.7955854 ], [ 35.2505393, 31.7957603 ], [ 35.2512521, 31.7955449 ] ] ] } },
{ "type": "Feature", "properties": { "CODE": 492, "SCHN_NAME": "עיר גנים", "Shape_STAr": 1009304.0672, "Shape_STLe": 5725.5103791000001 }, "geometry": { "type": "Polygon", "coordinates": [ [ [ 35.1775783, 31.7506316 ], [ 35.1779009, 31.7506579 ], [ 35.1783551, 31.7506985 ], [ 35.1785566, 31.7507458 ], [ 35.1786948, 31.750837 ], [ 35.1790187, 31.7510632 ], [ 35.1792083, 31.7512185 ], [ 35.1794373, 31.7515224 ], [ 35.1798876, 31.7523685 ], [ 35.179535, 31.7523659 ], [ 35.1792565, 31.7523 ], [ 35.1787974, 31.75211 ], [ 35.1782659, 31.7519151 ], [ 35.17769, 31.751891 ], [ 35.1772335, 31.7520049 ], [ 35.1766763, 31.7522908 ], [ 35.1763901, 31.7526934 ], [ 35.1761901, 31.7534294 ], [ 35.1760649, 31.7545602 ], [ 35.1759813, 31.7556578 ], [ 35.1759337, 31.7561889 ], [ 35.1757538, 31.7566189 ], [ 35.1753224, 31.7572104 ], [ 35.1749798, 31.7577864 ], [ 35.1747016, 31.7583536 ], [ 35.1745078, 31.7586669 ], [ 35.1739833, 31.7589708 ], [ 35.1735498, 31.7591527 ], [ 35.1730652, 31.7592306 ], [ 35.1724381, 31.7591704 ], [ 35.1721666, 31.7590503 ], [ 35.1718785, 31.7586962 ], [ 35.1713447, 31.7588281 ], [ 35.1709794, 31.759014 ], [ 35.1704104, 31.7592719 ], [ 35.170123, 31.7594807 ], [ 35.169961, 31.7596866 ], [ 35.1698503, 31.7598182 ], [ 35.1697831, 31.7599025 ], [ 35.1696606, 31.7600949 ], [ 35.1695723, 31.7602419 ], [ 35.1693161, 31.7601374 ], [ 35.1688287, 31.75998 ], [ 35.1686828, 31.7599558 ], [ 35.168754, 31.7598081 ], [ 35.1691864, 31.7586314 ], [ 35.1695897, 31.7575987 ], [ 35.1696245, 31.7575028 ], [ 35.1696866, 31.7572954 ], [ 35.1696732, 31.7570857 ], [ 35.1695492, 31.7568967 ], [ 35.1693548, 31.7566795 ], [ 35.1691007, 31.7565934 ], [ 35.1688418, 31.7565524 ], [ 35.1686692, 31.7565769 ], [ 35.1684918, 31.7566547 ], [ 35.1681944, 31.7568799 ], [ 35.1676717, 31.7572485 ], [ 35.1674334, 31.7573659 ], [ 35.1672985, 31.757412 ], [ 35.1672149, 31.7573958 ], [ 35.1670612, 31.7572921 ], [ 35.1664924, 31.7567642 ], [ 35.1659828, 31.7563262 ], [ 35.1657536, 31.7562156 ], [ 35.1655676, 31.756174 ], [ 35.1653442, 31.7561786 ], [ 35.1651419, 31.7562269 ], [ 35.1648101, 31.7563674 ], [ 35.1643947, 31.7566599 ], [ 35.1637769, 31.7570446 ], [ 35.1634424, 31.7572242 ], [ 35.1631969, 31.7572886 ], [ 35.1630054, 31.7572932 ], [ 35.16276, 31.7572908 ], [ 35.1625874, 31.7572377 ], [ 35.1624769, 31.7571432 ], [ 35.1623583, 31.7570095 ], [ 35.162059, 31.7567398 ], [ 35.1619, 31.756643 ], [ 35.1616815, 31.7565991 ], [ 35.1615163, 31.7566438 ], [ 35.1613889, 31.7567121 ], [ 35.1610866, 31.7569145 ], [ 35.1609065, 31.757022 ], [ 35.1607614, 31.7569566 ], [ 35.1604927, 31.7569025 ], [ 35.1602978, 31.7569475 ], [ 35.1602187, 31.7569732 ], [ 35.1601136, 31.7568711 ], [ 35.1600086, 31.7568181 ], [ 35.1598327, 31.7568172 ], [ 35.1597866, 31.7566992 ], [ 35.1598926, 31.7565822 ], [ 35.1601647, 31.7564551 ], [ 35.1603646, 31.7562272 ], [ 35.1605016, 31.7559581 ], [ 35.1605356, 31.7556142 ], [ 35.1605786, 31.7552811 ], [ 35.1601476, 31.7550831 ], [ 35.1598636, 31.7547111 ], [ 35.1597465, 31.7542262 ], [ 35.1597126, 31.7539262 ], [ 35.1597966, 31.7534692 ], [ 35.1610118, 31.7532614 ], [ 35.1624083, 31.752892 ], [ 35.1637349, 31.7525703 ], [ 35.1646838, 31.7522401 ], [ 35.1653582, 31.7521508 ], [ 35.1657017, 31.7520722 ], [ 35.1660494, 31.752058 ], [ 35.1664138, 31.7521404 ], [ 35.1674305, 31.7524247 ], [ 35.1679802, 31.7524988 ], [ 35.1684433, 31.7524662 ], [ 35.1688692, 31.7523769 ], [ 35.1699376, 31.751882 ], [ 35.1720742, 31.7509162 ], [ 35.1725978, 31.7507612 ], [ 35.1734454, 31.750669 ], [ 35.174846, 31.7507747 ], [ 35.1756637, 31.7508153 ], [ 35.1764898, 31.7507334 ], [ 35.1770656, 31.7506735 ], [ 35.1775783, 31.7506316 ] ] ] } },
{ "type": "Feature", "properties": { "CODE": 520, "SCHN_NAME": "עמק רפאים-המו", "Shape_STAr": 341782.95860299998, "Shape_STLe": 3391.5082953199999 }, "geometry": { "type": "Polygon", "coordinates": [ [ [ 35.216854, 31.7634712 ], [ 35.2173248, 31.7633869 ], [ 35.2181704, 31.7632528 ], [ 35.2186614, 31.7631828 ], [ 35.2188796, 31.7631012 ], [ 35.2180066, 31.7623147 ], [ 35.2160969, 31.7606661 ], [ 35.2155581, 31.7600485 ], [ 35.2151751, 31.7595645 ], [ 35.2153117, 31.7592101 ], [ 35.2153817, 31.7592553 ], [ 35.2159233, 31.7596299 ], [ 35.2167062, 31.7601638 ], [ 35.2174239, 31.7606693 ], [ 35.2180338, 31.7610736 ], [ 35.2184617, 31.761386 ], [ 35.2188729, 31.7616828 ], [ 35.2196831, 31.7622258 ], [ 35.2199714, 31.7623994 ], [ 35.2201231, 31.7624928 ], [ 35.2203234, 31.7625822 ], [ 35.2207361, 31.7627027 ], [ 35.2209773, 31.762748 ], [ 35.2215189, 31.7628089 ], [ 35.2224642, 31.7629319 ], [ 35.223109, 31.7630069 ], [ 35.2232491, 31.7630246 ], [ 35.2232707, 31.7632228 ], [ 35.2235365, 31.7636951 ], [ 35.223725, 31.76427 ], [ 35.2238459, 31.7647469 ], [ 35.2238845, 31.7650504 ], [ 35.2239012, 31.7661147 ], [ 35.2238082, 31.7670549 ], [ 35.2237671, 31.7674517 ], [ 35.223671, 31.7677115 ], [ 35.2235711, 31.767622 ], [ 35.2234517, 31.7674938 ], [ 35.2233539, 31.7673621 ], [ 35.2232383, 31.7671039 ], [ 35.2230664, 31.7669597 ], [ 35.2226072, 31.767261 ], [ 35.2220495, 31.7676633 ], [ 35.2216624, 31.7679063 ], [ 35.2214688, 31.7680414 ], [ 35.2212871, 31.7680583 ], [ 35.2206549, 31.768001 ], [ 35.2202993, 31.7679808 ], [ 35.2200623, 31.7680179 ], [ 35.2198027, 31.7680013 ], [ 35.2198385, 31.7678431 ], [ 35.2199271, 31.767546 ], [ 35.219477, 31.7673363 ], [ 35.2192241, 31.7672438 ], [ 35.2192616, 31.7668504 ], [ 35.2182199, 31.7668686 ], [ 35.2181375, 31.766401 ], [ 35.2180463, 31.765545 ], [ 35.2178032, 31.764835 ], [ 35.2176945, 31.7648951 ], [ 35.2174196, 31.7650972 ], [ 35.2172894, 31.7651641 ], [ 35.2172211, 31.765075 ], [ 35.2170879, 31.7644452 ], [ 35.216854, 31.7634712 ] ] ] } },
{ "type": "Feature", "properties": { "CODE": 528, "SCHN_NAME": "ערב א-סוואחרה", "Shape_STAr": 3498734.34821, "Shape_STLe": 8424.2513858700004 }, "geometry": { "type": "Polygon", "coordinates": [ [ [ 35.2500878, 31.7619935 ], [ 35.2490088, 31.7617439 ], [ 35.2484335, 31.7618015 ], [ 35.2476374, 31.761642 ], [ 35.247062, 31.7615357 ], [ 35.2466038, 31.761404 ], [ 35.2465093, 31.7611529 ], [ 35.2464984, 31.760904 ], [ 35.2465576, 31.7607035 ], [ 35.2467247, 31.7605168 ], [ 35.2470375, 31.7602747 ], [ 35.2473152, 31.7600119 ], [ 35.2474715, 31.7598229 ], [ 35.2474849, 31.7596201 ], [ 35.247385, 31.7593897 ], [ 35.2471826, 31.7591547 ], [ 35.2469587, 31.7589082 ], [ 35.2467644, 31.758747 ], [ 35.2464515, 31.7585812 ], [ 35.245912, 31.7583647 ], [ 35.2454777, 31.7582543 ], [ 35.244941, 31.7582268 ], [ 35.2441453, 31.7581994 ], [ 35.2436221, 31.7581765 ], [ 35.2434171, 31.7581351 ], [ 35.2433418, 31.7580758 ], [ 35.2433445, 31.7579767 ], [ 35.2434712, 31.7578384 ], [ 35.2437192, 31.7576678 ], [ 35.2441318, 31.7575022 ], [ 35.2444824, 31.7573334 ], [ 35.2446112, 31.7572358 ], [ 35.2446447, 31.757076 ], [ 35.2445966, 31.7568753 ], [ 35.2444431, 31.7565722 ], [ 35.2436029, 31.7556041 ], [ 35.2430238, 31.7552325 ], [ 35.2421246, 31.7545538 ], [ 35.2417037, 31.7542712 ], [ 35.2416373, 31.7541929 ], [ 35.2416084, 31.7540085 ], [ 35.2416515, 31.7537668 ], [ 35.2417904, 31.7535374 ], [ 35.2420253, 31.753312 ], [ 35.2423114, 31.7530434 ], [ 35.2427967, 31.7528059 ], [ 35.2435706, 31.752566 ], [ 35.2437027, 31.7525038 ], [ 35.2437863, 31.7523908 ], [ 35.2437889, 31.7522042 ], [ 35.243681, 31.7520613 ], [ 35.2428934, 31.7517874 ], [ 35.242471, 31.7516637 ], [ 35.2424278, 31.7514456 ], [ 35.2422587, 31.7511875 ], [ 35.2419169, 31.7506622 ], [ 35.2417838, 31.7504656 ], [ 35.2415607, 31.7504313 ], [ 35.2412491, 31.7504724 ], [ 35.2409519, 31.7504929 ], [ 35.2406594, 31.7504889 ], [ 35.2404101, 31.750419 ], [ 35.2400792, 31.7502716 ], [ 35.2402696, 31.7498687 ], [ 35.2407352, 31.7490238 ], [ 35.2414735, 31.7480719 ], [ 35.2420864, 31.7472546 ], [ 35.2424903, 31.7467941 ], [ 35.2432547, 31.7459514 ], [ 35.244224, 31.7451743 ], [ 35.2446177, 31.7443973 ], [ 35.2446779, 31.7435039 ], [ 35.2450137, 31.742732 ], [ 35.2455258, 31.7422218 ], [ 35.2463285, 31.7415483 ], [ 35.247631, 31.7405897 ], [ 35.2485549, 31.7399291 ], [ 35.2494635, 31.7390483 ], [ 35.2499479, 31.7382583 ], [ 35.2507958, 31.7371445 ], [ 35.2513645, 31.7367523 ], [ 35.2516624, 31.7366557 ], [ 35.2517278, 31.7369136 ], [ 35.2516929, 31.7376887 ], [ 35.2514548, 31.7387297 ], [ 35.2514028, 31.7389587 ], [ 35.2518738, 31.7392777 ], [ 35.2522629, 31.7393647 ], [ 35.2527928, 31.7395367 ], [ 35.2529598, 31.7396918 ], [ 35.2533598, 31.7398647 ], [ 35.2538148, 31.7401277 ], [ 35.2541629, 31.7403097 ], [ 35.2542588, 31.7403867 ], [ 35.2546589, 31.7405167 ], [ 35.2552338, 31.7408227 ], [ 35.2581499, 31.7422416 ], [ 35.2584038, 31.7426806 ], [ 35.2596379, 31.7448126 ], [ 35.2606149, 31.7467287 ], [ 35.2619999, 31.7474356 ], [ 35.262218, 31.7474706 ], [ 35.2623939, 31.7476347 ], [ 35.2629809, 31.7479406 ], [ 35.262855, 31.7483426 ], [ 35.2627639, 31.7484216 ], [ 35.2626569, 31.7488006 ], [ 35.2625059, 31.7493356 ], [ 35.2619259, 31.7503276 ], [ 35.260766, 31.7511956 ], [ 35.260279, 31.7515696 ], [ 35.259956, 31.7519706 ], [ 35.2596419, 31.7520957 ], [ 35.259288, 31.7523526 ], [ 35.2589169, 31.7526227 ], [ 35.258736, 31.7530256 ], [ 35.258845, 31.7532726 ], [ 35.2590629, 31.7546366 ], [ 35.259245, 31.7556287 ], [ 35.2591009, 31.7564336 ], [ 35.259174, 31.7567746 ], [ 35.255875, 31.7600917 ], [ 35.254352, 31.7615177 ], [ 35.2541325, 31.7615362 ], [ 35.2538672, 31.7616198 ], [ 35.2535042, 31.7618228 ], [ 35.2533068, 31.7619544 ], [ 35.2531518, 31.7620374 ], [ 35.2529456, 31.7621153 ], [ 35.252487, 31.7622005 ], [ 35.252097, 31.7622385 ], [ 35.2516031, 31.7622551 ], [ 35.2509366, 31.7621857 ], [ 35.2500878, 31.7619935 ] ] ] } },
{ "type": "Feature", "properties": { "CODE": 532, "SCHN_NAME": "פסגת זאב", "Shape_STAr": 5841969.9247099999, "Shape_STLe": 12884.5107467 }, "geometry": { "type": "Polygon", "coordinates": [ [ [ 35.2556896, 31.8362946 ], [ 35.2558516, 31.8364387 ], [ 35.2560175, 31.8366576 ], [ 35.2562775, 31.8370287 ], [ 35.2563586, 31.8371506 ], [ 35.2564395, 31.8372747 ], [ 35.2565286, 31.8374196 ], [ 35.2566235, 31.8375926 ], [ 35.2567095, 31.8377676 ], [ 35.2567515, 31.8378476 ], [ 35.2568186, 31.8379747 ], [ 35.2568325, 31.8380006 ], [ 35.2569585, 31.8381897 ], [ 35.2570516, 31.8382887 ], [ 35.2570255, 31.8383497 ], [ 35.2568875, 31.8384216 ], [ 35.2568696, 31.8384276 ], [ 35.2568086, 31.8388936 ], [ 35.2565905, 31.8393456 ], [ 35.2563476, 31.8396056 ], [ 35.2562825, 31.8396566 ], [ 35.2549576, 31.8396567 ], [ 35.2543265, 31.8393777 ], [ 35.2536208, 31.8392977 ], [ 35.2527261, 31.8387492 ], [ 35.2519236, 31.838312 ], [ 35.2516552, 31.8381726 ], [ 35.2514329, 31.8380295 ], [ 35.2510765, 31.8378327 ], [ 35.2506445, 31.8376647 ], [ 35.2500029, 31.8373678 ], [ 35.2494746, 31.8371712 ], [ 35.2491265, 31.8370532 ], [ 35.2488916, 31.8368314 ], [ 35.2484974, 31.8365559 ], [ 35.2481954, 31.8363806 ], [ 35.2478642, 31.8362948 ], [ 35.247709, 31.8362663 ], [ 35.247189, 31.8360195 ], [ 35.2468368, 31.8358979 ], [ 35.2464301, 31.8358551 ], [ 35.2455748, 31.8358482 ], [ 35.2452688, 31.8358841 ], [ 35.2444931, 31.8357841 ], [ 35.2440529, 31.8357914 ], [ 35.2437468, 31.8357414 ], [ 35.2434785, 31.8356807 ], [ 35.2431976, 31.83567 ], [ 35.2428412, 31.8356486 ], [ 35.2424513, 31.8355843 ], [ 35.2421662, 31.83552 ], [ 35.2419943, 31.835495 ], [ 35.2418475, 31.8354521 ], [ 35.2410025, 31.8353696 ], [ 35.240531, 31.8353236 ], [ 35.2402375, 31.8352557 ], [ 35.2398937, 31.8351627 ], [ 35.2394912, 31.8351521 ], [ 35.2393067, 31.8350698 ], [ 35.2388177, 31.8349801 ], [ 35.2375041, 31.835157 ], [ 35.2366881, 31.8353959 ], [ 35.2361124, 31.8356346 ], [ 35.2358706, 31.8357854 ], [ 35.2358348, 31.836135 ], [ 35.2351848, 31.8361482 ], [ 35.2347549, 31.8362925 ], [ 35.2349239, 31.8367776 ], [ 35.2348474, 31.8376603 ], [ 35.2348476, 31.838154 ], [ 35.2342405, 31.8380379 ], [ 35.232077, 31.8377449 ], [ 35.2306854, 31.8375086 ], [ 35.2298853, 31.8372761 ], [ 35.2296763, 31.8372048 ], [ 35.2297689, 31.8369379 ], [ 35.2301622, 31.8363889 ], [ 35.2312575, 31.8350126 ], [ 35.2318665, 31.8342396 ], [ 35.2323317, 31.8336038 ], [ 35.2332578, 31.8323973 ], [ 35.2337272, 31.8317471 ], [ 35.2348436, 31.8303274 ], [ 35.2351819, 31.8298722 ], [ 35.235537, 31.8293593 ], [ 35.2357865, 31.8288933 ], [ 35.2360527, 31.8281709 ], [ 35.2361794, 31.8275027 ], [ 35.2361709, 31.8272138 ], [ 35.2361369, 31.8267623 ], [ 35.2360987, 31.8263759 ], [ 35.2360351, 31.8259967 ], [ 35.2357726, 31.8253936 ], [ 35.2352816, 31.8243896 ], [ 35.2346085, 31.8230932 ], [ 35.2338213, 31.8217137 ], [ 35.2332498, 31.8201391 ], [ 35.2331904, 31.8195612 ], [ 35.2331903, 31.8194276 ], [ 35.2332737, 31.8186897 ], [ 35.2335292, 31.8180989 ], [ 35.2339276, 31.8175273 ], [ 35.2343185, 31.817097 ], [ 35.2347395, 31.8167823 ], [ 35.2360176, 31.8161592 ], [ 35.2373333, 31.8155103 ], [ 35.2381301, 31.814791 ], [ 35.2385715, 31.8139966 ], [ 35.2386958, 31.8132918 ], [ 35.2386795, 31.8128222 ], [ 35.239137, 31.8128114 ], [ 35.2398814, 31.8127727 ], [ 35.2406719, 31.812843 ], [ 35.2408326, 31.8128608 ], [ 35.2409025, 31.8131829 ], [ 35.2409657, 31.8138092 ], [ 35.2410846, 31.8142208 ], [ 35.2412314, 31.8144296 ], [ 35.2414829, 31.8145932 ], [ 35.2417177, 31.8146862 ], [ 35.2420279, 31.8146861 ], [ 35.2423632, 31.8147361 ], [ 35.2427321, 31.8148864 ], [ 35.2430005, 31.8151869 ], [ 35.2431411, 31.8155251 ], [ 35.2433676, 31.8158328 ], [ 35.2436108, 31.8160547 ], [ 35.2439403, 31.8162647 ], [ 35.2442757, 31.8163982 ], [ 35.2447675, 31.8164935 ], [ 35.2452314, 31.8164885 ], [ 35.245589, 31.816393 ], [ 35.2460137, 31.816221 ], [ 35.2462987, 31.8160396 ], [ 35.2465165, 31.8158057 ], [ 35.246664, 31.8156351 ], [ 35.247122, 31.8150671 ], [ 35.2474516, 31.8146804 ], [ 35.2476191, 31.8144131 ], [ 35.2476916, 31.8140886 ], [ 35.2479429, 31.8136351 ], [ 35.2482445, 31.8133678 ], [ 35.2484792, 31.8132341 ], [ 35.2488592, 31.813086 ], [ 35.2492065, 31.812945 ], [ 35.2494626, 31.8127852 ], [ 35.2497531, 31.812556 ], [ 35.2499039, 31.8124462 ], [ 35.2501386, 31.8123459 ], [ 35.2504124, 31.8122122 ], [ 35.2505875, 31.8121278 ], [ 35.2508929, 31.8118875 ], [ 35.2512225, 31.8116392 ], [ 35.251418, 31.8115771 ], [ 35.2516975, 31.8115913 ], [ 35.2521557, 31.8116198 ], [ 35.2528488, 31.8116672 ], [ 35.253117, 31.8116576 ], [ 35.2534467, 31.8115811 ], [ 35.2540614, 31.8115093 ], [ 35.2545527, 31.8115043 ], [ 35.2555028, 31.8115099 ], [ 35.2562377, 31.8116388 ], [ 35.2559034, 31.8124327 ], [ 35.2558114, 31.8126696 ], [ 35.2559354, 31.8126866 ], [ 35.2559294, 31.8127066 ], [ 35.2560324, 31.8129097 ], [ 35.2575655, 31.8159096 ], [ 35.2580654, 31.8167186 ], [ 35.2586054, 31.8176106 ], [ 35.2591624, 31.8186527 ], [ 35.2600835, 31.8194566 ], [ 35.2600624, 31.8202786 ], [ 35.2604265, 31.8211016 ], [ 35.2610055, 31.8215036 ], [ 35.2612845, 31.8225276 ], [ 35.2613274, 31.8232216 ], [ 35.2616915, 31.8236056 ], [ 35.2634755, 31.8244446 ], [ 35.2652255, 31.8252676 ], [ 35.2652895, 31.8254126 ], [ 35.2652155, 31.8254406 ], [ 35.2650355, 31.8255396 ], [ 35.2649005, 31.8256046 ], [ 35.2647485, 31.8256946 ], [ 35.2646446, 31.8257846 ], [ 35.2644625, 31.8259836 ], [ 35.2643454, 31.8261506 ], [ 35.2642045, 31.8263026 ], [ 35.2641005, 31.8264796 ], [ 35.2640775, 31.8265405 ], [ 35.2640734, 31.8265986 ], [ 35.2638295, 31.8267746 ], [ 35.2628316, 31.8272646 ], [ 35.2626824, 31.8273356 ], [ 35.2622685, 31.8275247 ], [ 35.2620315, 31.8276277 ], [ 35.2603154, 31.8284056 ], [ 35.2596866, 31.8287306 ], [ 35.2593055, 31.8289006 ], [ 35.2584435, 31.8292116 ], [ 35.2582955, 31.8292346 ], [ 35.2580735, 31.8292576 ], [ 35.2572475, 31.8293427 ], [ 35.2566055, 31.8294197 ], [ 35.2563235, 31.8294736 ], [ 35.2559335, 31.8295477 ], [ 35.2555995, 31.8296206 ], [ 35.2554135, 31.8296936 ], [ 35.2550855, 31.8298217 ], [ 35.2545435, 31.8300716 ], [ 35.2541605, 31.8302617 ], [ 35.2540435, 31.8303456 ], [ 35.2539005, 31.8304346 ], [ 35.2537805, 31.8305037 ], [ 35.2536724, 31.8305586 ], [ 35.2535885, 31.8305997 ], [ 35.2534865, 31.8306647 ], [ 35.2533735, 31.8307437 ], [ 35.2532954, 31.8308016 ], [ 35.2531664, 31.8308986 ], [ 35.2530614, 31.8309667 ], [ 35.2529415, 31.8310497 ], [ 35.2528305, 31.8311057 ], [ 35.2527355, 31.8311487 ], [ 35.2526295, 31.8311847 ], [ 35.2525006, 31.8312237 ], [ 35.2524595, 31.8312217 ], [ 35.2521645, 31.8310386 ], [ 35.2518335, 31.8308777 ], [ 35.2517135, 31.8308286 ], [ 35.2514775, 31.8307307 ], [ 35.2513455, 31.8306757 ], [ 35.2514605, 31.8312237 ], [ 35.2518294, 31.8317477 ], [ 35.2518454, 31.8318267 ], [ 35.2519145, 31.8319877 ], [ 35.2519315, 31.8320747 ], [ 35.2519975, 31.8321887 ], [ 35.2521775, 31.8323676 ], [ 35.2524105, 31.8326007 ], [ 35.2525825, 31.8327857 ], [ 35.2526395, 31.8328457 ], [ 35.2527535, 31.8329787 ], [ 35.2527775, 31.8330266 ], [ 35.2528255, 31.8331227 ], [ 35.2529395, 31.8335276 ], [ 35.2529785, 31.8337407 ], [ 35.2530346, 31.8339416 ], [ 35.2530775, 31.8341446 ], [ 35.2531255, 31.8343267 ], [ 35.2531315, 31.8343637 ], [ 35.2531415, 31.8344376 ], [ 35.2531965, 31.8345626 ], [ 35.2532815, 31.8346677 ], [ 35.2533925, 31.8347877 ], [ 35.2534945, 31.8348826 ], [ 35.2544535, 31.8355047 ], [ 35.2556896, 31.8362946 ] ] ] } },
{ "type": "Feature", "properties": { "CODE": 540, "SCHN_NAME": "פת", "Shape_STAr": 118689.601807, "Shape_STLe": 1479.34538785 }, "geometry": { "type": "Polygon", "coordinates": [ [ [ 35.1985975, 31.7512432 ], [ 35.198761, 31.7511435 ], [ 35.1991902, 31.7506483 ], [ 35.1999746, 31.7495212 ], [ 35.2002983, 31.7490558 ], [ 35.2005744, 31.749186 ], [ 35.2011833, 31.749104 ], [ 35.2014614, 31.7488664 ], [ 35.2016541, 31.748954 ], [ 35.201832, 31.7488572 ], [ 35.2023579, 31.7488637 ], [ 35.2028352, 31.7491143 ], [ 35.2028534, 31.7491938 ], [ 35.2030779, 31.7492128 ], [ 35.2030517, 31.7494323 ], [ 35.2029971, 31.7496293 ], [ 35.2029714, 31.74988 ], [ 35.2029894, 31.7503655 ], [ 35.2029995, 31.750638 ], [ 35.202975, 31.750983 ], [ 35.2021845, 31.7512755 ], [ 35.2012999, 31.7517978 ], [ 35.2007821, 31.7522494 ], [ 35.200142, 31.7529684 ], [ 35.1998292, 31.7533463 ], [ 35.1996232, 31.7534418 ], [ 35.1995776, 31.7533168 ], [ 35.1994842, 31.7530955 ], [ 35.1993332, 31.7527729 ], [ 35.1988696, 31.7517907 ], [ 35.1985975, 31.7512432 ] ] ] } },
{ "type": "Feature", "properties": { "CODE": 544, "SCHN_NAME": "צור באהר", "Shape_STAr": 2415404.5770899998, "Shape_STLe": 8095.4396333900004 }, "geometry": { "type": "Polygon", "coordinates": [ [ [ 35.24109, 31.7228612 ], [ 35.2421805, 31.7225674 ], [ 35.2432705, 31.7221483 ], [ 35.244422, 31.7216172 ], [ 35.244681, 31.721413 ], [ 35.2460287, 31.7227847 ], [ 35.2478067, 31.7243947 ], [ 35.2490397, 31.7253866 ], [ 35.2498017, 31.7279587 ], [ 35.2501288, 31.7291357 ], [ 35.2503467, 31.7300967 ], [ 35.2496346, 31.7307441 ], [ 35.2489537, 31.7313075 ], [ 35.2485966, 31.7317753 ], [ 35.2482727, 31.7318899 ], [ 35.2478931, 31.7320523 ], [ 35.2472678, 31.7322816 ], [ 35.2464669, 31.7326971 ], [ 35.2447343, 31.7337991 ], [ 35.2432918, 31.7350037 ], [ 35.242372, 31.7363635 ], [ 35.2417815, 31.7371793 ], [ 35.2412022, 31.7377524 ], [ 35.240748, 31.7384129 ], [ 35.2404187, 31.739151 ], [ 35.2399417, 31.7398018 ], [ 35.2395556, 31.7402389 ], [ 35.2391012, 31.7405788 ], [ 35.2384877, 31.7409674 ], [ 35.2378288, 31.7413075 ], [ 35.2373971, 31.7416281 ], [ 35.2372722, 31.7420554 ], [ 35.2372497, 31.7426089 ], [ 35.2373457, 31.7431105 ], [ 35.2371093, 31.7432471 ], [ 35.2368728, 31.7434418 ], [ 35.2365858, 31.7437035 ], [ 35.236394, 31.7440376 ], [ 35.2362266, 31.744485 ], [ 35.236122, 31.7447804 ], [ 35.2360627, 31.7448937 ], [ 35.2359266, 31.745022 ], [ 35.2358212, 31.7450548 ], [ 35.2357333, 31.7450441 ], [ 35.2356662, 31.7449475 ], [ 35.2355865, 31.7446504 ], [ 35.2354398, 31.7442436 ], [ 35.235085, 31.7437641 ], [ 35.2347107, 31.7433848 ], [ 35.2342247, 31.7428743 ], [ 35.2339331, 31.7424837 ], [ 35.2338419, 31.7422748 ], [ 35.2337758, 31.742064 ], [ 35.2330919, 31.7419768 ], [ 35.2319134, 31.7419161 ], [ 35.2308874, 31.7418704 ], [ 35.2286716, 31.7418612 ], [ 35.2273648, 31.7418226 ], [ 35.2267625, 31.7416964 ], [ 35.2261034, 31.7414926 ], [ 35.2252567, 31.7412014 ], [ 35.2251947, 31.7410909 ], [ 35.2248027, 31.7386902 ], [ 35.225086, 31.7385962 ], [ 35.2252346, 31.7385388 ], [ 35.2254695, 31.738551 ], [ 35.2261837, 31.738555 ], [ 35.2265433, 31.7386082 ], [ 35.2270466, 31.7386696 ], [ 35.2275068, 31.7386859 ], [ 35.2281108, 31.7386243 ], [ 35.2283505, 31.7385833 ], [ 35.228547, 31.7384931 ], [ 35.2289256, 31.7382923 ], [ 35.2291653, 31.7380874 ], [ 35.2298554, 31.737399 ], [ 35.2304352, 31.7367967 ], [ 35.2306647, 31.736646 ], [ 35.2309028, 31.7365604 ], [ 35.2312286, 31.7364945 ], [ 35.2316627, 31.7364021 ], [ 35.2319399, 31.7363098 ], [ 35.2322064, 31.7362393 ], [ 35.2324851, 31.7362479 ], [ 35.2326442, 31.7363101 ], [ 35.2327494, 31.7364138 ], [ 35.2328977, 31.7365658 ], [ 35.2329921, 31.7366234 ], [ 35.2331324, 31.7366672 ], [ 35.2332331, 31.7366625 ], [ 35.2331623, 31.7365502 ], [ 35.2330611, 31.7363342 ], [ 35.2330085, 31.7361752 ], [ 35.2329646, 31.7360026 ], [ 35.2329539, 31.7358897 ], [ 35.2330563, 31.7358344 ], [ 35.23321, 31.7357652 ], [ 35.2333232, 31.7357813 ], [ 35.2334392, 31.7359219 ], [ 35.2335723, 31.7358751 ], [ 35.2337513, 31.7357604 ], [ 35.2339366, 31.7356019 ], [ 35.2340835, 31.7354052 ], [ 35.2341409, 31.7350502 ], [ 35.2342045, 31.7341762 ], [ 35.2341659, 31.7332422 ], [ 35.2341864, 31.7324576 ], [ 35.2341749, 31.7320012 ], [ 35.2346291, 31.7313699 ], [ 35.2350352, 31.7311112 ], [ 35.2357622, 31.730509 ], [ 35.2367149, 31.7297701 ], [ 35.2376181, 31.7285361 ], [ 35.2381633, 31.7281044 ], [ 35.2388094, 31.7274654 ], [ 35.2390313, 31.7266712 ], [ 35.2389703, 31.7254973 ], [ 35.2388891, 31.7244443 ], [ 35.2392821, 31.7236907 ], [ 35.2398985, 31.7232586 ], [ 35.24109, 31.7228612 ] ] ] } },
{ "type": "Feature", "properties": { "CODE": 556, "SCHN_NAME": "צפון תלפיות", "Shape_STAr": 275867.81397999998, "Shape_STLe": 2954.5893299200002 }, "geometry": { "type": "Polygon", "coordinates": [ [ [ 35.2273144, 31.7552336 ], [ 35.2278241, 31.7550393 ], [ 35.2281565, 31.754879 ], [ 35.2282366, 31.7548508 ], [ 35.2286097, 31.7546998 ], [ 35.2289069, 31.7546137 ], [ 35.2293145, 31.7545194 ], [ 35.2299329, 31.7544414 ], [ 35.2304651, 31.754384 ], [ 35.2309829, 31.7543388 ], [ 35.2314, 31.7542895 ], [ 35.2316253, 31.7542608 ], [ 35.2318842, 31.7541665 ], [ 35.2321143, 31.7541173 ], [ 35.2322569, 31.7541311 ], [ 35.2324457, 31.7541771 ], [ 35.2324717, 31.7542813 ], [ 35.2325401, 31.7545332 ], [ 35.2325912, 31.7546852 ], [ 35.23271, 31.7550139 ], [ 35.2327275, 31.7551403 ], [ 35.2324706, 31.7552501 ], [ 35.2321104, 31.7554793 ], [ 35.2315185, 31.7557657 ], [ 35.231337, 31.7558135 ], [ 35.2311387, 31.7558159 ], [ 35.2308818, 31.7557945 ], [ 35.2306528, 31.7557397 ], [ 35.2303093, 31.75563 ], [ 35.2301361, 31.7556205 ], [ 35.2299686, 31.7556491 ], [ 35.2298094, 31.7557136 ], [ 35.2296893, 31.7558019 ], [ 35.2295805, 31.7559737 ], [ 35.2294912, 31.7562529 ], [ 35.2294354, 31.7563746 ], [ 35.2292451, 31.7565673 ], [ 35.2290286, 31.7566688 ], [ 35.2287843, 31.7567732 ], [ 35.2287215, 31.756979 ], [ 35.2287425, 31.7572236 ], [ 35.2287251, 31.7573728 ], [ 35.2286513, 31.7575078 ], [ 35.2284587, 31.7577025 ], [ 35.2282761, 31.7578873 ], [ 35.2282091, 31.7580319 ], [ 35.2281951, 31.7581482 ], [ 35.2282301, 31.7582914 ], [ 35.2283488, 31.7584584 ], [ 35.2284191, 31.7585836 ], [ 35.2284275, 31.7586969 ], [ 35.2284362, 31.7588133 ], [ 35.2283873, 31.7589535 ], [ 35.2282722, 31.7590281 ], [ 35.2278747, 31.7593006 ], [ 35.2276535, 31.7594877 ], [ 35.2274726, 31.7596653 ], [ 35.2274123, 31.7597474 ], [ 35.2273632, 31.7598428 ], [ 35.2273409, 31.7599783 ], [ 35.2273454, 31.7601082 ], [ 35.2274125, 31.7604747 ], [ 35.2275422, 31.7609652 ], [ 35.2275672, 31.7611759 ], [ 35.2275429, 31.7614205 ], [ 35.2274905, 31.7615309 ], [ 35.2273509, 31.7617098 ], [ 35.227145, 31.7619306 ], [ 35.2269356, 31.7621126 ], [ 35.226782, 31.762217 ], [ 35.2265586, 31.7623065 ], [ 35.2262619, 31.7623722 ], [ 35.2260071, 31.762408 ], [ 35.2258744, 31.7624737 ], [ 35.2256472, 31.7624543 ], [ 35.2253352, 31.762404 ], [ 35.2252062, 31.7624007 ], [ 35.2251391, 31.7621609 ], [ 35.2249272, 31.761715 ], [ 35.2251069, 31.7616259 ], [ 35.2252112, 31.7614323 ], [ 35.2252467, 31.761291 ], [ 35.2252646, 31.7588544 ], [ 35.2252131, 31.7573117 ], [ 35.2249956, 31.7568584 ], [ 35.2247396, 31.7556622 ], [ 35.2255484, 31.755615 ], [ 35.2261792, 31.7555712 ], [ 35.2268269, 31.7554255 ], [ 35.2273144, 31.7552336 ] ] ] } },
{ "type": "Feature", "properties": { "CODE": 152, "SCHN_NAME": "קטמון הישנה", "Shape_STAr": 722969.50875899999, "Shape_STLe": 4207.9561498499997 }, "geometry": { "type": "Polygon", "coordinates": [ [ [ 35.216292, 31.7682605 ], [ 35.2158772, 31.7683694 ], [ 35.2152756, 31.768529 ], [ 35.2147571, 31.768648 ], [ 35.2141319, 31.7687442 ], [ 35.2139393, 31.7687282 ], [ 35.2137466, 31.7686852 ], [ 35.2136402, 31.7686326 ], [ 35.2127238, 31.7680062 ], [ 35.2120369, 31.7676065 ], [ 35.211432, 31.7674199 ], [ 35.2112115, 31.7673733 ], [ 35.2107992, 31.7672525 ], [ 35.2104228, 31.7671611 ], [ 35.2100912, 31.7670708 ], [ 35.2097946, 31.7669412 ], [ 35.2094952, 31.7667661 ], [ 35.2092012, 31.7665334 ], [ 35.2089234, 31.7661831 ], [ 35.2086078, 31.7656185 ], [ 35.2082898, 31.7650846 ], [ 35.207931, 31.7646883 ], [ 35.2074293, 31.7643588 ], [ 35.2069195, 31.764107 ], [ 35.2069632, 31.7639574 ], [ 35.2069384, 31.7638196 ], [ 35.2068035, 31.7635615 ], [ 35.2066876, 31.7634347 ], [ 35.2064642, 31.763112 ], [ 35.2062125, 31.7627679 ], [ 35.2059715, 31.7625805 ], [ 35.2057054, 31.7624515 ], [ 35.2054069, 31.7623992 ], [ 35.2050796, 31.7623808 ], [ 35.2050725, 31.7623378 ], [ 35.20545, 31.7618585 ], [ 35.2055738, 31.7617027 ], [ 35.2057745, 31.7616326 ], [ 35.2059679, 31.7616113 ], [ 35.2061585, 31.7617219 ], [ 35.2062628, 31.7617219 ], [ 35.2063707, 31.761639 ], [ 35.2064318, 31.7615345 ], [ 35.2065181, 31.7614915 ], [ 35.2066404, 31.7615191 ], [ 35.2067447, 31.7614853 ], [ 35.2068525, 31.7613839 ], [ 35.2072517, 31.7611258 ], [ 35.2074938, 31.7610029 ], [ 35.2073964, 31.7608231 ], [ 35.2071375, 31.7605431 ], [ 35.2068017, 31.7601577 ], [ 35.2068057, 31.7600333 ], [ 35.2069089, 31.7599037 ], [ 35.2070282, 31.7597861 ], [ 35.2070343, 31.7596476 ], [ 35.2073631, 31.7594412 ], [ 35.2078951, 31.7591083 ], [ 35.2079663, 31.7589473 ], [ 35.2080369, 31.7587891 ], [ 35.2085883, 31.7589284 ], [ 35.2092692, 31.7590594 ], [ 35.209539, 31.7590798 ], [ 35.2094674, 31.7595736 ], [ 35.2095361, 31.7596845 ], [ 35.2097455, 31.7596845 ], [ 35.2102231, 31.7597369 ], [ 35.2107035, 31.7597846 ], [ 35.2112201, 31.7598323 ], [ 35.2116307, 31.7598419 ], [ 35.212125, 31.7598418 ], [ 35.2123596, 31.7598251 ], [ 35.2127673, 31.7599086 ], [ 35.2134348, 31.76014 ], [ 35.2142643, 31.7604 ], [ 35.2147276, 31.7605424 ], [ 35.2145547, 31.760935 ], [ 35.2143741, 31.7612531 ], [ 35.213832, 31.7619398 ], [ 35.2131865, 31.7627951 ], [ 35.213262, 31.7628389 ], [ 35.2139013, 31.7631361 ], [ 35.2147105, 31.7634587 ], [ 35.2151151, 31.7636107 ], [ 35.2152933, 31.7636373 ], [ 35.2154983, 31.7636372 ], [ 35.2157328, 31.7636198 ], [ 35.2161707, 31.7635573 ], [ 35.216854, 31.7634712 ], [ 35.2168901, 31.7635947 ], [ 35.2170879, 31.7644452 ], [ 35.2172211, 31.765075 ], [ 35.2172894, 31.7651641 ], [ 35.2174196, 31.7650972 ], [ 35.2176945, 31.7648951 ], [ 35.2178032, 31.764835 ], [ 35.2180463, 31.765545 ], [ 35.2180831, 31.7658885 ], [ 35.2181407, 31.7664077 ], [ 35.2182199, 31.7668686 ], [ 35.2177955, 31.766884 ], [ 35.2168209, 31.7669609 ], [ 35.216562, 31.7669886 ], [ 35.2165332, 31.7670746 ], [ 35.2165405, 31.7677413 ], [ 35.2165621, 31.7680455 ], [ 35.2166117, 31.7682062 ], [ 35.216292, 31.7682605 ] ] ] } },
{ "type": "Feature", "properties": { "CODE": 156, "SCHN_NAME": "קטמונים", "Shape_STAr": 1398468.48756, "Shape_STLe": 6667.0923804000004 }, "geometry": { "type": "Polygon", "coordinates": [ [ [ 35.2020833, 31.7580135 ], [ 35.2016661, 31.7583821 ], [ 35.2014504, 31.7587447 ], [ 35.201794, 31.7588686 ], [ 35.2017377, 31.7589902 ], [ 35.2014116, 31.7595091 ], [ 35.2011495, 31.7600826 ], [ 35.2009001, 31.7605032 ], [ 35.2006636, 31.7607108 ], [ 35.2000332, 31.7613879 ], [ 35.2001114, 31.7601776 ], [ 35.200022, 31.7598881 ], [ 35.1998238, 31.7594838 ], [ 35.1996, 31.7592216 ], [ 35.1980019, 31.7578014 ], [ 35.1974736, 31.7574388 ], [ 35.1969215, 31.7571732 ], [ 35.1962704, 31.7569288 ], [ 35.1952971, 31.7567321 ], [ 35.1946834, 31.7566829 ], [ 35.1941584, 31.7566539 ], [ 35.1934894, 31.7566857 ], [ 35.1930994, 31.7567239 ], [ 35.1929204, 31.7567402 ], [ 35.192767, 31.7567511 ], [ 35.1924985, 31.7567074 ], [ 35.1922108, 31.7566528 ], [ 35.1918336, 31.7564998 ], [ 35.1916796, 31.7563831 ], [ 35.1915262, 31.7562153 ], [ 35.1912408, 31.7558496 ], [ 35.1911178, 31.7557006 ], [ 35.1911656, 31.7554439 ], [ 35.1911901, 31.7551606 ], [ 35.1910505, 31.7547549 ], [ 35.1907853, 31.7542985 ], [ 35.1910402, 31.7541733 ], [ 35.1915149, 31.7539288 ], [ 35.191672, 31.7538154 ], [ 35.1917698, 31.7536633 ], [ 35.1920386, 31.7533681 ], [ 35.1922795, 31.7531235 ], [ 35.1924076, 31.7530024 ], [ 35.1932008, 31.7523153 ], [ 35.1935917, 31.7523106 ], [ 35.1942955, 31.7522963 ], [ 35.1957476, 31.7523584 ], [ 35.1969483, 31.7522917 ], [ 35.1972276, 31.7521438 ], [ 35.1981883, 31.7518241 ], [ 35.1988696, 31.7517907 ], [ 35.1993332, 31.7527729 ], [ 35.1994842, 31.7530955 ], [ 35.1995776, 31.7533168 ], [ 35.1996232, 31.7534418 ], [ 35.1997357, 31.7533893 ], [ 35.1998292, 31.7533463 ], [ 35.200142, 31.7529684 ], [ 35.2007821, 31.7522494 ], [ 35.2012999, 31.7517978 ], [ 35.2021845, 31.7512755 ], [ 35.202975, 31.750983 ], [ 35.2034525, 31.7508704 ], [ 35.2040565, 31.7507598 ], [ 35.2046463, 31.7507885 ], [ 35.2047949, 31.7507721 ], [ 35.204886, 31.7506082 ], [ 35.2052227, 31.7498244 ], [ 35.2053059, 31.7495942 ], [ 35.2054536, 31.7496496 ], [ 35.2057145, 31.7498172 ], [ 35.2062089, 31.7503163 ], [ 35.2071966, 31.7514798 ], [ 35.207863, 31.7522377 ], [ 35.2081651, 31.7525818 ], [ 35.2084422, 31.7527156 ], [ 35.2091048, 31.7530733 ], [ 35.2100515, 31.75365 ], [ 35.210531, 31.7543997 ], [ 35.2111975, 31.7555345 ], [ 35.211701, 31.7561694 ], [ 35.2124985, 31.7570007 ], [ 35.2134608, 31.758021 ], [ 35.2142184, 31.7585003 ], [ 35.2153117, 31.7592101 ], [ 35.2151751, 31.7595645 ], [ 35.2148796, 31.7602003 ], [ 35.2147276, 31.7605424 ], [ 35.2142643, 31.7604 ], [ 35.2134348, 31.76014 ], [ 35.2127673, 31.7599086 ], [ 35.2123596, 31.7598251 ], [ 35.212125, 31.7598418 ], [ 35.2116307, 31.7598419 ], [ 35.2112201, 31.7598323 ], [ 35.2107035, 31.7597846 ], [ 35.2102231, 31.7597369 ], [ 35.2097455, 31.7596845 ], [ 35.2095361, 31.7596845 ], [ 35.2094674, 31.7595736 ], [ 35.209539, 31.7590798 ], [ 35.2092692, 31.7590594 ], [ 35.2085883, 31.7589284 ], [ 35.2080369, 31.7587891 ], [ 35.2079663, 31.7589473 ], [ 35.2078951, 31.7591083 ], [ 35.2073631, 31.7594412 ], [ 35.2070343, 31.7596476 ], [ 35.2066891, 31.759196 ], [ 35.2063726, 31.7588734 ], [ 35.2061533, 31.7589041 ], [ 35.2059735, 31.7588918 ], [ 35.2058332, 31.7587904 ], [ 35.2056894, 31.7586736 ], [ 35.2054484, 31.7585508 ], [ 35.2051344, 31.7584675 ], [ 35.2049618, 31.758489 ], [ 35.2047065, 31.7585381 ], [ 35.2042498, 31.758575 ], [ 35.2039081, 31.7585504 ], [ 35.2035449, 31.7584767 ], [ 35.2031477, 31.7583822 ], [ 35.2025436, 31.7582562 ], [ 35.2024321, 31.7582101 ], [ 35.2022775, 31.7579244 ], [ 35.2020833, 31.7580135 ] ] ] } },
{ "type": "Feature", "properties": { "CODE": 568, "SCHN_NAME": "קריית היובל", "Shape_STAr": 1875526.07131, "Shape_STLe": 6880.7784753899996 }, "geometry": { "type": "Polygon", "coordinates": [ [ [ 35.1693588, 31.7607853 ], [ 35.1695367, 31.7603398 ], [ 35.1695723, 31.7602419 ], [ 35.1696606, 31.7600949 ], [ 35.1697831, 31.7599025 ], [ 35.1698503, 31.7598182 ], [ 35.169961, 31.7596866 ], [ 35.170123, 31.7594807 ], [ 35.1704104, 31.7592719 ], [ 35.1709794, 31.759014 ], [ 35.1713447, 31.7588281 ], [ 35.1718785, 31.7586962 ], [ 35.1721666, 31.7590503 ], [ 35.1724382, 31.7591704 ], [ 35.1730652, 31.7592306 ], [ 35.1735498, 31.7591527 ], [ 35.1739833, 31.7589708 ], [ 35.1745078, 31.7586669 ], [ 35.1747016, 31.7583536 ], [ 35.1749798, 31.7577864 ], [ 35.1753224, 31.7572104 ], [ 35.1757538, 31.7566189 ], [ 35.1759337, 31.7561889 ], [ 35.1759813, 31.7556578 ], [ 35.1760649, 31.7545602 ], [ 35.1761901, 31.7534294 ], [ 35.1763901, 31.7526934 ], [ 35.1766763, 31.7522908 ], [ 35.1772335, 31.7520049 ], [ 35.17769, 31.751891 ], [ 35.1782659, 31.7519151 ], [ 35.1787974, 31.75211 ], [ 35.1792565, 31.7523 ], [ 35.179535, 31.7523659 ], [ 35.1798876, 31.7523685 ], [ 35.1809209, 31.7543388 ], [ 35.1815175, 31.7555091 ], [ 35.1819083, 31.7561519 ], [ 35.182323, 31.7565747 ], [ 35.1825911, 31.7568186 ], [ 35.1822688, 31.7570771 ], [ 35.1817999, 31.7575001 ], [ 35.1812625, 31.7579725 ], [ 35.1809162, 31.7582635 ], [ 35.1802394, 31.7588834 ], [ 35.1796645, 31.7593928 ], [ 35.1783427, 31.7605423 ], [ 35.1774216, 31.7613652 ], [ 35.1775059, 31.7614822 ], [ 35.177627, 31.7617073 ], [ 35.1776902, 31.7618243 ], [ 35.1778376, 31.7619549 ], [ 35.1780799, 31.7620134 ], [ 35.178259, 31.761982 ], [ 35.1785487, 31.761928 ], [ 35.1788174, 31.7619191 ], [ 35.1790755, 31.7619686 ], [ 35.1792809, 31.7620542 ], [ 35.1793737, 31.7630563 ], [ 35.1795671, 31.7634811 ], [ 35.1799231, 31.7639047 ], [ 35.1806352, 31.7644178 ], [ 35.1812029, 31.7647591 ], [ 35.1813853, 31.7654073 ], [ 35.1814906, 31.7658873 ], [ 35.1814738, 31.7666713 ], [ 35.1824659, 31.7672789 ], [ 35.1822971, 31.7674755 ], [ 35.1818367, 31.7678425 ], [ 35.1817292, 31.768227 ], [ 35.181591, 31.7686203 ], [ 35.1812839, 31.7692757 ], [ 35.1810997, 31.769516 ], [ 35.1811441, 31.7701017 ], [ 35.1818216, 31.7716619 ], [ 35.1818777, 31.7718561 ], [ 35.181339, 31.7719312 ], [ 35.180272, 31.7719978 ], [ 35.1798866, 31.7720168 ], [ 35.1796184, 31.7720311 ], [ 35.1792497, 31.7720119 ], [ 35.1789202, 31.7719975 ], [ 35.1771169, 31.7716064 ], [ 35.1758075, 31.7713278 ], [ 35.1747711, 31.7711356 ], [ 35.1738394, 31.7709415 ], [ 35.1731244, 31.7709127 ], [ 35.1725993, 31.7708601 ], [ 35.1720239, 31.7708469 ], [ 35.1714876, 31.7710173 ], [ 35.1709749, 31.7711026 ], [ 35.1696888, 31.7709209 ], [ 35.1690415, 31.7707769 ], [ 35.1688176, 31.7707732 ], [ 35.1684719, 31.7701085 ], [ 35.1681483, 31.7693357 ], [ 35.1680358, 31.7689585 ], [ 35.1679833, 31.768648 ], [ 35.1680203, 31.7681709 ], [ 35.1680784, 31.7677749 ], [ 35.1682471, 31.7675229 ], [ 35.1686054, 31.7671585 ], [ 35.1689147, 31.7667206 ], [ 35.1690695, 31.7658445 ], [ 35.1691611, 31.7652264 ], [ 35.1692384, 31.7649804 ], [ 35.1693438, 31.7647824 ], [ 35.1693051, 31.7644298 ], [ 35.169268, 31.7635577 ], [ 35.1692213, 31.7631816 ], [ 35.1692619, 31.7628296 ], [ 35.1691426, 31.7625836 ], [ 35.1690374, 31.7622175 ], [ 35.1690375, 31.7619415 ], [ 35.1690727, 31.7616834 ], [ 35.1691219, 31.7614854 ], [ 35.1692204, 31.7611794 ], [ 35.1693588, 31.7607853 ] ] ] } },
{ "type": "Feature", "properties": { "CODE": 567, "SCHN_NAME": "קריית הלאום", "Shape_STAr": 1590323.7702200001, "Shape_STLe": 6469.3712688899996 }, "geometry": { "type": "Polygon", "coordinates": [ [ [ 35.2009269, 31.787814 ], [ 35.2002993, 31.788047 ], [ 35.1998811, 31.7876897 ], [ 35.199225, 31.7869883 ], [ 35.1988835, 31.7866966 ], [ 35.1986806, 31.7865312 ], [ 35.1977014, 31.7855776 ], [ 35.1966319, 31.7844974 ], [ 35.1960788, 31.7839168 ], [ 35.1956585, 31.7835662 ], [ 35.1953833, 31.7834127 ], [ 35.1948723, 31.7832371 ], [ 35.1949408, 31.7830121 ], [ 35.1950514, 31.7828591 ], [ 35.1951937, 31.7827871 ], [ 35.1955678, 31.7826971 ], [ 35.1965267, 31.7824721 ], [ 35.1970473, 31.7823426 ], [ 35.197786, 31.7820041 ], [ 35.1982391, 31.7816306 ], [ 35.1984862, 31.7813569 ], [ 35.1988458, 31.7806785 ], [ 35.1991848, 31.7801906 ], [ 35.202686, 31.7766612 ], [ 35.2033393, 31.7759322 ], [ 35.2037803, 31.7753394 ], [ 35.2041825, 31.7749997 ], [ 35.203987, 31.7747567 ], [ 35.2038388, 31.7746352 ], [ 35.2035958, 31.7745668 ], [ 35.2034121, 31.7745871 ], [ 35.2032135, 31.7747061 ], [ 35.2031068, 31.7748529 ], [ 35.2028875, 31.7752756 ], [ 35.2026949, 31.7755187 ], [ 35.2025082, 31.7756225 ], [ 35.2022622, 31.7756984 ], [ 35.2019777, 31.7756959 ], [ 35.2015569, 31.7756478 ], [ 35.2013406, 31.7756275 ], [ 35.2013465, 31.7755186 ], [ 35.2012724, 31.7751566 ], [ 35.2008368, 31.7744655 ], [ 35.200585, 31.7740478 ], [ 35.2004842, 31.7737668 ], [ 35.2005144, 31.773463 ], [ 35.200527, 31.7730737 ], [ 35.2006287, 31.7730694 ], [ 35.2008687, 31.7730993 ], [ 35.2009921, 31.7731549 ], [ 35.2011671, 31.7732175 ], [ 35.201377, 31.7732464 ], [ 35.2013805, 31.7730048 ], [ 35.2013993, 31.7726192 ], [ 35.201506, 31.7723087 ], [ 35.2017273, 31.7718058 ], [ 35.2020485, 31.7711268 ], [ 35.2022218, 31.7708173 ], [ 35.2024107, 31.7705743 ], [ 35.2027174, 31.7702933 ], [ 35.2028982, 31.7701129 ], [ 35.2030886, 31.769923 ], [ 35.2033508, 31.7697939 ], [ 35.203417, 31.7697993 ], [ 35.2036109, 31.7698072 ], [ 35.2038443, 31.7698995 ], [ 35.2039109, 31.7699211 ], [ 35.2049679, 31.7705574 ], [ 35.2053755, 31.7708021 ], [ 35.2054755, 31.7707698 ], [ 35.2055822, 31.7707745 ], [ 35.2056691, 31.770815 ], [ 35.2057877, 31.7708589 ], [ 35.2058825, 31.7708622 ], [ 35.2059457, 31.7708352 ], [ 35.206001, 31.7707778 ], [ 35.2060366, 31.7707036 ], [ 35.2060228, 31.7706117 ], [ 35.2060064, 31.7705512 ], [ 35.2060785, 31.7705426 ], [ 35.206242, 31.7704808 ], [ 35.2064418, 31.770471 ], [ 35.2065564, 31.7705351 ], [ 35.2067855, 31.7707241 ], [ 35.2070147, 31.7708693 ], [ 35.2071016, 31.770876 ], [ 35.2072004, 31.7708591 ], [ 35.2074404, 31.7707775 ], [ 35.2077716, 31.7706161 ], [ 35.2080016, 31.770499 ], [ 35.208366, 31.77038 ], [ 35.2084253, 31.7703294 ], [ 35.2084431, 31.7702003 ], [ 35.2083917, 31.7699271 ], [ 35.2086475, 31.7699598 ], [ 35.2089498, 31.7699826 ], [ 35.2089496, 31.7702764 ], [ 35.2088864, 31.7715906 ], [ 35.2090426, 31.7745196 ], [ 35.2091138, 31.776074 ], [ 35.209179, 31.7771119 ], [ 35.2091702, 31.7778385 ], [ 35.209108, 31.778522 ], [ 35.2089565, 31.7794933 ], [ 35.2088532, 31.780165 ], [ 35.2087851, 31.7805903 ], [ 35.2086784, 31.7809194 ], [ 35.2086051, 31.7811472 ], [ 35.2085895, 31.7812687 ], [ 35.2085836, 31.7815168 ], [ 35.208551, 31.7818966 ], [ 35.2084858, 31.7822434 ], [ 35.2084236, 31.7827244 ], [ 35.2083835, 31.783014 ], [ 35.20832, 31.783509 ], [ 35.2082217, 31.7839051 ], [ 35.2081288, 31.7841148 ], [ 35.208025, 31.7843491 ], [ 35.2076974, 31.7849866 ], [ 35.2074981, 31.7853873 ], [ 35.2072171, 31.7859633 ], [ 35.2070501, 31.7863829 ], [ 35.2069522, 31.7865686 ], [ 35.20684, 31.786726 ], [ 35.2064814, 31.7869506 ], [ 35.2058472, 31.7872655 ], [ 35.2051658, 31.7876016 ], [ 35.2044984, 31.7878776 ], [ 35.2022229, 31.787779 ], [ 35.2009269, 31.787814 ] ] ] } },
{ "type": "Feature", "properties": { "CODE": 730, "SCHN_NAME": "קריית הממשלה-", "Shape_STAr": 108681.258728, "Shape_STLe": 1374.6109374099999 }, "geometry": { "type": "Polygon", "coordinates": [ [ [ 35.2344588, 31.7952591 ], [ 35.2355083, 31.7962304 ], [ 35.2349159, 31.7972086 ], [ 35.2341603, 31.7985022 ], [ 35.2337102, 31.7991796 ], [ 35.2333248, 31.799454 ], [ 35.2328336, 31.7998022 ], [ 35.2326, 31.7993459 ], [ 35.2322265, 31.7987862 ], [ 35.2317017, 31.7983463 ], [ 35.2310013, 31.7977384 ], [ 35.2307876, 31.7975631 ], [ 35.2310961, 31.7973379 ], [ 35.2318443, 31.7968067 ], [ 35.2325081, 31.796361 ], [ 35.2332496, 31.7958838 ], [ 35.2339886, 31.7954786 ], [ 35.2344588, 31.7952591 ] ] ] } },
{ "type": "Feature", "properties": { "CODE": 584, "SCHN_NAME": "קריית מנחם", "Shape_STAr": 251794.462898, "Shape_STLe": 2348.19422313 }, "geometry": { "type": "Polygon", "coordinates": [ [ [ 35.1631969, 31.7572886 ], [ 35.1634424, 31.7572242 ], [ 35.1637769, 31.7570446 ], [ 35.1643947, 31.7566599 ], [ 35.1648101, 31.7563674 ], [ 35.1651419, 31.7562269 ], [ 35.1653442, 31.7561786 ], [ 35.1655676, 31.756174 ], [ 35.1657536, 31.7562156 ], [ 35.1659828, 31.7563262 ], [ 35.1664924, 31.7567642 ], [ 35.1670612, 31.7572921 ], [ 35.1672149, 31.7573958 ], [ 35.1672985, 31.757412 ], [ 35.1674334, 31.7573659 ], [ 35.1676717, 31.7572485 ], [ 35.1681944, 31.7568799 ], [ 35.1684918, 31.7566547 ], [ 35.1686692, 31.7565769 ], [ 35.1688418, 31.7565524 ], [ 35.1691007, 31.7565934 ], [ 35.1693548, 31.7566795 ], [ 35.1695492, 31.7568967 ], [ 35.1696732, 31.7570857 ], [ 35.1696866, 31.7572954 ], [ 35.1696245, 31.7575028 ], [ 35.1695897, 31.7575987 ], [ 35.1692107, 31.7585876 ], [ 35.168754, 31.7598081 ], [ 35.1686828, 31.7599558 ], [ 35.1681476, 31.7598327 ], [ 35.1677855, 31.7597369 ], [ 35.1674684, 31.7596875 ], [ 35.1670947, 31.7597187 ], [ 35.1668208, 31.7598447 ], [ 35.1664677, 31.7601146 ], [ 35.1660452, 31.7604533 ], [ 35.1659303, 31.7605375 ], [ 35.1656932, 31.7606769 ], [ 35.1655193, 31.7607309 ], [ 35.1653794, 31.7607444 ], [ 35.1651098, 31.7607417 ], [ 35.1649291, 31.7606885 ], [ 35.1647574, 31.7606062 ], [ 35.1645399, 31.7604504 ], [ 35.1642802, 31.7601743 ], [ 35.16388, 31.7597361 ], [ 35.1635882, 31.7594846 ], [ 35.1633074, 31.7593225 ], [ 35.162872, 31.7592144 ], [ 35.1624296, 31.7591182 ], [ 35.1621557, 31.7590041 ], [ 35.1618468, 31.758806 ], [ 35.1618028, 31.7587655 ], [ 35.1616034, 31.7585276 ], [ 35.1614619, 31.758365 ], [ 35.1613139, 31.758091 ], [ 35.1612192, 31.7578254 ], [ 35.1611877, 31.7575419 ], [ 35.1611247, 31.7572583 ], [ 35.1609615, 31.7570467 ], [ 35.1609065, 31.757022 ], [ 35.1610866, 31.7569145 ], [ 35.1613889, 31.7567121 ], [ 35.1615163, 31.7566438 ], [ 35.1616815, 31.7565991 ], [ 35.1619, 31.756643 ], [ 35.162059, 31.7567398 ], [ 35.1623583, 31.7570095 ], [ 35.1624769, 31.7571432 ], [ 35.1625874, 31.7572377 ], [ 35.16276, 31.7572908 ], [ 35.1630054, 31.7572932 ], [ 35.1631969, 31.7572886 ] ] ] } },
{ "type": "Feature", "properties": { "CODE": 588, "SCHN_NAME": "קריית משה", "Shape_STAr": 374344.46142599999, "Shape_STLe": 2749.5447517500002 }, "geometry": { "type": "Polygon", "coordinates": [ [ [ 35.1956585, 31.7835662 ], [ 35.1960788, 31.7839168 ], [ 35.1966319, 31.7844974 ], [ 35.1977014, 31.7855776 ], [ 35.1986806, 31.7865312 ], [ 35.1988835, 31.7866966 ], [ 35.199225, 31.7869883 ], [ 35.1998811, 31.7876897 ], [ 35.2002993, 31.788047 ], [ 35.1998396, 31.7887095 ], [ 35.1996493, 31.7889795 ], [ 35.1994261, 31.7892996 ], [ 35.1991271, 31.7896193 ], [ 35.1980216, 31.7902345 ], [ 35.1976301, 31.7904913 ], [ 35.1971505, 31.7908223 ], [ 35.1968259, 31.791096 ], [ 35.1966486, 31.7910016 ], [ 35.1960385, 31.7903723 ], [ 35.195275, 31.7895398 ], [ 35.1954938, 31.7894218 ], [ 35.1952099, 31.7890187 ], [ 35.1955437, 31.7887893 ], [ 35.1953723, 31.7882077 ], [ 35.1951569, 31.7876196 ], [ 35.1943612, 31.7876285 ], [ 35.1929597, 31.7875969 ], [ 35.1927543, 31.7868948 ], [ 35.1923856, 31.7857381 ], [ 35.1919748, 31.7845455 ], [ 35.1915218, 31.7836093 ], [ 35.1914642, 31.7835195 ], [ 35.1915376, 31.7834788 ], [ 35.1918491, 31.7832348 ], [ 35.1922894, 31.7829388 ], [ 35.1925235, 31.7827868 ], [ 35.1928326, 31.7827628 ], [ 35.1931417, 31.7828109 ], [ 35.1935164, 31.7829309 ], [ 35.1939566, 31.783059 ], [ 35.1944718, 31.783163 ], [ 35.1948723, 31.7832371 ], [ 35.1953833, 31.7834127 ], [ 35.1956585, 31.7835662 ] ] ] } },
{ "type": "Feature", "properties": { "CODE": 596, "SCHN_NAME": "קריית שמואל", "Shape_STAr": 98151.574142500001, "Shape_STLe": 1575.13381134 }, "geometry": { "type": "Polygon", "coordinates": [ [ [ 35.2116191, 31.7702046 ], [ 35.2111442, 31.7700359 ], [ 35.2104622, 31.7697913 ], [ 35.2096779, 31.7696806 ], [ 35.2089694, 31.7696413 ], [ 35.2089766, 31.7694749 ], [ 35.2088975, 31.7692813 ], [ 35.2086349, 31.7690632 ], [ 35.2083004, 31.7688451 ], [ 35.2081193, 31.7687366 ], [ 35.207868, 31.7686453 ], [ 35.2075704, 31.7686054 ], [ 35.2071783, 31.7684364 ], [ 35.2072323, 31.7683504 ], [ 35.2079048, 31.7683596 ], [ 35.2083975, 31.7683442 ], [ 35.208725, 31.7682774 ], [ 35.2091681, 31.7682031 ], [ 35.2093724, 31.7681944 ], [ 35.209908, 31.7683794 ], [ 35.2099559, 31.7683344 ], [ 35.2101045, 31.7679544 ], [ 35.2104228, 31.7671611 ], [ 35.2107992, 31.7672525 ], [ 35.2112115, 31.7673733 ], [ 35.211432, 31.7674199 ], [ 35.2120369, 31.7676065 ], [ 35.2127238, 31.7680062 ], [ 35.2136402, 31.7686309 ], [ 35.21356, 31.7687367 ], [ 35.2133585, 31.7689114 ], [ 35.2131037, 31.7691519 ], [ 35.2130473, 31.7692528 ], [ 35.2130622, 31.7693392 ], [ 35.2129425, 31.7693786 ], [ 35.2126807, 31.769418 ], [ 35.2123441, 31.7694672 ], [ 35.2121772, 31.7695262 ], [ 35.2122232, 31.7696712 ], [ 35.2123096, 31.7698875 ], [ 35.2121945, 31.7699489 ], [ 35.2120391, 31.7700079 ], [ 35.2119729, 31.769917 ], [ 35.2118953, 31.7699563 ], [ 35.2117773, 31.770035 ], [ 35.211668, 31.7701112 ], [ 35.2116191, 31.7702046 ] ] ] } },
{ "type": "Feature", "properties": { "CODE": 600, "SCHN_NAME": "ראס אל עמוד", "Shape_STAr": 1434313.84412, "Shape_STLe": 5577.3586441400003 }, "geometry": { "type": "Polygon", "coordinates": [ [ [ 35.2428932, 31.7628836 ], [ 35.2436748, 31.7628751 ], [ 35.244231, 31.7628012 ], [ 35.2446049, 31.7627192 ], [ 35.2451179, 31.7625388 ], [ 35.2454104, 31.7623994 ], [ 35.2456836, 31.7622395 ], [ 35.2462109, 31.7618665 ], [ 35.2464601, 31.7616739 ], [ 35.2465416, 31.7615961 ], [ 35.2466038, 31.761404 ], [ 35.247062, 31.7615357 ], [ 35.2476374, 31.761642 ], [ 35.2484335, 31.7618015 ], [ 35.2490088, 31.7617439 ], [ 35.2500878, 31.7619935 ], [ 35.2509366, 31.7621857 ], [ 35.2516031, 31.7622551 ], [ 35.252097, 31.7622385 ], [ 35.252487, 31.7622005 ], [ 35.2529456, 31.7621153 ], [ 35.2531518, 31.7620374 ], [ 35.2533068, 31.7619544 ], [ 35.2535042, 31.7618228 ], [ 35.2538672, 31.7616198 ], [ 35.2541325, 31.7615362 ], [ 35.254352, 31.7615177 ], [ 35.253392, 31.7628397 ], [ 35.2531, 31.7633777 ], [ 35.253193, 31.7638117 ], [ 35.2533439, 31.7645367 ], [ 35.2529351, 31.7654657 ], [ 35.252747, 31.7661867 ], [ 35.2526861, 31.7666806 ], [ 35.252669, 31.7667777 ], [ 35.252655, 31.7670837 ], [ 35.25246, 31.7672237 ], [ 35.2522161, 31.7680887 ], [ 35.251781, 31.7694837 ], [ 35.251929, 31.7702287 ], [ 35.251729, 31.7702053 ], [ 35.251729, 31.7702959 ], [ 35.2517375, 31.7704534 ], [ 35.2516706, 31.770542 ], [ 35.2514862, 31.7705776 ], [ 35.2513829, 31.7706731 ], [ 35.251221, 31.7709141 ], [ 35.2510787, 31.7711289 ], [ 35.2509726, 31.7713127 ], [ 35.250942, 31.771463 ], [ 35.2509588, 31.7716086 ], [ 35.2509869, 31.7719045 ], [ 35.2509507, 31.7720476 ], [ 35.2508502, 31.7721741 ], [ 35.2507385, 31.7722219 ], [ 35.2503447, 31.772339 ], [ 35.2501408, 31.7724345 ], [ 35.2498253, 31.772635 ], [ 35.2497003, 31.7727627 ], [ 35.2495453, 31.7729346 ], [ 35.2492355, 31.7733177 ], [ 35.249068, 31.7734931 ], [ 35.2489196, 31.7735584 ], [ 35.2487874, 31.7735792 ], [ 35.2486633, 31.7735447 ], [ 35.2485905, 31.7734871 ], [ 35.2484609, 31.7733673 ], [ 35.2482449, 31.7729802 ], [ 35.2480722, 31.77266 ], [ 35.247892, 31.7724627 ], [ 35.2476971, 31.7723144 ], [ 35.2474893, 31.772167 ], [ 35.2471062, 31.7719667 ], [ 35.2466583, 31.7718124 ], [ 35.2461997, 31.7718011 ], [ 35.2458461, 31.7718784 ], [ 35.2447784, 31.7722555 ], [ 35.243589, 31.7726845 ], [ 35.2432465, 31.7728021 ], [ 35.242734, 31.7729313 ], [ 35.2419896, 31.7730882 ], [ 35.240997, 31.7733074 ], [ 35.2408963, 31.7733486 ], [ 35.2406343, 31.773589 ], [ 35.2404873, 31.773895 ], [ 35.2402287, 31.7737929 ], [ 35.2400749, 31.773615 ], [ 35.239938, 31.7734003 ], [ 35.2398625, 31.7732524 ], [ 35.2398094, 31.7731307 ], [ 35.2397814, 31.7729661 ], [ 35.2394965, 31.7730258 ], [ 35.2392507, 31.7730641 ], [ 35.2391809, 31.7730426 ], [ 35.2391445, 31.7728971 ], [ 35.2391221, 31.7727587 ], [ 35.2390997, 31.7724318 ], [ 35.2390521, 31.772093 ], [ 35.2389821, 31.771852 ], [ 35.2388703, 31.7715848 ], [ 35.2387725, 31.7713509 ], [ 35.2387053, 31.7710097 ], [ 35.2386661, 31.7707377 ], [ 35.2386365, 31.7706466 ], [ 35.2385761, 31.7705435 ], [ 35.2384872, 31.7703703 ], [ 35.2384168, 31.7702501 ], [ 35.2383664, 31.7700883 ], [ 35.2383547, 31.7700296 ], [ 35.238363, 31.7697533 ], [ 35.2383378, 31.769666 ], [ 35.2383026, 31.7695543 ], [ 35.2382539, 31.7694627 ], [ 35.2381449, 31.7692723 ], [ 35.2380292, 31.7690991 ], [ 35.2379672, 31.7690003 ], [ 35.2379286, 31.768883 ], [ 35.2378732, 31.7686797 ], [ 35.2378363, 31.7685036 ], [ 35.2378011, 31.768339 ], [ 35.2378094, 31.7681886 ], [ 35.237878, 31.767971 ], [ 35.2379701, 31.767772 ], [ 35.2381125, 31.7675386 ], [ 35.2383369, 31.7672651 ], [ 35.238543, 31.7670288 ], [ 35.2387909, 31.7667409 ], [ 35.2390154, 31.7665877 ], [ 35.2391879, 31.7665289 ], [ 35.2394075, 31.7664802 ], [ 35.2398063, 31.7664529 ], [ 35.2404498, 31.7664169 ], [ 35.2405901, 31.7663962 ], [ 35.2406465, 31.7663325 ], [ 35.2405708, 31.7661113 ], [ 35.2408585, 31.7659638 ], [ 35.2411965, 31.7657762 ], [ 35.2411676, 31.7656103 ], [ 35.2411208, 31.7653 ], [ 35.2410273, 31.7652663 ], [ 35.2408942, 31.7652909 ], [ 35.2407899, 31.7653186 ], [ 35.2405439, 31.7651342 ], [ 35.2404733, 31.7650575 ], [ 35.2404433, 31.7650006 ], [ 35.2401584, 31.7650305 ], [ 35.2401221, 31.7649601 ], [ 35.2403147, 31.7646892 ], [ 35.2403677, 31.764589 ], [ 35.2403789, 31.7645365 ], [ 35.2402616, 31.7644566 ], [ 35.2402364, 31.7643361 ], [ 35.2401476, 31.7642027 ], [ 35.2400324, 31.7640614 ], [ 35.2399315, 31.7635115 ], [ 35.2397743, 31.763214 ], [ 35.2400643, 31.7631507 ], [ 35.2407547, 31.763089 ], [ 35.2413589, 31.7630684 ], [ 35.2417233, 31.7630314 ], [ 35.2421452, 31.762937 ], [ 35.2425144, 31.7628837 ], [ 35.2428932, 31.7628836 ] ] ] } },
{ "type": "Feature", "properties": { "CODE": 604, "SCHN_NAME": "רוממה", "Shape_STAr": 636262.74337799998, "Shape_STLe": 6658.4603298000002 }, "geometry": { "type": "Polygon", "coordinates": [ [ [ 35.1988886, 31.7969098 ], [ 35.1982541, 31.7970103 ], [ 35.1976759, 31.7971 ], [ 35.197551, 31.7964812 ], [ 35.1975511, 31.7958838 ], [ 35.197701, 31.7951798 ], [ 35.1981008, 31.7943477 ], [ 35.198488, 31.7933769 ], [ 35.198618, 31.7920786 ], [ 35.1990596, 31.7918809 ], [ 35.1990311, 31.7912853 ], [ 35.1989894, 31.7911703 ], [ 35.1987793, 31.7909195 ], [ 35.1984862, 31.7906561 ], [ 35.1980216, 31.7902345 ], [ 35.1991271, 31.7896193 ], [ 35.1994261, 31.7892996 ], [ 35.1996493, 31.7889795 ], [ 35.1998396, 31.7887095 ], [ 35.2002993, 31.788047 ], [ 35.2009269, 31.787814 ], [ 35.2022229, 31.787779 ], [ 35.2044984, 31.7878776 ], [ 35.205361, 31.7886902 ], [ 35.2055685, 31.7888193 ], [ 35.2069395, 31.7898267 ], [ 35.2078669, 31.7905588 ], [ 35.2082955, 31.7909488 ], [ 35.2083675, 31.7910465 ], [ 35.2079186, 31.7910662 ], [ 35.2076626, 31.7910555 ], [ 35.2073699, 31.7909122 ], [ 35.2072356, 31.7908303 ], [ 35.2066362, 31.7903909 ], [ 35.2059404, 31.7899758 ], [ 35.2055362, 31.7899452 ], [ 35.2055107, 31.7901287 ], [ 35.205439, 31.7902555 ], [ 35.2049325, 31.7901462 ], [ 35.204733, 31.7906619 ], [ 35.2044823, 31.7909721 ], [ 35.2042214, 31.7909109 ], [ 35.2040371, 31.7907346 ], [ 35.2039239, 31.790605 ], [ 35.2037706, 31.7905552 ], [ 35.2036044, 31.7904428 ], [ 35.2034426, 31.7904022 ], [ 35.2030389, 31.7904004 ], [ 35.2027238, 31.7904575 ], [ 35.2025209, 31.7904391 ], [ 35.2024799, 31.7903819 ], [ 35.2024821, 31.7902934 ], [ 35.2025447, 31.7901146 ], [ 35.2019598, 31.7899524 ], [ 35.2010284, 31.79069 ], [ 35.200849, 31.7909387 ], [ 35.2008101, 31.7909852 ], [ 35.2005736, 31.7915833 ], [ 35.2005099, 31.7920339 ], [ 35.2007554, 31.7924301 ], [ 35.2007506, 31.7926136 ], [ 35.2007659, 31.7928715 ], [ 35.2006329, 31.7931817 ], [ 35.2010643, 31.7933543 ], [ 35.2015623, 31.7934126 ], [ 35.2022506, 31.7933876 ], [ 35.202454, 31.7926666 ], [ 35.202832, 31.7926646 ], [ 35.2032976, 31.7927739 ], [ 35.2037478, 31.7930623 ], [ 35.2040855, 31.7933638 ], [ 35.204459, 31.7935168 ], [ 35.2046802, 31.7935425 ], [ 35.2048581, 31.7935124 ], [ 35.2050989, 31.793465 ], [ 35.2052286, 31.7933893 ], [ 35.2053991, 31.7931912 ], [ 35.2055287, 31.7928532 ], [ 35.2056924, 31.7921424 ], [ 35.2060335, 31.7919501 ], [ 35.2068589, 31.7920142 ], [ 35.2080118, 31.7923405 ], [ 35.2085977, 31.792482 ], [ 35.2091317, 31.792498 ], [ 35.2097312, 31.79245 ], [ 35.2102224, 31.7923243 ], [ 35.210571, 31.7922479 ], [ 35.2109519, 31.7921909 ], [ 35.2115579, 31.7921819 ], [ 35.2119479, 31.7922284 ], [ 35.2118805, 31.7924878 ], [ 35.2117983, 31.7929188 ], [ 35.2117361, 31.7933309 ], [ 35.2117717, 31.7935055 ], [ 35.2119129, 31.7936734 ], [ 35.2121342, 31.7938264 ], [ 35.2120077, 31.7940064 ], [ 35.2118391, 31.7942765 ], [ 35.2116916, 31.794713 ], [ 35.2115968, 31.7951766 ], [ 35.2114952, 31.7956351 ], [ 35.2109667, 31.7957245 ], [ 35.2102453, 31.7958163 ], [ 35.2092943, 31.7959482 ], [ 35.2086326, 31.7959541 ], [ 35.2079572, 31.7958958 ], [ 35.2074865, 31.7957152 ], [ 35.207275, 31.7955929 ], [ 35.2070908, 31.79522 ], [ 35.2068657, 31.7947189 ], [ 35.2065792, 31.7943985 ], [ 35.2063131, 31.794282 ], [ 35.2061426, 31.7945733 ], [ 35.2059123, 31.7945349 ], [ 35.2052715, 31.7945808 ], [ 35.2045769, 31.7946136 ], [ 35.2043633, 31.7946432 ], [ 35.2039069, 31.7943689 ], [ 35.2035347, 31.794205 ], [ 35.2033352, 31.7941263 ], [ 35.2032201, 31.7940149 ], [ 35.2030205, 31.7939199 ], [ 35.2028632, 31.7939002 ], [ 35.2026111, 31.7938975 ], [ 35.2024258, 31.7939887 ], [ 35.2022985, 31.7941405 ], [ 35.2021188, 31.7944049 ], [ 35.2018502, 31.7947638 ], [ 35.2017868, 31.7948843 ], [ 35.2017325, 31.7949787 ], [ 35.2016278, 31.7951459 ], [ 35.2015848, 31.7952083 ], [ 35.2014682, 31.7953369 ], [ 35.2013759, 31.7955982 ], [ 35.2013545, 31.7956852 ], [ 35.2013143, 31.7957417 ], [ 35.2012675, 31.7958471 ], [ 35.2011893, 31.7961063 ], [ 35.2010128, 31.7962767 ], [ 35.2006252, 31.7964472 ], [ 35.2004257, 31.7964603 ], [ 35.2002799, 31.7964504 ], [ 35.200253, 31.7966864 ], [ 35.2002108, 31.7968175 ], [ 35.20013, 31.7969192 ], [ 35.1999544, 31.7969437 ], [ 35.1996378, 31.7969167 ], [ 35.1994392, 31.796897 ], [ 35.1988886, 31.7969098 ] ] ] } },
{ "type": "Feature", "properties": { "CODE": 606, "SCHN_NAME": "רוממה אזור תע", "Shape_STAr": 190917.718903, "Shape_STLe": 2355.2204476299999 }, "geometry": { "type": "Polygon", "coordinates": [ [ [ 35.2085977, 31.792482 ], [ 35.2080118, 31.7923405 ], [ 35.2068589, 31.7920142 ], [ 35.2060335, 31.7919501 ], [ 35.2056924, 31.7921424 ], [ 35.2055287, 31.7928532 ], [ 35.2053991, 31.7931912 ], [ 35.2052286, 31.7933893 ], [ 35.2050989, 31.793465 ], [ 35.2048581, 31.7935124 ], [ 35.2046802, 31.7935425 ], [ 35.204459, 31.7935168 ], [ 35.2040855, 31.7933638 ], [ 35.2037478, 31.7930623 ], [ 35.2032976, 31.7927739 ], [ 35.202832, 31.7926646 ], [ 35.202454, 31.7926666 ], [ 35.2022506, 31.7933876 ], [ 35.2015623, 31.7934126 ], [ 35.2010643, 31.7933543 ], [ 35.2006329, 31.7931817 ], [ 35.2007659, 31.7928715 ], [ 35.2007506, 31.7926136 ], [ 35.2007554, 31.7924301 ], [ 35.2005099, 31.7920339 ], [ 35.2005736, 31.7915833 ], [ 35.2008101, 31.7909852 ], [ 35.2010284, 31.79069 ], [ 35.2019598, 31.7899524 ], [ 35.2025447, 31.7901146 ], [ 35.2024821, 31.7902934 ], [ 35.2024799, 31.7903819 ], [ 35.2025209, 31.7904391 ], [ 35.2027238, 31.7904575 ], [ 35.2030389, 31.7904004 ], [ 35.2034426, 31.7904022 ], [ 35.2036044, 31.7904428 ], [ 35.2037706, 31.7905552 ], [ 35.2039239, 31.790605 ], [ 35.2040371, 31.7907346 ], [ 35.2042214, 31.7909109 ], [ 35.2044823, 31.7909721 ], [ 35.204733, 31.7906619 ], [ 35.2049325, 31.7901462 ], [ 35.205439, 31.7902555 ], [ 35.2055107, 31.7901287 ], [ 35.2055362, 31.7899452 ], [ 35.2059404, 31.7899758 ], [ 35.2066362, 31.7903909 ], [ 35.2072356, 31.7908303 ], [ 35.2073699, 31.7909122 ], [ 35.2076626, 31.7910555 ], [ 35.2079186, 31.7910662 ], [ 35.2083675, 31.7910465 ], [ 35.2085203, 31.7912849 ], [ 35.2086445, 31.7915459 ], [ 35.2085977, 31.792482 ] ] ] } },
{ "type": "Feature", "properties": { "CODE": 616, "SCHN_NAME": "רחביה", "Shape_STAr": 667050.98759499996, "Shape_STLe": 4464.8521319600004 }, "geometry": { "type": "Polygon", "coordinates": [ [ [ 35.2130622, 31.7693392 ], [ 35.2131452, 31.7694582 ], [ 35.2133882, 31.7696961 ], [ 35.2139839, 31.7702606 ], [ 35.2142713, 31.7704328 ], [ 35.214624, 31.7705644 ], [ 35.2153026, 31.770782 ], [ 35.215833, 31.7709491 ], [ 35.2162598, 31.7710478 ], [ 35.2166598, 31.771073 ], [ 35.216965, 31.7710629 ], [ 35.216959, 31.771399 ], [ 35.217009, 31.7720774 ], [ 35.2170571, 31.7727185 ], [ 35.217103, 31.7735351 ], [ 35.2171225, 31.773921 ], [ 35.2171077, 31.7740071 ], [ 35.2170662, 31.7741159 ], [ 35.2171907, 31.7742729 ], [ 35.2174397, 31.7745463 ], [ 35.217739, 31.7749133 ], [ 35.2178576, 31.7750141 ], [ 35.2177269, 31.7752513 ], [ 35.2175742, 31.7754718 ], [ 35.2171475, 31.7760479 ], [ 35.2167314, 31.77666 ], [ 35.2163916, 31.7771131 ], [ 35.2159894, 31.7777663 ], [ 35.2158796, 31.7779433 ], [ 35.215744, 31.7779813 ], [ 35.2155285, 31.7780383 ], [ 35.2151928, 31.7781295 ], [ 35.2150506, 31.7782016 ], [ 35.2149484, 31.778308 ], [ 35.2148373, 31.778513 ], [ 35.2147462, 31.778758 ], [ 35.2146262, 31.7791396 ], [ 35.2145834, 31.7792936 ], [ 35.2123333, 31.7791408 ], [ 35.2123467, 31.7789115 ], [ 35.2124498, 31.7781954 ], [ 35.2124784, 31.7779965 ], [ 35.2125465, 31.7774066 ], [ 35.2126218, 31.7768348 ], [ 35.2122825, 31.7768289 ], [ 35.211826, 31.7768306 ], [ 35.2117943, 31.7760882 ], [ 35.2114663, 31.7761079 ], [ 35.2114518, 31.7757052 ], [ 35.2108562, 31.7757584 ], [ 35.2108621, 31.7758116 ], [ 35.2107791, 31.7758242 ], [ 35.2105184, 31.775842 ], [ 35.210524, 31.7759617 ], [ 35.21061, 31.7768073 ], [ 35.2106045, 31.7781572 ], [ 35.2097925, 31.778137 ], [ 35.2097922, 31.7782275 ], [ 35.2097862, 31.7784528 ], [ 35.2098248, 31.7786022 ], [ 35.2098646, 31.7787385 ], [ 35.2099758, 31.7792334 ], [ 35.2100649, 31.7794857 ], [ 35.2100115, 31.7795869 ], [ 35.2098871, 31.7796426 ], [ 35.2096411, 31.7796426 ], [ 35.2095922, 31.7796332 ], [ 35.2094603, 31.7796173 ], [ 35.2091847, 31.779549 ], [ 35.2089565, 31.7794933 ], [ 35.209108, 31.778522 ], [ 35.2091702, 31.7778385 ], [ 35.209179, 31.7771119 ], [ 35.2091138, 31.776074 ], [ 35.2090426, 31.7745196 ], [ 35.2088864, 31.7715906 ], [ 35.2089496, 31.7702764 ], [ 35.2089498, 31.7699826 ], [ 35.2089694, 31.7696413 ], [ 35.2096779, 31.7696806 ], [ 35.2104622, 31.7697913 ], [ 35.2111442, 31.7700359 ], [ 35.2116191, 31.7702046 ], [ 35.211668, 31.7701112 ], [ 35.2117773, 31.770035 ], [ 35.2118953, 31.7699563 ], [ 35.2119729, 31.769917 ], [ 35.2120391, 31.7700079 ], [ 35.2121945, 31.7699489 ], [ 35.2123096, 31.7698875 ], [ 35.2122232, 31.7696712 ], [ 35.2121772, 31.7695262 ], [ 35.2123441, 31.7694672 ], [ 35.2126807, 31.769418 ], [ 35.2129425, 31.7693786 ], [ 35.2130622, 31.7693392 ] ] ] } },
{ "type": "Feature", "properties": { "CODE": 620, "SCHN_NAME": "רמות", "Shape_STAr": 5064012.2633199999, "Shape_STLe": 9371.9445561800003 }, "geometry": { "type": "Polygon", "coordinates": [ [ [ 35.2081851, 31.8080623 ], [ 35.2096732, 31.8096255 ], [ 35.2104346, 31.8105002 ], [ 35.2114036, 31.8116112 ], [ 35.2118743, 31.8125214 ], [ 35.2121374, 31.8132542 ], [ 35.2120822, 31.8146845 ], [ 35.2121931, 31.8167885 ], [ 35.2124604, 31.8181088 ], [ 35.2129485, 31.8191814 ], [ 35.2138052, 31.8210844 ], [ 35.2121812, 31.8214615 ], [ 35.2121546, 31.820311 ], [ 35.2117054, 31.819544 ], [ 35.2101392, 31.8189859 ], [ 35.2101502, 31.8194768 ], [ 35.2099322, 31.8199298 ], [ 35.2095413, 31.8203018 ], [ 35.2091733, 31.8204409 ], [ 35.2086702, 31.8202598 ], [ 35.2084692, 31.8202169 ], [ 35.2083822, 31.8201989 ], [ 35.2082912, 31.8202278 ], [ 35.2080542, 31.8203019 ], [ 35.2078792, 31.8203579 ], [ 35.2077603, 31.82043 ], [ 35.2076762, 31.8205019 ], [ 35.2076103, 31.8205749 ], [ 35.2075202, 31.8206749 ], [ 35.2074522, 31.8207569 ], [ 35.2074013, 31.8208359 ], [ 35.2073613, 31.8209479 ], [ 35.2073572, 31.8210019 ], [ 35.2073613, 31.8210899 ], [ 35.2073682, 31.8212219 ], [ 35.2073693, 31.8213369 ], [ 35.2073642, 31.821427 ], [ 35.2073162, 31.8216318 ], [ 35.2072962, 31.8217099 ], [ 35.2072733, 31.821797 ], [ 35.2072362, 31.821913 ], [ 35.2071912, 31.8220839 ], [ 35.2071543, 31.822229 ], [ 35.2071442, 31.8222919 ], [ 35.2071192, 31.8223649 ], [ 35.2070863, 31.8224759 ], [ 35.2070413, 31.8226109 ], [ 35.2070142, 31.8226629 ], [ 35.2069663, 31.822725 ], [ 35.2069202, 31.8227789 ], [ 35.2068582, 31.8228369 ], [ 35.2067832, 31.8228919 ], [ 35.2067152, 31.8229359 ], [ 35.2066453, 31.8229709 ], [ 35.2065573, 31.8230109 ], [ 35.2064853, 31.8230349 ], [ 35.2064003, 31.8230549 ], [ 35.2063103, 31.823064 ], [ 35.2062082, 31.8230699 ], [ 35.2061073, 31.823065 ], [ 35.2059512, 31.8230608 ], [ 35.2058592, 31.8230539 ], [ 35.2057923, 31.8230559 ], [ 35.2057762, 31.8230579 ], [ 35.2053332, 31.823114 ], [ 35.2040162, 31.8232809 ], [ 35.2003142, 31.824876 ], [ 35.1995502, 31.8251399 ], [ 35.1963742, 31.826238 ], [ 35.1941662, 31.826731 ], [ 35.1935392, 31.826736 ], [ 35.1929322, 31.82674 ], [ 35.1898863, 31.82676 ], [ 35.1884212, 31.826817 ], [ 35.1884502, 31.826686 ], [ 35.1879071, 31.826693 ], [ 35.1878152, 31.826619 ], [ 35.1877193, 31.8265489 ], [ 35.1876202, 31.826481 ], [ 35.1874112, 31.826359 ], [ 35.1873022, 31.826305 ], [ 35.1871902, 31.8262541 ], [ 35.1870761, 31.8262081 ], [ 35.1869592, 31.8261659 ], [ 35.1868411, 31.8261279 ], [ 35.1867202, 31.826095 ], [ 35.1865982, 31.8260669 ], [ 35.1864753, 31.826043 ], [ 35.1863502, 31.826024 ], [ 35.1862251, 31.826011 ], [ 35.1860991, 31.826002 ], [ 35.1859732, 31.825997 ], [ 35.1858112, 31.825998 ], [ 35.1843442, 31.825765 ], [ 35.1826571, 31.823874 ], [ 35.1827672, 31.823368 ], [ 35.1826612, 31.822769 ], [ 35.1826812, 31.8226631 ], [ 35.1826892, 31.822555 ], [ 35.1826871, 31.822447 ], [ 35.1826742, 31.8223401 ], [ 35.1826492, 31.8222341 ], [ 35.1826142, 31.82213 ], [ 35.1825691, 31.82203 ], [ 35.1825141, 31.821933 ], [ 35.1824481, 31.82184 ], [ 35.1823741, 31.8217521 ], [ 35.1822911, 31.821671 ], [ 35.1822002, 31.821597 ], [ 35.1820192, 31.821479 ], [ 35.1819402, 31.8209731 ], [ 35.1819322, 31.8208651 ], [ 35.1819402, 31.820758 ], [ 35.1819642, 31.820652 ], [ 35.1820021, 31.8205481 ], [ 35.1820542, 31.8204501 ], [ 35.1821211, 31.820359 ], [ 35.1821991, 31.820274 ], [ 35.1822992, 31.820191 ], [ 35.1830251, 31.819365 ], [ 35.1831081, 31.819282 ], [ 35.1831872, 31.819199 ], [ 35.1832642, 31.8191131 ], [ 35.1833371, 31.819026 ], [ 35.1834082, 31.818935 ], [ 35.1834741, 31.818844 ], [ 35.1835381, 31.8187511 ], [ 35.1835981, 31.818656 ], [ 35.1836552, 31.818559 ], [ 35.1837081, 31.818461 ], [ 35.1837581, 31.818362 ], [ 35.1838041, 31.8182611 ], [ 35.1838471, 31.81816 ], [ 35.1838862, 31.818056 ], [ 35.1839211, 31.817952 ], [ 35.1839521, 31.817848 ], [ 35.1839981, 31.817664 ], [ 35.184531, 31.81633 ], [ 35.1845691, 31.816227 ], [ 35.1845991, 31.816122 ], [ 35.1846222, 31.8160161 ], [ 35.1846371, 31.815909 ], [ 35.1846461, 31.815801 ], [ 35.184647, 31.815693 ], [ 35.1846371, 31.8155481 ], [ 35.1846381, 31.81544 ], [ 35.1846442, 31.815333 ], [ 35.1846552, 31.8152241 ], [ 35.1846701, 31.815117 ], [ 35.1846901, 31.81501 ], [ 35.1847151, 31.814904 ], [ 35.1847441, 31.8148 ], [ 35.1847781, 31.8146961 ], [ 35.1848171, 31.814593 ], [ 35.1848592, 31.814492 ], [ 35.1849071, 31.814391 ], [ 35.1849581, 31.8142921 ], [ 35.1850311, 31.814168 ], [ 35.1860321, 31.8134331 ], [ 35.1861331, 31.813369 ], [ 35.1862311, 31.8133001 ], [ 35.186325, 31.813228 ], [ 35.1864142, 31.813152 ], [ 35.1864991, 31.813073 ], [ 35.1865801, 31.8129891 ], [ 35.186655, 31.812903 ], [ 35.1867261, 31.812813 ], [ 35.1867921, 31.812721 ], [ 35.1868521, 31.812625 ], [ 35.1869071, 31.812528 ], [ 35.1869561, 31.8124291 ], [ 35.1870001, 31.812328 ], [ 35.1870371, 31.812224 ], [ 35.1870692, 31.81212 ], [ 35.1871061, 31.8119639 ], [ 35.1872171, 31.8110891 ], [ 35.187712, 31.809711 ], [ 35.1886178, 31.8076926 ], [ 35.1913005, 31.8060704 ], [ 35.19405, 31.804806 ], [ 35.1967324, 31.8041858 ], [ 35.1984927, 31.8042097 ], [ 35.2000751, 31.8053661 ], [ 35.2011909, 31.8063812 ], [ 35.2025979, 31.807096 ], [ 35.2041552, 31.8076797 ], [ 35.2050731, 31.8079157 ], [ 35.2064646, 31.8080725 ], [ 35.2074992, 31.8080813 ], [ 35.2081851, 31.8080623 ] ] ] } },
{ "type": "Feature", "properties": { "CODE": 726, "SCHN_NAME": "רמות רחל - ארנ", "Shape_STAr": 351079.62603799999, "Shape_STLe": 3099.2779123 }, "geometry": { "type": "Polygon", "coordinates": [ [ [ 35.2266691, 31.7451844 ], [ 35.2275208, 31.7446328 ], [ 35.2276135, 31.744734 ], [ 35.2277644, 31.7452279 ], [ 35.2280913, 31.7457361 ], [ 35.2284348, 31.7461799 ], [ 35.2288706, 31.7466451 ], [ 35.2295409, 31.7471317 ], [ 35.229964, 31.7475727 ], [ 35.2297403, 31.7476984 ], [ 35.2295154, 31.7479576 ], [ 35.2288972, 31.7488488 ], [ 35.2281352, 31.7499396 ], [ 35.2278656, 31.7503053 ], [ 35.2277505, 31.7504697 ], [ 35.2276687, 31.7506202 ], [ 35.2276216, 31.7508795 ], [ 35.2276071, 31.7510476 ], [ 35.2276182, 31.7511956 ], [ 35.2276497, 31.751646 ], [ 35.2276917, 31.7520397 ], [ 35.2277253, 31.7523236 ], [ 35.2277471, 31.7525309 ], [ 35.2278289, 31.7535486 ], [ 35.2278709, 31.7540211 ], [ 35.2279883, 31.7543503 ], [ 35.228114, 31.7546832 ], [ 35.2282366, 31.7548508 ], [ 35.2281565, 31.754879 ], [ 35.2278241, 31.7550393 ], [ 35.2273144, 31.7552336 ], [ 35.2268269, 31.7554255 ], [ 35.2261792, 31.7555712 ], [ 35.2255484, 31.755615 ], [ 35.2247396, 31.7556622 ], [ 35.2246711, 31.7553901 ], [ 35.2246135, 31.7550951 ], [ 35.2245047, 31.754254 ], [ 35.2244727, 31.7539699 ], [ 35.2243958, 31.7531888 ], [ 35.2243061, 31.7522603 ], [ 35.2242484, 31.7515393 ], [ 35.2241908, 31.7512443 ], [ 35.224082, 31.7508183 ], [ 35.2240436, 31.7505779 ], [ 35.2244399, 31.7504577 ], [ 35.2247857, 31.7503416 ], [ 35.2247172, 31.7500828 ], [ 35.2246776, 31.7498892 ], [ 35.2245516, 31.7493331 ], [ 35.2243536, 31.7485097 ], [ 35.2249284, 31.7483762 ], [ 35.225343, 31.7482043 ], [ 35.225611, 31.7479645 ], [ 35.2258706, 31.7476352 ], [ 35.2262978, 31.7473094 ], [ 35.2268129, 31.7470265 ], [ 35.2270642, 31.7467258 ], [ 35.2270767, 31.7464753 ], [ 35.2270054, 31.7460816 ], [ 35.2266691, 31.7451844 ] ] ] } },
{ "type": "Feature", "properties": { "CODE": 624, "SCHN_NAME": "רמת אשכול", "Shape_STAr": 646625.31716900005, "Shape_STLe": 4101.4157958799997 }, "geometry": { "type": "Polygon", "coordinates": [ [ [ 35.2234954, 31.7985888 ], [ 35.2240894, 31.7989569 ], [ 35.2249395, 31.7993402 ], [ 35.2264642, 31.7999332 ], [ 35.2271846, 31.8001409 ], [ 35.2278084, 31.8002427 ], [ 35.2285913, 31.8002351 ], [ 35.2294029, 31.8002227 ], [ 35.2306837, 31.8001717 ], [ 35.2317903, 31.800086 ], [ 35.2320593, 31.8000471 ], [ 35.2320461, 31.8006412 ], [ 35.2318811, 31.8007756 ], [ 35.2317006, 31.8008389 ], [ 35.2314513, 31.8009002 ], [ 35.2312287, 31.8008937 ], [ 35.2309717, 31.8011199 ], [ 35.2307147, 31.8014739 ], [ 35.2305459, 31.8015657 ], [ 35.2303003, 31.8015985 ], [ 35.2300239, 31.8015232 ], [ 35.2295979, 31.8013456 ], [ 35.2294713, 31.8013201 ], [ 35.2290299, 31.801235 ], [ 35.2290147, 31.8017888 ], [ 35.2288958, 31.8019626 ], [ 35.2285547, 31.8020209 ], [ 35.228507, 31.8022248 ], [ 35.228398, 31.802656 ], [ 35.228251, 31.8035315 ], [ 35.2280573, 31.8049712 ], [ 35.2283488, 31.8064938 ], [ 35.2271136, 31.8066567 ], [ 35.2262277, 31.8066805 ], [ 35.2250373, 31.8065152 ], [ 35.2234178, 31.8061963 ], [ 35.2222827, 31.8059837 ], [ 35.2205353, 31.8056411 ], [ 35.2201335, 31.8055743 ], [ 35.2201708, 31.8052796 ], [ 35.2201631, 31.8047945 ], [ 35.2201822, 31.8042079 ], [ 35.2202429, 31.8034933 ], [ 35.2202754, 31.8031364 ], [ 35.2202433, 31.8027888 ], [ 35.2202586, 31.8024873 ], [ 35.2203008, 31.8020055 ], [ 35.2203928, 31.8017171 ], [ 35.2203225, 31.801301 ], [ 35.2201831, 31.800901 ], [ 35.2200794, 31.8007238 ], [ 35.2199782, 31.8005766 ], [ 35.2203986, 31.8004775 ], [ 35.2208047, 31.8004167 ], [ 35.2209647, 31.8003635 ], [ 35.2208847, 31.8001736 ], [ 35.2206979, 31.8000496 ], [ 35.2204489, 31.7998826 ], [ 35.2201794, 31.7995889 ], [ 35.2203371, 31.7994082 ], [ 35.2204003, 31.7992428 ], [ 35.2204043, 31.7990605 ], [ 35.2204754, 31.7989997 ], [ 35.2206849, 31.7989254 ], [ 35.2208508, 31.7988815 ], [ 35.2209971, 31.7989389 ], [ 35.2212461, 31.7990536 ], [ 35.2215346, 31.7991245 ], [ 35.2218152, 31.7991278 ], [ 35.2218706, 31.7990839 ], [ 35.2219101, 31.79904 ], [ 35.2218863, 31.7986316 ], [ 35.2218467, 31.7985405 ], [ 35.2217835, 31.7984629 ], [ 35.2217953, 31.798257 ], [ 35.221813, 31.7977587 ], [ 35.2218265, 31.7972814 ], [ 35.2225202, 31.7973036 ], [ 35.2227, 31.797618 ], [ 35.2229473, 31.7980264 ], [ 35.2234954, 31.7985888 ] ] ] } },
{ "type": "Feature", "properties": { "CODE": 632, "SCHN_NAME": "רמת דניה", "Shape_STAr": 245019.83123800001, "Shape_STLe": 2581.0821586799998 }, "geometry": { "type": "Polygon", "coordinates": [ [ [ 35.1822688, 31.7570771 ], [ 35.1825911, 31.7568186 ], [ 35.1826975, 31.7570941 ], [ 35.1828371, 31.7572707 ], [ 35.183027, 31.7574855 ], [ 35.18277, 31.7577098 ], [ 35.1823566, 31.7580008 ], [ 35.1822281, 31.7581535 ], [ 35.1822057, 31.7585353 ], [ 35.1822632, 31.7586525 ], [ 35.1823442, 31.7588028 ], [ 35.1823665, 31.7591082 ], [ 35.1823189, 31.759323 ], [ 35.1822853, 31.7596141 ], [ 35.1823216, 31.7597668 ], [ 35.1825506, 31.7600579 ], [ 35.1828353, 31.7604088 ], [ 35.1831704, 31.7609147 ], [ 35.1832122, 31.7610316 ], [ 35.1832317, 31.7613203 ], [ 35.183131, 31.7618715 ], [ 35.1829913, 31.7622032 ], [ 35.1827846, 31.762561 ], [ 35.1825974, 31.7627948 ], [ 35.1824018, 31.7631002 ], [ 35.1819754, 31.7636988 ], [ 35.1819418, 31.764009 ], [ 35.1819617, 31.7642846 ], [ 35.1820698, 31.7647082 ], [ 35.1821417, 31.764927 ], [ 35.1821711, 31.765034 ], [ 35.1821954, 31.7653591 ], [ 35.1821699, 31.7655784 ], [ 35.1821325, 31.7657349 ], [ 35.1821081, 31.7657707 ], [ 35.1820314, 31.7658034 ], [ 35.1814906, 31.7658873 ], [ 35.1813853, 31.7654073 ], [ 35.1812029, 31.7647591 ], [ 35.1806352, 31.7644178 ], [ 35.1799231, 31.7639047 ], [ 35.1795671, 31.7634811 ], [ 35.1793737, 31.7630563 ], [ 35.1792809, 31.7620542 ], [ 35.1790755, 31.7619686 ], [ 35.1788174, 31.7619191 ], [ 35.1785487, 31.761928 ], [ 35.178259, 31.761982 ], [ 35.1780799, 31.7620134 ], [ 35.1778376, 31.7619549 ], [ 35.1776902, 31.7618243 ], [ 35.177627, 31.7617073 ], [ 35.1775059, 31.7614822 ], [ 35.1774216, 31.7613652 ], [ 35.1783427, 31.7605423 ], [ 35.1796645, 31.7593927 ], [ 35.1802394, 31.7588834 ], [ 35.1809162, 31.7582635 ], [ 35.1812625, 31.7579725 ], [ 35.1817999, 31.7575001 ], [ 35.1822688, 31.7570771 ] ] ] } },
{ "type": "Feature", "properties": { "CODE": 636, "SCHN_NAME": "רמת מוצא", "Shape_STAr": 284470.156433, "Shape_STLe": 2158.1167392000002 }, "geometry": { "type": "Polygon", "coordinates": [ [ [ 35.1706944, 31.7969278 ], [ 35.1700086, 31.7964543 ], [ 35.16869, 31.7955994 ], [ 35.1675535, 31.7943561 ], [ 35.1667536, 31.7930896 ], [ 35.1668722, 31.7921264 ], [ 35.1669038, 31.7912881 ], [ 35.1671418, 31.7905571 ], [ 35.1679179, 31.7903281 ], [ 35.1678639, 31.7894843 ], [ 35.1692957, 31.7891757 ], [ 35.1694151, 31.7894277 ], [ 35.1695766, 31.7896618 ], [ 35.1701313, 31.790316 ], [ 35.1704122, 31.7907241 ], [ 35.1708134, 31.7912211 ], [ 35.1713603, 31.7916845 ], [ 35.1717115, 31.7919306 ], [ 35.1719265, 31.7927481 ], [ 35.1721849, 31.7937425 ], [ 35.1721635, 31.794891 ], [ 35.1713215, 31.7964124 ], [ 35.1706944, 31.7969278 ] ] ] } },
{ "type": "Feature", "properties": { "CODE": 640, "SCHN_NAME": "רמת רחל", "Shape_STAr": 1133137.12004, "Shape_STLe": 4715.3617456100001 }, "geometry": { "type": "Polygon", "coordinates": [ [ [ 35.2163127, 31.7446229 ], [ 35.2162257, 31.7445109 ], [ 35.2162108, 31.7444918 ], [ 35.2149817, 31.7431788 ], [ 35.2142386, 31.7423919 ], [ 35.2138298, 31.7411879 ], [ 35.2130617, 31.7398978 ], [ 35.2141107, 31.7383219 ], [ 35.2146477, 31.7371189 ], [ 35.2154157, 31.7359589 ], [ 35.2163377, 31.7351498 ], [ 35.2173716, 31.7345348 ], [ 35.2182317, 31.7340339 ], [ 35.2193066, 31.7336618 ], [ 35.2201517, 31.7336838 ], [ 35.2212267, 31.7338368 ], [ 35.2223787, 31.7343179 ], [ 35.2233517, 31.7353898 ], [ 35.2240947, 31.7366798 ], [ 35.2243317, 31.7373278 ], [ 35.2243487, 31.7373768 ], [ 35.2244337, 31.7374359 ], [ 35.2244806, 31.7374689 ], [ 35.2247217, 31.7381958 ], [ 35.2248027, 31.7386902 ], [ 35.2251947, 31.7410909 ], [ 35.2252567, 31.7412014 ], [ 35.2264558, 31.7433379 ], [ 35.2275208, 31.7446328 ], [ 35.2259066, 31.7456783 ], [ 35.2248898, 31.7463369 ], [ 35.2246298, 31.7464869 ], [ 35.2236827, 31.7470368 ], [ 35.2236067, 31.7470328 ], [ 35.2234748, 31.7467569 ], [ 35.2233898, 31.7465618 ], [ 35.2228777, 31.7451688 ], [ 35.2228598, 31.7451279 ], [ 35.2228498, 31.7451008 ], [ 35.2224997, 31.7447218 ], [ 35.2224637, 31.7447218 ], [ 35.2223868, 31.7447238 ], [ 35.2224298, 31.7446489 ], [ 35.2224887, 31.7445479 ], [ 35.2227298, 31.7443428 ], [ 35.2226807, 31.7442908 ], [ 35.2226647, 31.7442798 ], [ 35.2226228, 31.7442489 ], [ 35.2225637, 31.7442098 ], [ 35.2225027, 31.7441668 ], [ 35.2224888, 31.7441568 ], [ 35.2224568, 31.7441338 ], [ 35.2223857, 31.7440799 ], [ 35.2223127, 31.7440248 ], [ 35.2222708, 31.7439948 ], [ 35.2222168, 31.7439578 ], [ 35.2221247, 31.7438948 ], [ 35.2220578, 31.7438659 ], [ 35.2220078, 31.7438419 ], [ 35.2217997, 31.7437248 ], [ 35.2217517, 31.7437119 ], [ 35.2216537, 31.7436689 ], [ 35.2215567, 31.7435938 ], [ 35.2214397, 31.7435039 ], [ 35.2213427, 31.7434328 ], [ 35.2212267, 31.7433538 ], [ 35.2212057, 31.7433738 ], [ 35.2211767, 31.7433868 ], [ 35.2211327, 31.7434179 ], [ 35.2210638, 31.7434588 ], [ 35.2208718, 31.7435748 ], [ 35.2208467, 31.7435418 ], [ 35.2208118, 31.7434738 ], [ 35.2207937, 31.7434319 ], [ 35.2207747, 31.7433759 ], [ 35.2207638, 31.7433419 ], [ 35.2207497, 31.7433159 ], [ 35.2207278, 31.7432819 ], [ 35.2207018, 31.7432489 ], [ 35.2206828, 31.7432249 ], [ 35.2206367, 31.7431738 ], [ 35.2206108, 31.7431478 ], [ 35.2205607, 31.7431128 ], [ 35.2205318, 31.7430898 ], [ 35.2205197, 31.7430688 ], [ 35.2205067, 31.7430329 ], [ 35.2204957, 31.7429828 ], [ 35.2204767, 31.7428829 ], [ 35.2204627, 31.7428469 ], [ 35.2204258, 31.7428939 ], [ 35.2203717, 31.7429458 ], [ 35.2203197, 31.7429989 ], [ 35.2202957, 31.7430148 ], [ 35.2202348, 31.7430598 ], [ 35.2202117, 31.7430848 ], [ 35.2200507, 31.7429599 ], [ 35.2188988, 31.7433099 ], [ 35.2187968, 31.7435948 ], [ 35.2163127, 31.7446229 ] ] ] } },
{ "type": "Feature", "properties": { "CODE": 618, "SCHN_NAME": "רמת שלמה", "Shape_STAr": 1861660.83455, "Shape_STLe": 6347.6563329500004 }, "geometry": { "type": "Polygon", "coordinates": [ [ [ 35.2205353, 31.8056411 ], [ 35.2222827, 31.8059837 ], [ 35.2234178, 31.8061963 ], [ 35.2250373, 31.8065152 ], [ 35.2262277, 31.8066805 ], [ 35.2271136, 31.8066567 ], [ 35.2298346, 31.8062799 ], [ 35.2294024, 31.8067375 ], [ 35.2287409, 31.807337 ], [ 35.2282999, 31.8076538 ], [ 35.2277887, 31.8079963 ], [ 35.2273877, 31.8082789 ], [ 35.2269085, 31.8087553 ], [ 35.225819, 31.8099794 ], [ 35.2245969, 31.8112652 ], [ 35.2232761, 31.8126979 ], [ 35.2226949, 31.8135963 ], [ 35.2224247, 31.814421 ], [ 35.2220583, 31.8150695 ], [ 35.2219137, 31.820807 ], [ 35.2202109, 31.8206388 ], [ 35.2195152, 31.8206921 ], [ 35.2184665, 31.8205149 ], [ 35.2168156, 31.8203555 ], [ 35.2156839, 31.8206482 ], [ 35.2138052, 31.8210844 ], [ 35.2129485, 31.8191814 ], [ 35.2124604, 31.8181088 ], [ 35.2121931, 31.8167885 ], [ 35.2120822, 31.8146845 ], [ 35.2121374, 31.8132542 ], [ 35.2118743, 31.8125214 ], [ 35.2114036, 31.8116112 ], [ 35.2104346, 31.8105002 ], [ 35.2096732, 31.8096255 ], [ 35.2081851, 31.8080623 ], [ 35.208749, 31.8079948 ], [ 35.2093782, 31.8079302 ], [ 35.2100342, 31.8078427 ], [ 35.21072, 31.8077517 ], [ 35.2118636, 31.8075311 ], [ 35.2141055, 31.806956 ], [ 35.2156273, 31.8065947 ], [ 35.217541, 31.8060221 ], [ 35.2186974, 31.8057073 ], [ 35.2192438, 31.8056064 ], [ 35.2201335, 31.8055743 ], [ 35.2205353, 31.8056411 ] ] ] } },
{ "type": "Feature", "properties": { "CODE": 644, "SCHN_NAME": "רמת שרת", "Shape_STAr": 433747.00508099998, "Shape_STLe": 4214.7184214 }, "geometry": { "type": "Polygon", "coordinates": [ [ [ 35.1825911, 31.7568186 ], [ 35.1828747, 31.7565912 ], [ 35.1833646, 31.7561862 ], [ 35.1839178, 31.7556867 ], [ 35.1844393, 31.7552997 ], [ 35.1848871, 31.7550478 ], [ 35.1854244, 31.7548138 ], [ 35.1861513, 31.7545664 ], [ 35.1868203, 31.754427 ], [ 35.187505, 31.7543191 ], [ 35.1880528, 31.7542606 ], [ 35.1884689, 31.7542652 ], [ 35.1887547, 31.7543261 ], [ 35.1887212, 31.7545504 ], [ 35.1886597, 31.7546625 ], [ 35.1884848, 31.754758 ], [ 35.1882753, 31.7548581 ], [ 35.18807, 31.7550335 ], [ 35.1878714, 31.7554171 ], [ 35.1877138, 31.7560142 ], [ 35.1877179, 31.7564365 ], [ 35.1878518, 31.7571094 ], [ 35.1880486, 31.757589 ], [ 35.1883795, 31.7580079 ], [ 35.188614, 31.7582298 ], [ 35.1889114, 31.7583694 ], [ 35.1893463, 31.7584212 ], [ 35.1898241, 31.7588657 ], [ 35.1900749, 31.7593986 ], [ 35.1901637, 31.7595874 ], [ 35.1903195, 31.7599296 ], [ 35.1904317, 31.7600986 ], [ 35.1904954, 31.7602804 ], [ 35.1905138, 31.7604364 ], [ 35.1904879, 31.7609318 ], [ 35.1904292, 31.761168 ], [ 35.1899824, 31.7611942 ], [ 35.1897338, 31.7611787 ], [ 35.1896081, 31.7611667 ], [ 35.1894327, 31.7612279 ], [ 35.1883348, 31.7616943 ], [ 35.1881979, 31.7614783 ], [ 35.188082, 31.7612353 ], [ 35.187924, 31.7610462 ], [ 35.1877608, 31.7609337 ], [ 35.1875976, 31.7608762 ], [ 35.1874026, 31.7608346 ], [ 35.1870733, 31.7607794 ], [ 35.1868695, 31.7607591 ], [ 35.1867117, 31.7607173 ], [ 35.1865078, 31.7607912 ], [ 35.1863416, 31.7608592 ], [ 35.1862173, 31.7609105 ], [ 35.1860176, 31.7609641 ], [ 35.1858433, 31.7610103 ], [ 35.1856573, 31.7610655 ], [ 35.1854297, 31.7611108 ], [ 35.1852949, 31.7606429 ], [ 35.1851888, 31.7602858 ], [ 35.1848287, 31.7593241 ], [ 35.1842643, 31.7595404 ], [ 35.1841372, 31.7600964 ], [ 35.1841511, 31.7601549 ], [ 35.1843354, 31.760508 ], [ 35.1844456, 31.7607765 ], [ 35.1845545, 31.7608898 ], [ 35.1846285, 31.7609746 ], [ 35.184676, 31.7610259 ], [ 35.1846997, 31.761107 ], [ 35.1846871, 31.7611702 ], [ 35.184634, 31.761212 ], [ 35.1845516, 31.7612585 ], [ 35.1843519, 31.7613575 ], [ 35.1841173, 31.7614696 ], [ 35.1840279, 31.7615817 ], [ 35.1838917, 31.7617902 ], [ 35.1838924, 31.7620677 ], [ 35.1839308, 31.7624514 ], [ 35.183929, 31.7631514 ], [ 35.1839842, 31.763455 ], [ 35.1840148, 31.7639022 ], [ 35.1836909, 31.763906 ], [ 35.18331, 31.7639465 ], [ 35.1830411, 31.7639711 ], [ 35.1827277, 31.7639749 ], [ 35.1823534, 31.7639653 ], [ 35.1823257, 31.7640666 ], [ 35.1823664, 31.7642541 ], [ 35.1824658, 31.764683 ], [ 35.1824295, 31.7648853 ], [ 35.1821417, 31.764927 ], [ 35.1820698, 31.7647082 ], [ 35.1819617, 31.7642846 ], [ 35.1819418, 31.764009 ], [ 35.1819754, 31.7636988 ], [ 35.1824001, 31.7631024 ], [ 35.1825974, 31.7627948 ], [ 35.1827846, 31.762561 ], [ 35.1829913, 31.7622032 ], [ 35.183131, 31.7618715 ], [ 35.1832317, 31.7613203 ], [ 35.1832122, 31.7610316 ], [ 35.1831704, 31.7609147 ], [ 35.1828353, 31.7604088 ], [ 35.1825506, 31.7600579 ], [ 35.1823216, 31.7597668 ], [ 35.1822853, 31.7596141 ], [ 35.1823189, 31.759323 ], [ 35.1823665, 31.7591082 ], [ 35.1823442, 31.7588028 ], [ 35.1822632, 31.7586525 ], [ 35.1822057, 31.7585353 ], [ 35.1822281, 31.7581535 ], [ 35.1823566, 31.7580008 ], [ 35.18277, 31.7577098 ], [ 35.183027, 31.7574855 ], [ 35.1828371, 31.7572707 ], [ 35.1826975, 31.7570941 ], [ 35.1825911, 31.7568186 ] ] ] } },
{ "type": "Feature", "properties": { "CODE": 728, "SCHN_NAME": "שדה התעופה עט", "Shape_STAr": 2165735.8856000002, "Shape_STLe": 8147.3317286000001 }, "geometry": { "type": "Polygon", "coordinates": [ [ [ 35.2122992, 31.8597725 ], [ 35.2150628, 31.8600541 ], [ 35.2155101, 31.8600732 ], [ 35.2157985, 31.8601098 ], [ 35.220801, 31.8608367 ], [ 35.2226765, 31.8611399 ], [ 35.2239398, 31.8612818 ], [ 35.225495, 31.8614782 ], [ 35.2262567, 31.8617074 ], [ 35.2267367, 31.86162 ], [ 35.2267664, 31.8615933 ], [ 35.2269926, 31.8615216 ], [ 35.2272426, 31.8611568 ], [ 35.2277346, 31.8616668 ], [ 35.2277746, 31.8618428 ], [ 35.2277956, 31.8618768 ], [ 35.2278206, 31.8619218 ], [ 35.2278446, 31.8619688 ], [ 35.2278677, 31.8620138 ], [ 35.2278897, 31.8620597 ], [ 35.2279106, 31.8621067 ], [ 35.2279306, 31.8621528 ], [ 35.2279496, 31.8622008 ], [ 35.2279676, 31.8622478 ], [ 35.2279846, 31.8622968 ], [ 35.2279996, 31.8623438 ], [ 35.2280146, 31.8623918 ], [ 35.2280277, 31.8624407 ], [ 35.2280407, 31.8624887 ], [ 35.2280517, 31.8625388 ], [ 35.2280616, 31.8625868 ], [ 35.2280716, 31.8626368 ], [ 35.2280796, 31.8626868 ], [ 35.2280866, 31.8627358 ], [ 35.2280926, 31.8627858 ], [ 35.2280965, 31.8628347 ], [ 35.2281006, 31.8628848 ], [ 35.2281035, 31.8629348 ], [ 35.2281046, 31.8629847 ], [ 35.2281046, 31.8630349 ], [ 35.2281036, 31.8630848 ], [ 35.2281025, 31.8631338 ], [ 35.2279223, 31.8631843 ], [ 35.2278146, 31.8632337 ], [ 35.2273654, 31.8635132 ], [ 35.2267501, 31.8639411 ], [ 35.2262308, 31.8642282 ], [ 35.2257926, 31.8644041 ], [ 35.2251528, 31.8645575 ], [ 35.224513, 31.8647297 ], [ 35.2240955, 31.8648809 ], [ 35.2230725, 31.8653556 ], [ 35.2223483, 31.8656426 ], [ 35.2205145, 31.8663242 ], [ 35.2199864, 31.8666041 ], [ 35.2196797, 31.8668472 ], [ 35.2194694, 31.8671801 ], [ 35.2193287, 31.8675651 ], [ 35.2192762, 31.8677334 ], [ 35.2190265, 31.8685076 ], [ 35.2187932, 31.8691556 ], [ 35.2185932, 31.8694653 ], [ 35.2182952, 31.869772 ], [ 35.2179975, 31.8699606 ], [ 35.2176773, 31.8701087 ], [ 35.2171515, 31.8702247 ], [ 35.2166957, 31.8702285 ], [ 35.2163976, 31.8701911 ], [ 35.2161685, 31.8701312 ], [ 35.2158717, 31.8700154 ], [ 35.2149031, 31.8696415 ], [ 35.214673, 31.8695549 ], [ 35.2142961, 31.8694951 ], [ 35.2139879, 31.8694978 ], [ 35.2137066, 31.8695406 ], [ 35.2135146, 31.8696067 ], [ 35.2133429, 31.8696752 ], [ 35.2130135, 31.8698686 ], [ 35.2127954, 31.8700722 ], [ 35.2126586, 31.8702599 ], [ 35.212568, 31.8704319 ], [ 35.2124682, 31.8707049 ], [ 35.2124344, 31.8710292 ], [ 35.2125016, 31.8713508 ], [ 35.2127672, 31.8719757 ], [ 35.2131024, 31.8727576 ], [ 35.2134826, 31.8736355 ], [ 35.2135274, 31.8737967 ], [ 35.2135429, 31.8739503 ], [ 35.2135186, 31.8740697 ], [ 35.213431, 31.8742829 ], [ 35.2133229, 31.8744315 ], [ 35.2131418, 31.874556 ], [ 35.2130086, 31.8746304 ], [ 35.21287, 31.8746682 ], [ 35.212648, 31.8746966 ], [ 35.2123836, 31.874714 ], [ 35.2112791, 31.8747992 ], [ 35.2110154, 31.8748671 ], [ 35.2108194, 31.8749792 ], [ 35.2105458, 31.8752727 ], [ 35.2104478, 31.8754983 ], [ 35.2104275, 31.8757366 ], [ 35.2104903, 31.8760409 ], [ 35.2106413, 31.8762435 ], [ 35.2108273, 31.876415 ], [ 35.2117337, 31.8769369 ], [ 35.2122391, 31.8772226 ], [ 35.2124963, 31.8773748 ], [ 35.2126424, 31.8775256 ], [ 35.2127921, 31.8777887 ], [ 35.2128528, 31.8780454 ], [ 35.2128134, 31.8783633 ], [ 35.2126741, 31.8787224 ], [ 35.2124365, 31.878958 ], [ 35.212207, 31.8790881 ], [ 35.2118799, 31.8790852 ], [ 35.2114688, 31.8789768 ], [ 35.210666, 31.8787082 ], [ 35.2104353, 31.8786619 ], [ 35.210245, 31.8786701 ], [ 35.2099294, 31.8787824 ], [ 35.2096577, 31.8790329 ], [ 35.2093643, 31.879474 ], [ 35.209045, 31.8799605 ], [ 35.2088127, 31.8801138 ], [ 35.2084796, 31.8801886 ], [ 35.2082648, 31.8801737 ], [ 35.2080194, 31.8800839 ], [ 35.2075821, 31.8797764 ], [ 35.2077507, 31.8787009 ], [ 35.2059957, 31.8757799 ], [ 35.2046285, 31.8735049 ], [ 35.2045836, 31.8735119 ], [ 35.2044617, 31.8734079 ], [ 35.2043826, 31.8731479 ], [ 35.2042136, 31.8727129 ], [ 35.2041906, 31.8725739 ], [ 35.2041716, 31.8724569 ], [ 35.2041666, 31.872342 ], [ 35.2042036, 31.8719949 ], [ 35.2042096, 31.8712469 ], [ 35.2042096, 31.8709279 ], [ 35.2041666, 31.8708199 ], [ 35.2041425, 31.8707239 ], [ 35.2041385, 31.8706199 ], [ 35.2041425, 31.8705048 ], [ 35.2041476, 31.8703959 ], [ 35.2042465, 31.8701929 ], [ 35.2043356, 31.8700609 ], [ 35.2044386, 31.8699819 ], [ 35.2045366, 31.8699049 ], [ 35.2046446, 31.8697969 ], [ 35.2047475, 31.8696939 ], [ 35.2049536, 31.8694419 ], [ 35.2049765, 31.8693749 ], [ 35.2049946, 31.869326 ], [ 35.2050105, 31.8691179 ], [ 35.2050016, 31.8688919 ], [ 35.2050286, 31.8687519 ], [ 35.2050816, 31.8685189 ], [ 35.2051286, 31.8683979 ], [ 35.2051756, 31.8683128 ], [ 35.2052306, 31.8682169 ], [ 35.2052675, 31.8681559 ], [ 35.2053116, 31.8680779 ], [ 35.2053715, 31.8679309 ], [ 35.2053925, 31.8678329 ], [ 35.2054056, 31.8677499 ], [ 35.2054266, 31.8677179 ], [ 35.2055416, 31.8674879 ], [ 35.2055815, 31.8673439 ], [ 35.2056126, 31.8672309 ], [ 35.2056365, 31.8670859 ], [ 35.2056446, 31.8670029 ], [ 35.2056726, 31.8669148 ], [ 35.2057045, 31.8668479 ], [ 35.2057235, 31.8667699 ], [ 35.2057646, 31.8666649 ], [ 35.2058496, 31.8664978 ], [ 35.2058955, 31.8664059 ], [ 35.2058936, 31.8663369 ], [ 35.2058955, 31.8662049 ], [ 35.2059435, 31.8661239 ], [ 35.2060956, 31.8659949 ], [ 35.2061586, 31.8659179 ], [ 35.2062215, 31.8658289 ], [ 35.2063315, 31.865724 ], [ 35.2063865, 31.8656739 ], [ 35.2064335, 31.8656278 ], [ 35.2064466, 31.8655578 ], [ 35.2064545, 31.8655059 ], [ 35.2088926, 31.8644379 ], [ 35.2113736, 31.8629948 ], [ 35.2113425, 31.8623319 ], [ 35.2114989, 31.8596504 ], [ 35.2118465, 31.8597013 ], [ 35.2122992, 31.8597725 ] ] ] } },
{ "type": "Feature", "properties": { "CODE": 717, "SCHN_NAME": "שומרי החומות", "Shape_STAr": 37675.657867399997, "Shape_STLe": 889.75682602799998 }, "geometry": { "type": "Polygon", "coordinates": [ [ [ 35.2264683, 31.7866725 ], [ 35.2262293, 31.7867505 ], [ 35.2249391, 31.7870373 ], [ 35.2239697, 31.7872804 ], [ 35.2233594, 31.787397 ], [ 35.2232438, 31.7873033 ], [ 35.2231306, 31.7871865 ], [ 35.2233296, 31.7870644 ], [ 35.2237439, 31.7866711 ], [ 35.2238304, 31.7865573 ], [ 35.2239856, 31.786304 ], [ 35.2242058, 31.7859683 ], [ 35.2244032, 31.7856502 ], [ 35.2247236, 31.7851976 ], [ 35.2248724, 31.7849976 ], [ 35.2249257, 31.7849654 ], [ 35.2250798, 31.7849242 ], [ 35.2253533, 31.7853528 ], [ 35.2255379, 31.7856196 ], [ 35.2258407, 31.7859874 ], [ 35.2261856, 31.7863518 ], [ 35.2264683, 31.7866725 ] ] ] } },
{ "type": "Feature", "properties": { "CODE": 652, "SCHN_NAME": "שועפאט", "Shape_STAr": 1866461.93918, "Shape_STLe": 5683.28494546 }, "geometry": { "type": "Polygon", "coordinates": [ [ [ 35.2326236, 31.819493 ], [ 35.2322732, 31.8194818 ], [ 35.2314803, 31.819381 ], [ 35.2311017, 31.8193898 ], [ 35.2307182, 31.8194448 ], [ 35.2302759, 31.8196692 ], [ 35.2297547, 31.81989 ], [ 35.2284932, 31.8199239 ], [ 35.2277074, 31.8200198 ], [ 35.2265443, 31.8202655 ], [ 35.225776, 31.8205316 ], [ 35.2246133, 31.8212233 ], [ 35.2240839, 31.8216135 ], [ 35.2229936, 31.8213477 ], [ 35.2219137, 31.820807 ], [ 35.2220583, 31.8150695 ], [ 35.2224247, 31.814421 ], [ 35.2226949, 31.8135963 ], [ 35.2232761, 31.8126979 ], [ 35.2245969, 31.8112652 ], [ 35.225819, 31.8099794 ], [ 35.2269085, 31.8087553 ], [ 35.2273877, 31.8082789 ], [ 35.2277887, 31.8079963 ], [ 35.2282999, 31.8076538 ], [ 35.2287409, 31.807337 ], [ 35.2294024, 31.8067375 ], [ 35.2298346, 31.8062799 ], [ 35.2314561, 31.8060545 ], [ 35.232285, 31.8060447 ], [ 35.2335483, 31.8062708 ], [ 35.2340897, 31.8063959 ], [ 35.2343521, 31.8064511 ], [ 35.2347158, 31.8069832 ], [ 35.2350938, 31.8076525 ], [ 35.2355507, 31.8080376 ], [ 35.2357743, 31.80839 ], [ 35.2360972, 31.8088212 ], [ 35.2362687, 31.8088308 ], [ 35.2365757, 31.8088088 ], [ 35.2382134, 31.8093634 ], [ 35.2397437, 31.8100228 ], [ 35.2398512, 31.8101932 ], [ 35.239928, 31.8104291 ], [ 35.2399997, 31.8105209 ], [ 35.2404242, 31.8104664 ], [ 35.2404822, 31.810601 ], [ 35.2406923, 31.8118805 ], [ 35.2408326, 31.8128608 ], [ 35.2406719, 31.812843 ], [ 35.2398814, 31.8127727 ], [ 35.239137, 31.8128114 ], [ 35.2386795, 31.8128222 ], [ 35.2386958, 31.8132918 ], [ 35.2385715, 31.8139966 ], [ 35.2381301, 31.814791 ], [ 35.2373333, 31.8155103 ], [ 35.2360176, 31.8161592 ], [ 35.2347395, 31.8167823 ], [ 35.2343185, 31.817097 ], [ 35.2339276, 31.8175273 ], [ 35.2335292, 31.8180989 ], [ 35.2332737, 31.8186897 ], [ 35.2331903, 31.8194276 ], [ 35.2328519, 31.8194891 ], [ 35.2326236, 31.819493 ] ] ] } },
{ "type": "Feature", "properties": { "CODE": 656, "SCHN_NAME": "שייח ג'ראח", "Shape_STAr": 404147.48715200002, "Shape_STLe": 2644.8620196000002 }, "geometry": { "type": "Polygon", "coordinates": [ [ [ 35.2264373, 31.7922884 ], [ 35.2264536, 31.7916943 ], [ 35.2267156, 31.7916806 ], [ 35.2270666, 31.7916834 ], [ 35.2274638, 31.7916783 ], [ 35.2279469, 31.7916655 ], [ 35.2283233, 31.79163 ], [ 35.2286553, 31.791596 ], [ 35.2287629, 31.7915622 ], [ 35.2288575, 31.7917303 ], [ 35.2289576, 31.7917438 ], [ 35.2297398, 31.7915981 ], [ 35.2314982, 31.7912973 ], [ 35.2327351, 31.7909967 ], [ 35.233123, 31.7904683 ], [ 35.2336381, 31.7900376 ], [ 35.2337989, 31.789883 ], [ 35.2339597, 31.790278 ], [ 35.234039, 31.7910206 ], [ 35.2344133, 31.7916461 ], [ 35.2347086, 31.7921906 ], [ 35.2348648, 31.7927052 ], [ 35.2350231, 31.7931841 ], [ 35.2349811, 31.7936278 ], [ 35.2348229, 31.7941102 ], [ 35.2347293, 31.7943243 ], [ 35.2346008, 31.7945875 ], [ 35.2345374, 31.7947688 ], [ 35.2345125, 31.794996 ], [ 35.2344588, 31.7952591 ], [ 35.2339886, 31.7954786 ], [ 35.2332496, 31.7958838 ], [ 35.2325081, 31.796361 ], [ 35.2318443, 31.7968067 ], [ 35.2310961, 31.7973379 ], [ 35.2307876, 31.7975631 ], [ 35.2307265, 31.7975129 ], [ 35.2300361, 31.7969465 ], [ 35.2294739, 31.7964345 ], [ 35.2286025, 31.7957306 ], [ 35.22745, 31.7947547 ], [ 35.2270402, 31.7943774 ], [ 35.2268188, 31.7940163 ], [ 35.2265855, 31.793564 ], [ 35.2264889, 31.7930782 ], [ 35.2264373, 31.7922884 ] ] ] } },
{ "type": "Feature", "properties": { "CODE": 738, "SCHN_NAME": "שכונת החבשים", "Shape_STAr": 143085.25294499999, "Shape_STLe": 1615.9172498 }, "geometry": { "type": "Polygon", "coordinates": [ [ [ 35.2189745, 31.7858994 ], [ 35.2188141, 31.7850477 ], [ 35.2186404, 31.7843913 ], [ 35.2207455, 31.7839036 ], [ 35.2218186, 31.7835849 ], [ 35.2220278, 31.7836393 ], [ 35.2224734, 31.7837946 ], [ 35.2234847, 31.7839207 ], [ 35.22394, 31.7839818 ], [ 35.2244925, 31.7839905 ], [ 35.2247773, 31.7840083 ], [ 35.2247833, 31.7842716 ], [ 35.2250798, 31.7849242 ], [ 35.2249257, 31.7849654 ], [ 35.2248724, 31.7849976 ], [ 35.2247236, 31.7851976 ], [ 35.2244032, 31.7856502 ], [ 35.2242172, 31.7856155 ], [ 35.2238569, 31.7855464 ], [ 35.223449, 31.7854801 ], [ 35.2233827, 31.7855039 ], [ 35.2233358, 31.7855511 ], [ 35.2233173, 31.7856571 ], [ 35.2232118, 31.7857387 ], [ 35.2226403, 31.7860666 ], [ 35.2222481, 31.7862929 ], [ 35.2218828, 31.7864962 ], [ 35.2216381, 31.7866323 ], [ 35.2214654, 31.7867655 ], [ 35.2211604, 31.7869688 ], [ 35.2210202, 31.7870511 ], [ 35.2209926, 31.7870266 ], [ 35.2203904, 31.7867299 ], [ 35.2197644, 31.7864202 ], [ 35.2192917, 31.7861843 ], [ 35.2191882, 31.7861607 ], [ 35.2189846, 31.7861469 ], [ 35.2189745, 31.7858994 ] ] ] } },
{ "type": "Feature", "properties": { "CODE": 672, "SCHN_NAME": "שמואל הנביא", "Shape_STAr": 120939.536118, "Shape_STLe": 1550.16384098 }, "geometry": { "type": "Polygon", "coordinates": [ [ [ 35.2236614, 31.794157 ], [ 35.2244461, 31.7939785 ], [ 35.2252105, 31.7955626 ], [ 35.2251995, 31.7956519 ], [ 35.2250854, 31.7957031 ], [ 35.22471, 31.7958281 ], [ 35.2242713, 31.7959395 ], [ 35.2241576, 31.7960502 ], [ 35.2240857, 31.7962467 ], [ 35.2240146, 31.796483 ], [ 35.2239553, 31.7968037 ], [ 35.2237933, 31.7972055 ], [ 35.2235932, 31.7975206 ], [ 35.2233877, 31.7977186 ], [ 35.2229473, 31.7980264 ], [ 35.2227, 31.797618 ], [ 35.2225202, 31.7973036 ], [ 35.2223124, 31.7969402 ], [ 35.2220751, 31.7965284 ], [ 35.221921, 31.7964002 ], [ 35.2217194, 31.7963226 ], [ 35.2211305, 31.796191 ], [ 35.220838, 31.7961101 ], [ 35.2201187, 31.7957996 ], [ 35.2199007, 31.7957013 ], [ 35.2203409, 31.7951411 ], [ 35.2212588, 31.7941329 ], [ 35.2217083, 31.7936928 ], [ 35.2218143, 31.7936242 ], [ 35.2219422, 31.7937946 ], [ 35.2223311, 31.7940611 ], [ 35.2226381, 31.7941922 ], [ 35.2231702, 31.7942401 ], [ 35.2236614, 31.794157 ] ] ] } },
{ "type": "Feature", "properties": { "CODE": 737, "SCHN_NAME": "שמעון הצדיק", "Shape_STAr": 64593.560836800003, "Shape_STLe": 1420.9859115500001 }, "geometry": { "type": "Polygon", "coordinates": [ [ [ 35.2235429, 31.7922669 ], [ 35.2240147, 31.7917013 ], [ 35.2243398, 31.7912293 ], [ 35.2248375, 31.7903468 ], [ 35.225018, 31.7899693 ], [ 35.2252172, 31.7896806 ], [ 35.2253709, 31.7893752 ], [ 35.225687, 31.7888936 ], [ 35.2260978, 31.7882589 ], [ 35.2265719, 31.7875883 ], [ 35.2266849, 31.7873889 ], [ 35.2268842, 31.7874215 ], [ 35.2267264, 31.7882148 ], [ 35.226604, 31.788765 ], [ 35.2264743, 31.7912701 ], [ 35.2262134, 31.7913925 ], [ 35.2258706, 31.7915106 ], [ 35.2255381, 31.7914844 ], [ 35.2251237, 31.7917073 ], [ 35.224868, 31.7923017 ], [ 35.2246429, 31.7924372 ], [ 35.2241058, 31.7925727 ], [ 35.2239881, 31.7925159 ], [ 35.2235429, 31.7922669 ] ] ] } },
{ "type": "Feature", "properties": { "CODE": 718, "SCHN_NAME": "תל ארזה, עזרת", "Shape_STAr": 400829.66069, "Shape_STLe": 2742.14189287 }, "geometry": { "type": "Polygon", "coordinates": [ [ [ 35.2121218, 31.7922688 ], [ 35.2124933, 31.7923532 ], [ 35.2130703, 31.7925928 ], [ 35.2133916, 31.7927992 ], [ 35.2138343, 31.7930932 ], [ 35.2140655, 31.7932257 ], [ 35.2143542, 31.7933452 ], [ 35.2148608, 31.7935316 ], [ 35.2151745, 31.7936397 ], [ 35.2163356, 31.7940231 ], [ 35.2168907, 31.7942151 ], [ 35.2172209, 31.7943231 ], [ 35.2177971, 31.794617 ], [ 35.2182538, 31.794881 ], [ 35.2187667, 31.795145 ], [ 35.2195256, 31.795535 ], [ 35.2199007, 31.7957013 ], [ 35.2193772, 31.7962614 ], [ 35.2189168, 31.7967465 ], [ 35.2181904, 31.7974545 ], [ 35.2178449, 31.7977656 ], [ 35.2176941, 31.7979002 ], [ 35.2170178, 31.798579 ], [ 35.2165075, 31.7991264 ], [ 35.2158974, 31.7995689 ], [ 35.2156594, 31.7996652 ], [ 35.2151068, 31.7998444 ], [ 35.2142012, 31.7999231 ], [ 35.2135821, 31.7999144 ], [ 35.2133971, 31.7998634 ], [ 35.2127967, 31.7997469 ], [ 35.211878, 31.7995839 ], [ 35.2122314, 31.7973971 ], [ 35.2127034, 31.7972668 ], [ 35.2125613, 31.7969398 ], [ 35.2124279, 31.7965026 ], [ 35.2123173, 31.7961819 ], [ 35.2121275, 31.7958984 ], [ 35.2118627, 31.795733 ], [ 35.2114952, 31.7956351 ], [ 35.2115968, 31.7951766 ], [ 35.2116916, 31.794713 ], [ 35.2118391, 31.7942765 ], [ 35.2120077, 31.7940064 ], [ 35.2121342, 31.7938264 ], [ 35.2119129, 31.7936734 ], [ 35.2117717, 31.7935055 ], [ 35.2117361, 31.7933309 ], [ 35.2117983, 31.7929188 ], [ 35.2118805, 31.7924878 ], [ 35.2119479, 31.7922284 ], [ 35.2121218, 31.7922688 ] ] ] } },
{ "type": "Feature", "properties": { "CODE": 712, "SCHN_NAME": "תלפיות - תעשי", "Shape_STAr": 873577.26870699995, "Shape_STLe": 6230.261995 }, "geometry": { "type": "Polygon", "coordinates": [ [ [ 35.2142386, 31.7423919 ], [ 35.2149817, 31.7431788 ], [ 35.2162108, 31.7444918 ], [ 35.2162257, 31.7445109 ], [ 35.2160917, 31.7445648 ], [ 35.2149801, 31.7449944 ], [ 35.2152741, 31.7458033 ], [ 35.2155843, 31.7466651 ], [ 35.2157866, 31.7471098 ], [ 35.2163854, 31.7481721 ], [ 35.2171137, 31.7493887 ], [ 35.2175615, 31.7502229 ], [ 35.2177088, 31.7504382 ], [ 35.2178829, 31.7507552 ], [ 35.2180037, 31.750985 ], [ 35.2183922, 31.7517132 ], [ 35.2187167, 31.7523353 ], [ 35.2185314, 31.7524035 ], [ 35.2180578, 31.7525448 ], [ 35.2177994, 31.7526259 ], [ 35.2173635, 31.752793 ], [ 35.2169832, 31.7529405 ], [ 35.216799, 31.7529866 ], [ 35.216968, 31.7534076 ], [ 35.2171767, 31.7539637 ], [ 35.2173082, 31.754301 ], [ 35.2174069, 31.754572 ], [ 35.2174896, 31.7548669 ], [ 35.2171607, 31.7549404 ], [ 35.2165098, 31.7550357 ], [ 35.2160675, 31.7550542 ], [ 35.2154943, 31.7550755 ], [ 35.2148437, 31.7551157 ], [ 35.2144626, 31.7551526 ], [ 35.213289, 31.7553253 ], [ 35.2131691, 31.7547436 ], [ 35.2128766, 31.7547108 ], [ 35.2125171, 31.7547559 ], [ 35.212354, 31.7547723 ], [ 35.2122102, 31.7546945 ], [ 35.2121766, 31.7545634 ], [ 35.2122485, 31.7542807 ], [ 35.2122437, 31.7540144 ], [ 35.2121417, 31.753704 ], [ 35.2122226, 31.7536867 ], [ 35.2121052, 31.7533238 ], [ 35.2120486, 31.7533273 ], [ 35.2120122, 31.7532409 ], [ 35.2118995, 31.7529155 ], [ 35.2116112, 31.7529583 ], [ 35.2114686, 31.7525565 ], [ 35.2125433, 31.7523067 ], [ 35.2131873, 31.7521796 ], [ 35.2137475, 31.752081 ], [ 35.2138689, 31.7520655 ], [ 35.2137315, 31.751302 ], [ 35.2136452, 31.7509046 ], [ 35.2127294, 31.7507859 ], [ 35.211363, 31.7506303 ], [ 35.2107733, 31.7506867 ], [ 35.2104409, 31.7507669 ], [ 35.2100063, 31.751 ], [ 35.2097676, 31.7512913 ], [ 35.209512, 31.7517574 ], [ 35.2092733, 31.7521725 ], [ 35.2088387, 31.7524857 ], [ 35.2084422, 31.7527156 ], [ 35.2081651, 31.7525818 ], [ 35.207863, 31.7522377 ], [ 35.2071966, 31.7514798 ], [ 35.2062089, 31.7503163 ], [ 35.2057145, 31.7498172 ], [ 35.2054536, 31.7496496 ], [ 35.2053059, 31.7495942 ], [ 35.2053905, 31.7493328 ], [ 35.2056493, 31.748751 ], [ 35.2058699, 31.7484151 ], [ 35.2062151, 31.748071 ], [ 35.2065938, 31.747862 ], [ 35.2073513, 31.7475998 ], [ 35.2088614, 31.7471205 ], [ 35.2099873, 31.7467628 ], [ 35.2111621, 31.7464039 ], [ 35.212441, 31.7459552 ], [ 35.2131949, 31.7456593 ], [ 35.2132598, 31.7455865 ], [ 35.2133112, 31.7454926 ], [ 35.2133405, 31.7453423 ], [ 35.213307, 31.7452815 ], [ 35.2132399, 31.7453029 ], [ 35.2130892, 31.7453781 ], [ 35.2126452, 31.7455285 ], [ 35.2123353, 31.7455536 ], [ 35.2122138, 31.7455607 ], [ 35.21182, 31.7445299 ], [ 35.2116608, 31.7443975 ], [ 35.2111749, 31.7439537 ], [ 35.211288, 31.7437282 ], [ 35.2114015, 31.7434898 ], [ 35.2115004, 31.74329 ], [ 35.2117875, 31.7429416 ], [ 35.2118992, 31.7429454 ], [ 35.2119922, 31.7430213 ], [ 35.2122167, 31.7429668 ], [ 35.2130879, 31.742868 ], [ 35.2131683, 31.7428494 ], [ 35.2132152, 31.7427935 ], [ 35.2132554, 31.7426862 ], [ 35.2132721, 31.7425702 ], [ 35.2132727, 31.7424246 ], [ 35.2132014, 31.7422505 ], [ 35.2131079, 31.7419248 ], [ 35.2129249, 31.7412924 ], [ 35.2128858, 31.7411266 ], [ 35.2128502, 31.7410542 ], [ 35.2127722, 31.740906 ], [ 35.212681, 31.740691 ], [ 35.2124294, 31.7401794 ], [ 35.2129051, 31.7400774 ], [ 35.2130617, 31.7398978 ], [ 35.2138298, 31.7411879 ], [ 35.2142386, 31.7423919 ] ] ] } },
{ "type": "Feature", "properties": { "CODE": 360, "SCHN_NAME": "תלפיות מזרח", "Shape_STAr": 1414747.22263, "Shape_STLe": 6126.5765779399999 }, "geometry": { "type": "Polygon", "coordinates": [ [ [ 35.2318842, 31.7541665 ], [ 35.2316253, 31.7542608 ], [ 35.2314, 31.7542895 ], [ 35.2309829, 31.7543388 ], [ 35.2304651, 31.754384 ], [ 35.2299329, 31.7544414 ], [ 35.2293145, 31.7545194 ], [ 35.2289069, 31.7546137 ], [ 35.2286097, 31.7546998 ], [ 35.2282366, 31.7548508 ], [ 35.228114, 31.7546832 ], [ 35.2279883, 31.7543503 ], [ 35.2278709, 31.7540211 ], [ 35.2278289, 31.7535486 ], [ 35.2277471, 31.7525309 ], [ 35.2277253, 31.7523236 ], [ 35.2276917, 31.7520397 ], [ 35.2276497, 31.751646 ], [ 35.2276182, 31.7511956 ], [ 35.2276071, 31.7510476 ], [ 35.2276216, 31.7508795 ], [ 35.2276687, 31.7506202 ], [ 35.2277505, 31.7504697 ], [ 35.2278656, 31.7503053 ], [ 35.2281352, 31.7499396 ], [ 35.2288972, 31.7488488 ], [ 35.2295154, 31.7479576 ], [ 35.2297403, 31.7476984 ], [ 35.229964, 31.7475727 ], [ 35.2295409, 31.7471317 ], [ 35.2288706, 31.7466451 ], [ 35.2284348, 31.7461799 ], [ 35.2280913, 31.7457361 ], [ 35.2277644, 31.7452279 ], [ 35.2276135, 31.744734 ], [ 35.2275208, 31.7446328 ], [ 35.2264558, 31.7433379 ], [ 35.2252567, 31.7412014 ], [ 35.2261034, 31.7414926 ], [ 35.2267625, 31.7416964 ], [ 35.2273648, 31.7418226 ], [ 35.2286716, 31.7418612 ], [ 35.2308874, 31.7418704 ], [ 35.2319134, 31.7419161 ], [ 35.2330919, 31.7419768 ], [ 35.2337758, 31.742064 ], [ 35.2338419, 31.7422748 ], [ 35.2339331, 31.7424837 ], [ 35.2342247, 31.7428743 ], [ 35.2347107, 31.7433848 ], [ 35.235085, 31.7437641 ], [ 35.2354398, 31.7442436 ], [ 35.2355865, 31.7446504 ], [ 35.2356662, 31.7449475 ], [ 35.2357333, 31.7450441 ], [ 35.2358212, 31.7450548 ], [ 35.2359266, 31.745022 ], [ 35.2360627, 31.7448937 ], [ 35.236122, 31.7447804 ], [ 35.2362266, 31.744485 ], [ 35.236394, 31.7440376 ], [ 35.2365858, 31.7437035 ], [ 35.2368728, 31.7434418 ], [ 35.2371093, 31.7432471 ], [ 35.2373457, 31.7431105 ], [ 35.2376333, 31.7430012 ], [ 35.2379889, 31.7429728 ], [ 35.2383098, 31.7429865 ], [ 35.2386334, 31.7430302 ], [ 35.2388923, 31.7431269 ], [ 35.2392031, 31.7433614 ], [ 35.2393422, 31.7435662 ], [ 35.2394525, 31.7438857 ], [ 35.2394479, 31.7441847 ], [ 35.2393186, 31.7447706 ], [ 35.2392612, 31.7450656 ], [ 35.2392709, 31.7453155 ], [ 35.2393381, 31.745508 ], [ 35.2394436, 31.7456759 ], [ 35.239642, 31.74585 ], [ 35.2399405, 31.7460066 ], [ 35.2401095, 31.7461448 ], [ 35.2401959, 31.7462339 ], [ 35.2402319, 31.7463322 ], [ 35.2402499, 31.7464858 ], [ 35.2401601, 31.7466733 ], [ 35.2400595, 31.7468085 ], [ 35.2398366, 31.7470329 ], [ 35.2395347, 31.7473986 ], [ 35.2391322, 31.7479333 ], [ 35.2388339, 31.7482744 ], [ 35.2385967, 31.7485633 ], [ 35.2384422, 31.7487293 ], [ 35.23832, 31.7489075 ], [ 35.2382517, 31.7490735 ], [ 35.2382086, 31.7492302 ], [ 35.2382159, 31.7494422 ], [ 35.2382771, 31.7495804 ], [ 35.2383922, 31.7496787 ], [ 35.2386084, 31.749762 ], [ 35.2390939, 31.7499001 ], [ 35.2396081, 31.7500659 ], [ 35.2400792, 31.7502716 ], [ 35.2404101, 31.750419 ], [ 35.2406594, 31.7504889 ], [ 35.2409519, 31.7504929 ], [ 35.2412491, 31.7504724 ], [ 35.2415607, 31.7504313 ], [ 35.2417838, 31.7504656 ], [ 35.2419169, 31.7506622 ], [ 35.2422587, 31.7511875 ], [ 35.2424278, 31.7514456 ], [ 35.242471, 31.7516637 ], [ 35.2422396, 31.7517561 ], [ 35.2420106, 31.7518288 ], [ 35.2411883, 31.7522576 ], [ 35.2406814, 31.7525481 ], [ 35.2404091, 31.7527026 ], [ 35.2401745, 31.7528179 ], [ 35.2399588, 31.7528848 ], [ 35.2397754, 31.7529286 ], [ 35.239557, 31.7529724 ], [ 35.2390176, 31.7529841 ], [ 35.2383353, 31.7529843 ], [ 35.2380656, 31.7530097 ], [ 35.2378876, 31.7530443 ], [ 35.2374616, 31.7531758 ], [ 35.2370975, 31.7533441 ], [ 35.2367092, 31.7535286 ], [ 35.2363129, 31.7536877 ], [ 35.2361295, 31.7537453 ], [ 35.2359057, 31.7537938 ], [ 35.2355632, 31.75381 ], [ 35.2351343, 31.7537824 ], [ 35.2346759, 31.7537572 ], [ 35.2343037, 31.7537458 ], [ 35.2340016, 31.7537666 ], [ 35.2337535, 31.7537989 ], [ 35.2332951, 31.7539396 ], [ 35.2330012, 31.7540779 ], [ 35.2327558, 31.7541609 ], [ 35.2326183, 31.7541909 ], [ 35.2324457, 31.7541771 ], [ 35.2322569, 31.7541311 ], [ 35.2321143, 31.7541173 ], [ 35.2318842, 31.7541665 ] ] ] } },
{ "type": "Feature", "properties": { "CODE": 524, "SCHN_NAME": "ענתות - ענאתא", "Shape_STAr": 1016440.3423, "Shape_STLe": 7379.0966840399997 }, "geometry": { "type": "Polygon", "coordinates": [ [ [ 35.2479429, 31.8136351 ], [ 35.2476916, 31.8140886 ], [ 35.2476191, 31.8144131 ], [ 35.2474516, 31.8146804 ], [ 35.247122, 31.8150671 ], [ 35.246664, 31.8156351 ], [ 35.2465165, 31.8158057 ], [ 35.2462987, 31.8160396 ], [ 35.2460137, 31.816221 ], [ 35.245589, 31.816393 ], [ 35.2452314, 31.8164885 ], [ 35.2447675, 31.8164935 ], [ 35.2442757, 31.8163982 ], [ 35.2439403, 31.8162647 ], [ 35.2436108, 31.8160547 ], [ 35.2433676, 31.8158328 ], [ 35.2431411, 31.8155251 ], [ 35.2430005, 31.8151869 ], [ 35.2427321, 31.8148864 ], [ 35.2423632, 31.8147361 ], [ 35.2420279, 31.8146861 ], [ 35.2417177, 31.8146862 ], [ 35.2414829, 31.8145932 ], [ 35.2412314, 31.8144296 ], [ 35.2410846, 31.8142208 ], [ 35.2409657, 31.8138092 ], [ 35.2409025, 31.8131829 ], [ 35.2408326, 31.8128608 ], [ 35.2406923, 31.8118805 ], [ 35.2404822, 31.810601 ], [ 35.2404242, 31.8104664 ], [ 35.2402073, 31.8083107 ], [ 35.2409925, 31.808162 ], [ 35.2416249, 31.8080223 ], [ 35.2422414, 31.8077836 ], [ 35.2435056, 31.8075748 ], [ 35.2441388, 31.8073944 ], [ 35.2448424, 31.8073723 ], [ 35.2454692, 31.8073776 ], [ 35.2457698, 31.8073447 ], [ 35.2461216, 31.8072135 ], [ 35.2464581, 31.8070126 ], [ 35.2467163, 31.8069511 ], [ 35.2471341, 31.8069898 ], [ 35.2474028, 31.8070799 ], [ 35.2476572, 31.807469 ], [ 35.2478396, 31.8077311 ], [ 35.2478869, 31.8077624 ], [ 35.2481179, 31.8079153 ], [ 35.2485017, 31.8079152 ], [ 35.2487607, 31.8077799 ], [ 35.2489378, 31.8075206 ], [ 35.2490825, 31.8069525 ], [ 35.249236, 31.8067558 ], [ 35.2496282, 31.80661 ], [ 35.2502678, 31.8066244 ], [ 35.2506516, 31.8066679 ], [ 35.2510097, 31.8064712 ], [ 35.2512257, 31.8057956 ], [ 35.251494, 31.8051729 ], [ 35.2518265, 31.8049215 ], [ 35.2523637, 31.8047683 ], [ 35.2530224, 31.8047517 ], [ 35.2536365, 31.8048225 ], [ 35.2550439, 31.805248 ], [ 35.2554917, 31.8053133 ], [ 35.2560481, 31.8052585 ], [ 35.2565149, 31.8050999 ], [ 35.2569625, 31.8048102 ], [ 35.257018, 31.8047596 ], [ 35.2570914, 31.8049846 ], [ 35.2571723, 31.8078127 ], [ 35.2573524, 31.8095036 ], [ 35.2573134, 31.8101997 ], [ 35.2570143, 31.8109386 ], [ 35.2569021, 31.8110293 ], [ 35.2565473, 31.8113216 ], [ 35.2563784, 31.8113046 ], [ 35.2562377, 31.8116388 ], [ 35.2555028, 31.8115099 ], [ 35.2545527, 31.8115043 ], [ 35.2540614, 31.8115093 ], [ 35.2534467, 31.8115811 ], [ 35.253117, 31.8116576 ], [ 35.2528488, 31.8116672 ], [ 35.2521557, 31.8116198 ], [ 35.2516975, 31.8115913 ], [ 35.251418, 31.8115771 ], [ 35.2512225, 31.8116392 ], [ 35.2508929, 31.8118875 ], [ 35.2505875, 31.8121278 ], [ 35.2504124, 31.8122122 ], [ 35.2501386, 31.8123459 ], [ 35.2499039, 31.8124462 ], [ 35.2497531, 31.812556 ], [ 35.2494626, 31.8127852 ], [ 35.2492065, 31.812945 ], [ 35.2488592, 31.813086 ], [ 35.2484792, 31.8132341 ], [ 35.2482445, 31.8133678 ], [ 35.2479429, 31.8136351 ] ], [ [ 35.2453502, 31.813276 ], [ 35.2456163, 31.8133208 ], [ 35.2460142, 31.8133908 ], [ 35.2462606, 31.8134019 ], [ 35.2463397, 31.8135413 ], [ 35.2467881, 31.8135769 ], [ 35.2472907, 31.8136146 ], [ 35.2473695, 31.813602 ], [ 35.2473422, 31.8131686 ], [ 35.2474333, 31.813116 ], [ 35.2474332, 31.812832 ], [ 35.2483052, 31.8124782 ], [ 35.2489709, 31.8121866 ], [ 35.2497198, 31.8118909 ], [ 35.2496759, 31.8116814 ], [ 35.2499824, 31.8115317 ], [ 35.2501269, 31.8114606 ], [ 35.250153, 31.811139 ], [ 35.250249, 31.8104096 ], [ 35.2510188, 31.8105228 ], [ 35.2512724, 31.8097411 ], [ 35.2507205, 31.8095206 ], [ 35.2501816, 31.809274 ], [ 35.2497086, 31.8091545 ], [ 35.2485743, 31.809211 ], [ 35.2478516, 31.8091252 ], [ 35.2472296, 31.8090169 ], [ 35.246669, 31.808961 ], [ 35.2465814, 31.808952 ], [ 35.2465593, 31.8097809 ], [ 35.2465325, 31.8104037 ], [ 35.2464833, 31.8106267 ], [ 35.2462574, 31.8105848 ], [ 35.2460964, 31.8105961 ], [ 35.2460572, 31.8111178 ], [ 35.2452623, 31.8110956 ], [ 35.2449272, 31.8111013 ], [ 35.2447728, 31.8110565 ], [ 35.2446118, 31.8108209 ], [ 35.2444507, 31.8105265 ], [ 35.2443083, 31.8104053 ], [ 35.2442054, 31.8104972 ], [ 35.2441932, 31.8106971 ], [ 35.2443116, 31.8118991 ], [ 35.2443938, 31.8121683 ], [ 35.24443, 31.8123478 ], [ 35.2445089, 31.8125021 ], [ 35.2445575, 31.8126539 ], [ 35.2447997, 31.8131459 ], [ 35.2448673, 31.8131836 ], [ 35.2450019, 31.8131807 ], [ 35.2453502, 31.813276 ] ] ] } }
]
}
