{
  "type": "FeatureCollection",
  "features": [
    {
      "type": "Feature",
      "properties": {
        "CODE": 60,
        "SCHN_NAME": "בית וגן",
        "Shape_STAr": 1326163.25942,
        "Shape_STLe": 5987.77332243
      },
      "geometry": {
        "type": "Polygon",
        "coordinates": [
          [
            [
              35.1931525,
              31.7642897
            ],
            [
              35.1931398,
              31.7648797
            ],
            [
              35.1932708,
              31.7654958
            ],
            [
              35.1935423,
              31.7661199
            ],
            [
              35.1939759,
              31.7669535
            ],
            [
              35.1929738,
              31.7672655
            ],
            [
              35.1918874,
              31.7675374
            ],
            [
              35.1910351,
              31.7679694
            ],
            [
              35.1903795,
              31.7685614
            ],
            [
              35.1900703,
              31.7690174
            ],
            [
              35.1895698,
              31.7703625
            ],
            [
              35.1894038,
              31.7708114
            ],
            [
              35.1891469,
              31.7712603
            ],
            [
              35.1887043,
              31.7718341
            ],
            [
              35.187823,
              31.7726238
            ],
            [
              35.1873109,
              31.7731341
            ],
            [
              35.1869694,
              31.7734743
            ],
            [
              35.1863348,
              31.7740681
            ],
            [
              35.185853,
              31.7745258
            ],
            [
              35.1850872,
              31.7752938
            ],
            [
              35.184778,
              31.7756238
            ],
            [
              35.1844874,
              31.7758228
            ],
            [
              35.1841731,
              31.7759873
            ],
            [
              35.1839006,
              31.7754337
            ],
            [
              35.1836105,
              31.7749108
            ],
            [
              35.1833137,
              31.774414
            ],
            [
              35.1831284,
              31.7741148
            ],
            [
              35.1829645,
              31.7738626
            ],
            [
              35.1824776,
              31.7731584
            ],
            [
              35.1821874,
              31.7725663
            ],
            [
              35.181901,
              31.7719366
            ],
            [
              35.1818777,
              31.7718561
            ],
            [
              35.1818216,
              31.7716619
            ],
            [
              35.1811441,
              31.7701017
            ],
            [
              35.1810997,
              31.769516
            ],
            [
              35.1812839,
              31.7692757
            ],
            [
              35.181591,
              31.7686203
            ],
            [
              35.1817292,
              31.768227
            ],
            [
              35.1818367,
              31.7678425
            ],
            [
              35.1822971,
              31.7674755
            ],
            [
              35.1824659,
              31.7672789
            ],
            [
              35.1814738,
              31.7666713
            ],
            [
              35.1814906,
              31.7658873
            ],
            [
              35.1820314,
              31.7658034
            ],
            [
              35.1821081,
              31.7657707
            ],
            [
              35.1821325,
              31.7657349
            ],
            [
              35.1821699,
              31.7655784
            ],
            [
              35.1821954,
              31.7653591
            ],
            [
              35.1821711,
              31.765034
            ],
            [
              35.1821417,
              31.764927
            ],
            [
              35.1824295,
              31.7648853
            ],
            [
              35.1824658,
              31.764683
            ],
            [
              35.1823664,
              31.7642541
            ],
            [
              35.1823455,
              31.7641645
            ],
            [
              35.1823257,
              31.7640666
            ],
            [
              35.1823534,
              31.7639653
            ],
            [
              35.1827277,
              31.7639749
            ],
            [
              35.1830411,
              31.7639711
            ],
            [
              35.18331,
              31.7639465
            ],
            [
              35.1836909,
              31.763906
            ],
            [
              35.1840148,
              31.7639022
            ],
            [
              35.1839842,
              31.763455
            ],
            [
              35.183929,
              31.7631514
            ],
            [
              35.1839308,
              31.7624514
            ],
            [
              35.1838924,
              31.7620677
            ],
            [
              35.1838917,
              31.7617902
            ],
            [
              35.1840279,
              31.7615817
            ],
            [
              35.1841173,
              31.7614696
            ],
            [
              35.1843519,
              31.7613575
            ],
            [
              35.1845516,
              31.7612585
            ],
            [
              35.184634,
              31.761212
            ],
            [
              35.1846871,
              31.7611702
            ],
            [
              35.1846997,
              31.761107
            ],
            [
              35.184676,
              31.7610259
            ],
            [
              35.1846285,
              31.7609746
            ],
            [
              35.1845545,
              31.7608898
            ],
            [
              35.1844456,
              31.7607765
            ],
            [
              35.1843354,
              31.760508
            ],
            [
              35.1841511,
              31.7601549
            ],
            [
              35.1841372,
              31.7600964
            ],
            [
              35.1842643,
              31.7595404
            ],
            [
              35.1848287,
              31.7593241
            ],
            [
              35.1851888,
              31.7602858
            ],
            [
              35.1852949,
              31.7606429
            ],
            [
              35.1854297,
              31.7611108
            ],
            [
              35.1856573,
              31.7610655
            ],
            [
              35.1858433,
              31.7610103
            ],
            [
              35.1860176,
              31.7609641
            ],
            [
              35.1862173,
              31.7609105
            ],
            [
              35.1863416,
              31.7608592
            ],
            [
              35.1865078,
              31.7607912
            ],
            [
              35.1867117,
              31.7607173
            ],
            [
              35.1868695,
              31.7607591
            ],
            [
              35.1870733,
              31.7607794
            ],
            [
              35.1874026,
              31.7608346
            ],
            [
              35.1875976,
              31.7608762
            ],
            [
              35.1877608,
              31.7609337
            ],
            [
              35.187924,
              31.7610462
            ],
            [
              35.188082,
              31.7612353
            ],
            [
              35.1881979,
              31.7614783
            ],
            [
              35.1883348,
              31.7616943
            ],
            [
              35.1894327,
              31.7612279
            ],
            [
              35.1896081,
              31.7611667
            ],
            [
              35.1897338,
              31.7611787
            ],
            [
              35.1899824,
              31.7611942
            ],
            [
              35.1904292,
              31.761168
            ],
            [
              35.1904879,
              31.7609318
            ],
            [
              35.1905138,
              31.7604364
            ],
            [
              35.1904954,
              31.7602804
            ],
            [
              35.1904317,
              31.7600986
            ],
            [
              35.1903195,
              31.7599296
            ],
            [
              35.1901637,
              31.7595874
            ],
            [
              35.1900749,
              31.7593986
            ],
            [
              35.1901846,
              31.7593852
            ],
            [
              35.1903278,
              31.7593643
            ],
            [
              35.1905791,
              31.759427
            ],
            [
              35.1908968,
              31.7595642
            ],
            [
              35.1911411,
              31.7596179
            ],
            [
              35.1913436,
              31.7595464
            ],
            [
              35.1914833,
              31.7593495
            ],
            [
              35.1916858,
              31.7591438
            ],
            [
              35.1917696,
              31.7590811
            ],
            [
              35.1922547,
              31.759454
            ],
            [
              35.1923281,
              31.759451
            ],
            [
              35.1928692,
              31.7591797
            ],
            [
              35.1932148,
              31.7590842
            ],
            [
              35.1936646,
              31.7590787
            ],
            [
              35.1939969,
              31.7601275
            ],
            [
              35.1940096,
              31.7605863
            ],
            [
              35.1939584,
              31.7613674
            ],
            [
              35.1937537,
              31.7620393
            ],
            [
              35.1935491,
              31.7626347
            ],
            [
              35.1932421,
              31.7635687
            ],
            [
              35.1931525,
              31.7642897
            ]
          ]
        ]
      }
    },
    {
      "type": "Feature",
      "properties": {
        "CODE": 72,
        "SCHN_NAME": "בית ישראל",
        "Shape_STAr": 212959.003616,
        "Shape_STLe": 2003.27639526
      },
      "geometry": {
        "type": "Polygon",
        "coordinates": [
          [
            [
              35.2265719,
              31.7875883
            ],
            [
              35.2260978,
              31.7882589
            ],
            [
              35.225687,
              31.7888936
            ],
            [
              35.2253709,
              31.7893752
            ],
            [
              35.2252172,
              31.7896806
            ],
            [
              35.225018,
              31.7899693
            ],
            [
              35.2248375,
              31.7903468
            ],
            [
              35.2243398,
              31.7912293
            ],
            [
              35.2240147,
              31.7917013
            ],
            [
              35.2235429,
              31.7922669
            ],
            [
              35.2232546,
              31.7925581
            ],
            [
              35.223107,
              31.792657
            ],
            [
              35.2228355,
              31.7924466
            ],
            [
              35.2226725,
              31.7923024
            ],
            [
              35.2224144,
              31.7920124
            ],
            [
              35.222197,
              31.7918165
            ],
            [
              35.2221594,
              31.7917294
            ],
            [
              35.2220379,
              31.7915936
            ],
            [
              35.2220076,
              31.7915179
            ],
            [
              35.2218108,
              31.7912669
            ],
            [
              35.2216846,
              31.7911311
            ],
            [
              35.2215777,
              31.7909974
            ],
            [
              35.2213367,
              31.7907034
            ],
            [
              35.2212705,
              31.7906573
            ],
            [
              35.221251,
              31.7905453
            ],
            [
              35.2211668,
              31.7904286
            ],
            [
              35.2207117,
              31.7898587
            ],
            [
              35.2203762,
              31.7894271
            ],
            [
              35.2208096,
              31.789184
            ],
            [
              35.2210185,
              31.7890416
            ],
            [
              35.2210697,
              31.7889675
            ],
            [
              35.2210348,
              31.7888942
            ],
            [
              35.2208258,
              31.7887309
            ],
            [
              35.2207013,
              31.7886346
            ],
            [
              35.2206685,
              31.7885925
            ],
            [
              35.2206751,
              31.7885413
            ],
            [
              35.220764,
              31.7882546
            ],
            [
              35.2207862,
              31.788097
            ],
            [
              35.2207568,
              31.7879772
            ],
            [
              35.2208685,
              31.7879059
            ],
            [
              35.2211436,
              31.787783
            ],
            [
              35.2213339,
              31.7877087
            ],
            [
              35.2215267,
              31.7876503
            ],
            [
              35.2216886,
              31.7876253
            ],
            [
              35.2219621,
              31.7875769
            ],
            [
              35.2220988,
              31.7875626
            ],
            [
              35.2222755,
              31.7875099
            ],
            [
              35.2225422,
              31.7874159
            ],
            [
              35.2228889,
              31.7872848
            ],
            [
              35.2231306,
              31.7871865
            ],
            [
              35.2232438,
              31.7873033
            ],
            [
              35.2233594,
              31.787397
            ],
            [
              35.2239697,
              31.7872804
            ],
            [
              35.2249391,
              31.7870373
            ],
            [
              35.2262293,
              31.7867505
            ],
            [
              35.2264683,
              31.7866725
            ],
            [
              35.2265858,
              31.786813
            ],
            [
              35.2266955,
              31.7869319
            ],
            [
              35.2267411,
              31.7870876
            ],
            [
              35.2266849,
              31.7873889
            ],
            [
              35.2265719,
              31.7875883
            ]
          ]
        ]
      }
    },
    {
      "type": "Feature",
      "properties": {
        "CODE": 92,
        "SCHN_NAME": "גאולה",
        "Shape_STAr": 97299.9924774,
        "Shape_STLe": 1686.22987844
      },
      "geometry": {
        "type": "Polygon",
        "coordinates": [
          [
            [
              35.2207117,
              31.7898587
            ],
            [
              35.2201691,
              31.7901873
            ],
            [
              35.2195895,
              31.7905249
            ],
            [
              35.2194491,
              31.7906043
            ],
            [
              35.219315,
              31.7904075
            ],
            [
              35.2190243,
              31.7900568
            ],
            [
              35.2187318,
              31.7897699
            ],
            [
              35.218554,
              31.7899016
            ],
            [
              35.2182446,
              31.7900979
            ],
            [
              35.2181193,
              31.7900232
            ],
            [
              35.2179876,
              31.7899298
            ],
            [
              35.2179224,
              31.7897931
            ],
            [
              35.2177475,
              31.7894817
            ],
            [
              35.2174741,
              31.7890415
            ],
            [
              35.217306,
              31.7887069
            ],
            [
              35.2171684,
              31.7887265
            ],
            [
              35.2168678,
              31.7888065
            ],
            [
              35.2164254,
              31.788919
            ],
            [
              35.2160822,
              31.7890038
            ],
            [
              35.215695,
              31.7877851
            ],
            [
              35.2156733,
              31.7877183
            ],
            [
              35.2157206,
              31.7876452
            ],
            [
              35.2158792,
              31.787584
            ],
            [
              35.2163345,
              31.787549
            ],
            [
              35.2167489,
              31.7875053
            ],
            [
              35.2168102,
              31.7874529
            ],
            [
              35.2167829,
              31.7872004
            ],
            [
              35.2173065,
              31.7871583
            ],
            [
              35.2179549,
              31.7870533
            ],
            [
              35.2181737,
              31.7875514
            ],
            [
              35.2183384,
              31.7879806
            ],
            [
              35.2184695,
              31.7879654
            ],
            [
              35.2184615,
              31.7882724
            ],
            [
              35.2184461,
              31.7883842
            ],
            [
              35.2186224,
              31.7883417
            ],
            [
              35.2190011,
              31.7882701
            ],
            [
              35.2193407,
              31.788216
            ],
            [
              35.2197986,
              31.7881173
            ],
            [
              35.2201802,
              31.788039
            ],
            [
              35.2205454,
              31.7880249
            ],
            [
              35.2207568,
              31.7879772
            ],
            [
              35.2207862,
              31.788097
            ],
            [
              35.220764,
              31.7882546
            ],
            [
              35.2206751,
              31.7885413
            ],
            [
              35.2206685,
              31.7885925
            ],
            [
              35.2207013,
              31.7886346
            ],
            [
              35.2208258,
              31.7887309
            ],
            [
              35.2210348,
              31.7888942
            ],
            [
              35.2210697,
              31.7889675
            ],
            [
              35.2210185,
              31.7890416
            ],
            [
              35.2208096,
              31.789184
            ],
            [
              35.2203762,
              31.7894271
            ],
            [
              35.2207117,
              31.7898587
            ]
          ]
        ]
      }
    },
    {
      "type": "Feature",
      "properties": {
        "CODE": 140,
        "SCHN_NAME": "גבעת שאול",
        "Shape_STAr": 381699.222244,
        "Shape_STLe": 2735.59181197
      },
      "geometry": {
        "type": "Polygon",
        "coordinates": [
          [
            [
              35.1908212,
              31.7876161
            ],
            [
              35.1914113,
              31.7876055
            ],
            [
              35.1922175,
              31.787609
            ],
            [
              35.1929597,
              31.7875969
            ],
            [
              35.1943612,
              31.7876285
            ],
            [
              35.1951569,
              31.7876196
            ],
            [
              35.1953723,
              31.7882077
            ],
            [
              35.1955437,
              31.7887893
            ],
            [
              35.1952099,
              31.7890187
            ],
            [
              35.1954938,
              31.7894218
            ],
            [
              35.195275,
              31.7895398
            ],
            [
              35.1960385,
              31.7903723
            ],
            [
              35.1966486,
              31.7910016
            ],
            [
              35.1968259,
              31.791096
            ],
            [
              35.1966631,
              31.7912099
            ],
            [
              35.1963206,
              31.7915159
            ],
            [
              35.1958252,
              31.7919614
            ],
            [
              35.1951665,
              31.7927535
            ],
            [
              35.1947607,
              31.7932215
            ],
            [
              35.1945288,
              31.7933385
            ],
            [
              35.1943075,
              31.793379
            ],
            [
              35.1940287,
              31.7933302
            ],
            [
              35.1935119,
              31.7932034
            ],
            [
              35.1932326,
              31.7931854
            ],
            [
              35.1929622,
              31.7933081
            ],
            [
              35.1928163,
              31.7934374
            ],
            [
              35.1926898,
              31.7938694
            ],
            [
              35.1926159,
              31.7944545
            ],
            [
              35.1924315,
              31.794711
            ],
            [
              35.1921364,
              31.7948235
            ],
            [
              35.1916875,
              31.7948671
            ],
            [
              35.1916371,
              31.7946652
            ],
            [
              35.1914327,
              31.7941228
            ],
            [
              35.1912468,
              31.7937329
            ],
            [
              35.191006,
              31.7932671
            ],
            [
              35.1910001,
              31.7930595
            ],
            [
              35.1908253,
              31.7927304
            ],
            [
              35.1906557,
              31.7926824
            ],
            [
              35.1904097,
              31.7927103
            ],
            [
              35.1901874,
              31.7927305
            ],
            [
              35.1899918,
              31.7926824
            ],
            [
              35.1901273,
              31.7923406
            ],
            [
              35.1901853,
              31.7920976
            ],
            [
              35.1901906,
              31.7919671
            ],
            [
              35.1900905,
              31.7917825
            ],
            [
              35.1899377,
              31.7916565
            ],
            [
              35.1896585,
              31.791517
            ],
            [
              35.1891632,
              31.7912694
            ],
            [
              35.1889682,
              31.7911568
            ],
            [
              35.1887891,
              31.7909318
            ],
            [
              35.1887312,
              31.7906843
            ],
            [
              35.1887576,
              31.7904592
            ],
            [
              35.1890633,
              31.7897707
            ],
            [
              35.1894674,
              31.7890506
            ],
            [
              35.189725,
              31.7886694
            ],
            [
              35.1897636,
              31.788477
            ],
            [
              35.1897577,
              31.7882719
            ],
            [
              35.1895537,
              31.7879124
            ],
            [
              35.1894578,
              31.7876666
            ],
            [
              35.1895921,
              31.7875956
            ],
            [
              35.1903659,
              31.7876175
            ],
            [
              35.1908212,
              31.7876161
            ]
          ]
        ]
      }
    },
    {
      "type": "Feature",
      "properties": {
        "CODE": 54,
        "SCHN_NAME": "הבוכרים",
        "Shape_STAr": 241532.420044,
        "Shape_STLe": 2033.42913888
      },
      "geometry": {
        "type": "Polygon",
        "coordinates": [
          [
            [
              35.2221594,
              31.7917294
            ],
            [
              35.222197,
              31.7918165
            ],
            [
              35.2224144,
              31.7920124
            ],
            [
              35.2226725,
              31.7923024
            ],
            [
              35.2228355,
              31.7924466
            ],
            [
              35.223107,
              31.792657
            ],
            [
              35.2226925,
              31.7930171
            ],
            [
              35.2219268,
              31.7935153
            ],
            [
              35.2218143,
              31.7936242
            ],
            [
              35.2217083,
              31.7936928
            ],
            [
              35.2212588,
              31.7941329
            ],
            [
              35.2203409,
              31.7951411
            ],
            [
              35.2199007,
              31.7957013
            ],
            [
              35.2195256,
              31.795535
            ],
            [
              35.2187667,
              31.795145
            ],
            [
              35.2182538,
              31.794881
            ],
            [
              35.2177971,
              31.794617
            ],
            [
              35.2172209,
              31.7943231
            ],
            [
              35.2168907,
              31.7942151
            ],
            [
              35.2163356,
              31.7940231
            ],
            [
              35.2156609,
              31.7938068
            ],
            [
              35.2151745,
              31.7936397
            ],
            [
              35.2153471,
              31.7932444
            ],
            [
              35.2155487,
              31.7929136
            ],
            [
              35.2158055,
              31.7926908
            ],
            [
              35.2161137,
              31.7925085
            ],
            [
              35.2169656,
              31.7920103
            ],
            [
              35.2173872,
              31.7917718
            ],
            [
              35.2180668,
              31.7914027
            ],
            [
              35.2188888,
              31.790921
            ],
            [
              35.2194491,
              31.7906043
            ],
            [
              35.2195895,
              31.7905249
            ],
            [
              35.2201691,
              31.7901873
            ],
            [
              35.2207117,
              31.7898587
            ],
            [
              35.2211668,
              31.7904286
            ],
            [
              35.221251,
              31.7905453
            ],
            [
              35.2212705,
              31.7906573
            ],
            [
              35.2213367,
              31.7907034
            ],
            [
              35.2215777,
              31.7909974
            ],
            [
              35.2216846,
              31.7911311
            ],
            [
              35.2218151,
              31.791269
            ],
            [
              35.2220076,
              31.7915179
            ],
            [
              35.2220379,
              31.7915936
            ],
            [
              35.2221594,
              31.7917294
            ]
          ]
        ]
      }
    },
    {
      "type": "Feature",
      "properties": {
        "CODE": 336,
        "SCHN_NAME": "מאה שערים",
        "Shape_STAr": 77157.6763306,
        "Shape_STLe": 1539.75728258
      },
      "geometry": {
        "type": "Polygon",
        "coordinates": [
          [
            [
              35.2233296,
              31.7870644
            ],
            [
              35.2231306,
              31.7871865
            ],
            [
              35.2228911,
              31.7872848
            ],
            [
              35.2225443,
              31.7874159
            ],
            [
              35.2222755,
              31.7875099
            ],
            [
              35.2220988,
              31.7875626
            ],
            [
              35.2219642,
              31.7875769
            ],
            [
              35.2216908,
              31.7876253
            ],
            [
              35.2215289,
              31.7876503
            ],
            [
              35.2213339,
              31.7877087
            ],
            [
              35.2211436,
              31.787783
            ],
            [
              35.2208685,
              31.7879059
            ],
            [
              35.2207568,
              31.7879772
            ],
            [
              35.2205454,
              31.7880249
            ],
            [
              35.2201802,
              31.788039
            ],
            [
              35.2197986,
              31.7881173
            ],
            [
              35.2193407,
              31.788216
            ],
            [
              35.2190011,
              31.7882701
            ],
            [
              35.2186224,
              31.7883417
            ],
            [
              35.2184461,
              31.7883842
            ],
            [
              35.2184615,
              31.7882724
            ],
            [
              35.2184695,
              31.7879654
            ],
            [
              35.2185138,
              31.7879582
            ],
            [
              35.2186598,
              31.7874986
            ],
            [
              35.2187265,
              31.7872028
            ],
            [
              35.2189358,
              31.7863488
            ],
            [
              35.2189766,
              31.7862216
            ],
            [
              35.2189846,
              31.7861469
            ],
            [
              35.2191882,
              31.7861607
            ],
            [
              35.2192917,
              31.7861843
            ],
            [
              35.2197644,
              31.7864202
            ],
            [
              35.2203904,
              31.7867299
            ],
            [
              35.2209926,
              31.7870266
            ],
            [
              35.2210202,
              31.7870511
            ],
            [
              35.2211604,
              31.7869688
            ],
            [
              35.2214654,
              31.7867655
            ],
            [
              35.2216381,
              31.7866323
            ],
            [
              35.2218828,
              31.7864962
            ],
            [
              35.2222481,
              31.7862929
            ],
            [
              35.2226403,
              31.7860666
            ],
            [
              35.2232118,
              31.7857387
            ],
            [
              35.2233173,
              31.7856571
            ],
            [
              35.2233358,
              31.7855511
            ],
            [
              35.2233827,
              31.7855039
            ],
            [
              35.223449,
              31.7854801
            ],
            [
              35.2238591,
              31.7855464
            ],
            [
              35.2242194,
              31.7856155
            ],
            [
              35.2244032,
              31.7856502
            ],
            [
              35.2243768,
              31.7856943
            ],
            [
              35.2242058,
              31.7859683
            ],
            [
              35.2239856,
              31.786304
            ],
            [
              35.2238304,
              31.7865573
            ],
            [
              35.2237439,
              31.7866711
            ],
            [
              35.2233296,
              31.7870644
            ]
          ]
        ]
      }
    },
    {
      "type": "Feature",
      "properties": {
        "CODE": 428,
        "SCHN_NAME": "נוה יעקב",
        "Shape_STAr": 1741075.93907,
        "Shape_STLe": 6665.33712124
      },
      "geometry": {
        "type": "Polygon",
        "coordinates": [
          [
            [
              35.2539956,
              31.8393402
            ],
            [
              35.2543265,
              31.8393777
            ],
            [
              35.2549576,
              31.8396567
            ],
            [
              35.2562825,
              31.8396566
            ],
            [
              35.2538606,
              31.8415426
            ],
            [
              35.2534805,
              31.8418376
            ],
            [
              35.2534555,
              31.8418477
            ],
            [
              35.2534376,
              31.8418636
            ],
            [
              35.2533986,
              31.8418886
            ],
            [
              35.2532705,
              31.8418916
            ],
            [
              35.2531646,
              31.8419147
            ],
            [
              35.2529756,
              31.8420346
            ],
            [
              35.2527265,
              31.8422047
            ],
            [
              35.2524146,
              31.8424106
            ],
            [
              35.2523065,
              31.8424877
            ],
            [
              35.2518226,
              31.8428306
            ],
            [
              35.2515206,
              31.8430947
            ],
            [
              35.2511755,
              31.8433966
            ],
            [
              35.2507476,
              31.8437056
            ],
            [
              35.2505205,
              31.8438846
            ],
            [
              35.2503356,
              31.8439887
            ],
            [
              35.2501716,
              31.8441197
            ],
            [
              35.2499955,
              31.8442606
            ],
            [
              35.2499315,
              31.8442836
            ],
            [
              35.2499316,
              31.8443537
            ],
            [
              35.2489876,
              31.8450047
            ],
            [
              35.2467005,
              31.8453468
            ],
            [
              35.2446685,
              31.8454707
            ],
            [
              35.2427076,
              31.8456267
            ],
            [
              35.2416915,
              31.8453787
            ],
            [
              35.2389135,
              31.8440507
            ],
            [
              35.2388195,
              31.8440738
            ],
            [
              35.2385875,
              31.8440957
            ],
            [
              35.2384375,
              31.8440917
            ],
            [
              35.2384085,
              31.8440888
            ],
            [
              35.2370135,
              31.8435578
            ],
            [
              35.2369445,
              31.8435287
            ],
            [
              35.2368675,
              31.8435098
            ],
            [
              35.2367615,
              31.8431018
            ],
            [
              35.2366505,
              31.8431388
            ],
            [
              35.2365636,
              31.8431508
            ],
            [
              35.2363385,
              31.8431838
            ],
            [
              35.2339414,
              31.8419147
            ],
            [
              35.2335486,
              31.8417068
            ],
            [
              35.2334425,
              31.8417168
            ],
            [
              35.2327795,
              31.8417777
            ],
            [
              35.2324734,
              31.8418068
            ],
            [
              35.2322985,
              31.8418228
            ],
            [
              35.2323153,
              31.8413962
            ],
            [
              35.2321284,
              31.8404349
            ],
            [
              35.2330067,
              31.8402693
            ],
            [
              35.2331094,
              31.8402707
            ],
            [
              35.2332323,
              31.8398459
            ],
            [
              35.2340267,
              31.8395931
            ],
            [
              35.233715,
              31.839161
            ],
            [
              35.2339019,
              31.8390059
            ],
            [
              35.2337382,
              31.8387354
            ],
            [
              35.2335357,
              31.8386424
            ],
            [
              35.2332865,
              31.8386757
            ],
            [
              35.2330643,
              31.8382979
            ],
            [
              35.2329496,
              31.8382237
            ],
            [
              35.232831,
              31.8382507
            ],
            [
              35.2327085,
              31.8383216
            ],
            [
              35.2321291,
              31.8386798
            ],
            [
              35.231587,
              31.838966
            ],
            [
              35.2311751,
              31.839128
            ],
            [
              35.2308727,
              31.8389683
            ],
            [
              35.2303448,
              31.8386652
            ],
            [
              35.2297496,
              31.8384236
            ],
            [
              35.2296763,
              31.8372048
            ],
            [
              35.2298853,
              31.8372761
            ],
            [
              35.2306854,
              31.8375086
            ],
            [
              35.232077,
              31.8377449
            ],
            [
              35.2342405,
              31.8380379
            ],
            [
              35.2348476,
              31.838154
            ],
            [
              35.2348474,
              31.8376603
            ],
            [
              35.2349239,
              31.8367776
            ],
            [
              35.2347549,
              31.8362925
            ],
            [
              35.2351848,
              31.8361482
            ],
            [
              35.2358348,
              31.836135
            ],
            [
              35.2358706,
              31.8357854
            ],
            [
              35.2361124,
              31.8356346
            ],
            [
              35.2366881,
              31.8353959
            ],
            [
              35.2375041,
              31.835157
            ],
            [
              35.2388177,
              31.8349801
            ],
            [
              35.2393067,
              31.8350698
            ],
            [
              35.2394912,
              31.8351521
            ],
            [
              35.2398937,
              31.8351627
            ],
            [
              35.2402375,
              31.8352557
            ],
            [
              35.240531,
              31.8353236
            ],
            [
              35.2418475,
              31.8354521
            ],
            [
              35.2419943,
              31.835495
            ],
            [
              35.2421662,
              31.83552
            ],
            [
              35.2424513,
              31.8355843
            ],
            [
              35.2428412,
              31.8356486
            ],
            [
              35.2431976,
              31.83567
            ],
            [
              35.2434785,
              31.8356807
            ],
            [
              35.2437468,
              31.8357414
            ],
            [
              35.2440529,
              31.8357914
            ],
            [
              35.2444931,
              31.8357841
            ],
            [
              35.2452688,
              31.8358841
            ],
            [
              35.2455748,
              31.8358482
            ],
            [
              35.2464301,
              31.8358551
            ],
            [
              35.2468368,
              31.8358979
            ],
            [
              35.247189,
              31.8360195
            ],
            [
              35.247709,
              31.8362663
            ],
            [
              35.2478642,
              31.8362948
            ],
            [
              35.2481954,
              31.8363806
            ],
            [
              35.2484974,
              31.8365559
            ],
            [
              35.2488916,
              31.8368314
            ],
            [
              35.2491265,
              31.8370532
            ],
            [
              35.2494746,
              31.8371712
            ],
            [
              35.2500029,
              31.8373678
            ],
            [
              35.2506445,
              31.8376647
            ],
            [
              35.2510765,
              31.8378327
            ],
            [
              35.2514329,
              31.8380295
            ],
            [
              35.2516552,
              31.8381726
            ],
            [
              35.2519236,
              31.838312
            ],
            [
              35.2527261,
              31.8387492
            ],
            [
              35.2533046,
              31.8391038
            ],
            [
              35.2536208,
              31.8392977
            ],
            [
              35.2539956,
              31.8393402
            ]
          ]
        ]
      }
    },
    {
      "type": "Feature",
      "properties": {
        "CODE": 472,
        "SCHN_NAME": "סנהדריה",
        "Shape_STAr": 571563.533035,
        "Shape_STLe": 3773.40921922
      },
      "geometry": {
        "type": "Polygon",
        "coordinates": [
          [
            [
              35.2206979,
              31.8000496
            ],
            [
              35.2208847,
              31.8001736
            ],
            [
              35.2209647,
              31.8003635
            ],
            [
              35.2208047,
              31.8004167
            ],
            [
              35.2203986,
              31.8004775
            ],
            [
              35.2199782,
              31.8005766
            ],
            [
              35.2200794,
              31.8007238
            ],
            [
              35.2201831,
              31.800901
            ],
            [
              35.2203225,
              31.801301
            ],
            [
              35.2203928,
              31.8017171
            ],
            [
              35.2203008,
              31.8020055
            ],
            [
              35.2202586,
              31.8024873
            ],
            [
              35.2202433,
              31.8027888
            ],
            [
              35.2202754,
              31.8031364
            ],
            [
              35.2202429,
              31.8034933
            ],
            [
              35.2201822,
              31.8042079
            ],
            [
              35.2201631,
              31.8047945
            ],
            [
              35.2201708,
              31.8052796
            ],
            [
              35.2201335,
              31.8055743
            ],
            [
              35.2192438,
              31.8056064
            ],
            [
              35.2186974,
              31.8057073
            ],
            [
              35.217541,
              31.8060221
            ],
            [
              35.2156273,
              31.8065947
            ],
            [
              35.2141055,
              31.806956
            ],
            [
              35.2140615,
              31.8067522
            ],
            [
              35.2139068,
              31.8060607
            ],
            [
              35.2139158,
              31.8051363
            ],
            [
              35.2140521,
              31.8043283
            ],
            [
              35.214234,
              31.8034816
            ],
            [
              35.2142885,
              31.8027202
            ],
            [
              35.2142733,
              31.8020046
            ],
            [
              35.2142065,
              31.8015783
            ],
            [
              35.2139713,
              31.8009559
            ],
            [
              35.2137919,
              31.8004999
            ],
            [
              35.2135821,
              31.7999144
            ],
            [
              35.2142012,
              31.7999231
            ],
            [
              35.2151068,
              31.7998444
            ],
            [
              35.2156594,
              31.7996652
            ],
            [
              35.2158974,
              31.7995689
            ],
            [
              35.2165075,
              31.7991264
            ],
            [
              35.2170178,
              31.798579
            ],
            [
              35.2176941,
              31.7979002
            ],
            [
              35.2181904,
              31.7974545
            ],
            [
              35.2189168,
              31.7967465
            ],
            [
              35.2193772,
              31.7962614
            ],
            [
              35.2199007,
              31.7957013
            ],
            [
              35.2201187,
              31.7957996
            ],
            [
              35.220838,
              31.7961101
            ],
            [
              35.2211305,
              31.796191
            ],
            [
              35.2217194,
              31.7963226
            ],
            [
              35.221921,
              31.7964002
            ],
            [
              35.2220751,
              31.7965284
            ],
            [
              35.2223124,
              31.7969402
            ],
            [
              35.2224746,
              31.7972238
            ],
            [
              35.2225202,
              31.7973036
            ],
            [
              35.2218265,
              31.7972814
            ],
            [
              35.221813,
              31.7977587
            ],
            [
              35.2217953,
              31.798257
            ],
            [
              35.2217835,
              31.7984629
            ],
            [
              35.2218467,
              31.7985405
            ],
            [
              35.2218863,
              31.7986316
            ],
            [
              35.2219101,
              31.79904
            ],
            [
              35.2218706,
              31.7990839
            ],
            [
              35.2218152,
              31.7991278
            ],
            [
              35.2215346,
              31.7991245
            ],
            [
              35.2212461,
              31.7990536
            ],
            [
              35.2209971,
              31.7989389
            ],
            [
              35.2208508,
              31.7988815
            ],
            [
              35.2206849,
              31.7989254
            ],
            [
              35.2204754,
              31.7989997
            ],
            [
              35.2204043,
              31.7990605
            ],
            [
              35.2204003,
              31.7992428
            ],
            [
              35.2203371,
              31.7994082
            ],
            [
              35.2201794,
              31.7995889
            ],
            [
              35.2204489,
              31.7998826
            ],
            [
              35.2206979,
              31.8000496
            ]
          ]
        ]
      }
    },
    {
      "type": "Feature",
      "properties": {
        "CODE": 588,
        "SCHN_NAME": "קריית משה",
        "Shape_STAr": 374344.461426,
        "Shape_STLe": 2749.54475175
      },
      "geometry": {
        "type": "Polygon",
        "coordinates": [
          [
            [
              35.1956585,
              31.7835662
            ],
            [
              35.1960788,
              31.7839168
            ],
            [
              35.1966319,
              31.7844974
            ],
            [
              35.1977014,
              31.7855776
            ],
            [
              35.1986806,
              31.7865312
            ],
            [
              35.1988835,
              31.7866966
            ],
            [
              35.199225,
              31.7869883
            ],
            [
              35.1998811,
              31.7876897
            ],
            [
              35.2002993,
              31.788047
            ],
            [
              35.1998396,
              31.7887095
            ],
            [
              35.1996493,
              31.7889795
            ],
            [
              35.1994261,
              31.7892996
            ],
            [
              35.1991271,
              31.7896193
            ],
            [
              35.1980216,
              31.7902345
            ],
            [
              35.1976301,
              31.7904913
            ],
            [
              35.1971505,
              31.7908223
            ],
            [
              35.1968259,
              31.791096
            ],
            [
              35.1966486,
              31.7910016
            ],
            [
              35.1960385,
              31.7903723
            ],
            [
              35.195275,
              31.7895398
            ],
            [
              35.1954938,
              31.7894218
            ],
            [
              35.1952099,
              31.7890187
            ],
            [
              35.1955437,
              31.7887893
            ],
            [
              35.1953723,
              31.7882077
            ],
            [
              35.1951569,
              31.7876196
            ],
            [
              35.1943612,
              31.7876285
            ],
            [
              35.1929597,
              31.7875969
            ],
            [
              35.1927543,
              31.7868948
            ],
            [
              35.1923856,
              31.7857381
            ],
            [
              35.1919748,
              31.7845455
            ],
            [
              35.1915218,
              31.7836093
            ],
            [
              35.1914642,
              31.7835195
            ],
            [
              35.1915376,
              31.7834788
            ],
            [
              35.1918491,
              31.7832348
            ],
            [
              35.1922894,
              31.7829388
            ],
            [
              35.1925235,
              31.7827868
            ],
            [
              35.1928326,
              31.7827628
            ],
            [
              35.1931417,
              31.7828109
            ],
            [
              35.1935164,
              31.7829309
            ],
            [
              35.1939566,
              31.783059
            ],
            [
              35.1944718,
              31.783163
            ],
            [
              35.1948723,
              31.7832371
            ],
            [
              35.1953833,
              31.7834127
            ],
            [
              35.1956585,
              31.7835662
            ]
          ]
        ]
      }
    },
    {
      "type": "Feature",
      "properties": {
        "CODE": 604,
        "SCHN_NAME": "רוממה",
        "Shape_STAr": 636262.743378,
        "Shape_STLe": 6658.4603298
      },
      "geometry": {
        "type": "Polygon",
        "coordinates": [
          [
            [
              35.1988886,
              31.7969098
            ],
            [
              35.1982541,
              31.7970103
            ],
            [
              35.1976759,
              31.7971
            ],
            [
              35.197551,
              31.7964812
            ],
            [
              35.1975511,
              31.7958838
            ],
            [
              35.197701,
              31.7951798
            ],
            [
              35.1981008,
              31.7943477
            ],
            [
              35.198488,
              31.7933769
            ],
            [
              35.198618,
              31.7920786
            ],
            [
              35.1990596,
              31.7918809
            ],
            [
              35.1990311,
              31.7912853
            ],
            [
              35.1989894,
              31.7911703
            ],
            [
              35.1987793,
              31.7909195
            ],
            [
              35.1984862,
              31.7906561
            ],
            [
              35.1980216,
              31.7902345
            ],
            [
              35.1991271,
              31.7896193
            ],
            [
              35.1994261,
              31.7892996
            ],
            [
              35.1996493,
              31.7889795
            ],
            [
              35.1998396,
              31.7887095
            ],
            [
              35.2002993,
              31.788047
            ],
            [
              35.2009269,
              31.787814
            ],
            [
              35.2022229,
              31.787779
            ],
            [
              35.2044984,
              31.7878776
            ],
            [
              35.205361,
              31.7886902
            ],
            [
              35.2055685,
              31.7888193
            ],
            [
              35.2069395,
              31.7898267
            ],
            [
              35.2078669,
              31.7905588
            ],
            [
              35.2082955,
              31.7909488
            ],
            [
              35.2083675,
              31.7910465
            ],
            [
              35.2079186,
              31.7910662
            ],
            [
              35.2076626,
              31.7910555
            ],
            [
              35.2073699,
              31.7909122
            ],
            [
              35.2072356,
              31.7908303
            ],
            [
              35.2066362,
              31.7903909
            ],
            [
              35.2059404,
              31.7899758
            ],
            [
              35.2055362,
              31.7899452
            ],
            [
              35.2055107,
              31.7901287
            ],
            [
              35.205439,
              31.7902555
            ],
            [
              35.2049325,
              31.7901462
            ],
            [
              35.204733,
              31.7906619
            ],
            [
              35.2044823,
              31.7909721
            ],
            [
              35.2042214,
              31.7909109
            ],
            [
              35.2040371,
              31.7907346
            ],
            [
              35.2039239,
              31.790605
            ],
            [
              35.2037706,
              31.7905552
            ],
            [
              35.2036044,
              31.7904428
            ],
            [
              35.2034426,
              31.7904022
            ],
            [
              35.2030389,
              31.7904004
            ],
            [
              35.2027238,
              31.7904575
            ],
            [
              35.2025209,
              31.7904391
            ],
            [
              35.2024799,
              31.7903819
            ],
            [
              35.2024821,
              31.7902934
            ],
            [
              35.2025447,
              31.7901146
            ],
            [
              35.2019598,
              31.7899524
            ],
            [
              35.2010284,
              31.79069
            ],
            [
              35.200849,
              31.7909387
            ],
            [
              35.2008101,
              31.7909852
            ],
            [
              35.2005736,
              31.7915833
            ],
            [
              35.2005099,
              31.7920339
            ],
            [
              35.2007554,
              31.7924301
            ],
            [
              35.2007506,
              31.7926136
            ],
            [
              35.2007659,
              31.7928715
            ],
            [
              35.2006329,
              31.7931817
            ],
            [
              35.2010643,
              31.7933543
            ],
            [
              35.2015623,
              31.7934126
            ],
            [
              35.2022506,
              31.7933876
            ],
            [
              35.202454,
              31.7926666
            ],
            [
              35.202832,
              31.7926646
            ],
            [
              35.2032976,
              31.7927739
            ],
            [
              35.2037478,
              31.7930623
            ],
            [
              35.2040855,
              31.7933638
            ],
            [
              35.204459,
              31.7935168
            ],
            [
              35.2046802,
              31.7935425
            ],
            [
              35.2048581,
              31.7935124
            ],
            [
              35.2050989,
              31.793465
            ],
            [
              35.2052286,
              31.7933893
            ],
            [
              35.2053991,
              31.7931912
            ],
            [
              35.2055287,
              31.7928532
            ],
            [
              35.2056924,
              31.7921424
            ],
            [
              35.2060335,
              31.7919501
            ],
            [
              35.2068589,
              31.7920142
            ],
            [
              35.2080118,
              31.7923405
            ],
            [
              35.2085977,
              31.792482
            ],
            [
              35.2091317,
              31.792498
            ],
            [
              35.2097312,
              31.79245
            ],
            [
              35.2102224,
              31.7923243
            ],
            [
              35.210571,
              31.7922479
            ],
            [
              35.2109519,
              31.7921909
            ],
            [
              35.2115579,
              31.7921819
            ],
            [
              35.2119479,
              31.7922284
            ],
            [
              35.2118805,
              31.7924878
            ],
            [
              35.2117983,
              31.7929188
            ],
            [
              35.2117361,
              31.7933309
            ],
            [
              35.2117717,
              31.7935055
            ],
            [
              35.2119129,
              31.7936734
            ],
            [
              35.2121342,
              31.7938264
            ],
            [
              35.2120077,
              31.7940064
            ],
            [
              35.2118391,
              31.7942765
            ],
            [
              35.2116916,
              31.794713
            ],
            [
              35.2115968,
              31.7951766
            ],
            [
              35.2114952,
              31.7956351
            ],
            [
              35.2109667,
              31.7957245
            ],
            [
              35.2102453,
              31.7958163
            ],
            [
              35.2092943,
              31.7959482
            ],
            [
              35.2086326,
              31.7959541
            ],
            [
              35.2079572,
              31.7958958
            ],
            [
              35.2074865,
              31.7957152
            ],
            [
              35.207275,
              31.7955929
            ],
            [
              35.2070908,
              31.79522
            ],
            [
              35.2068657,
              31.7947189
            ],
            [
              35.2065792,
              31.7943985
            ],
            [
              35.2063131,
              31.794282
            ],
            [
              35.2061426,
              31.7945733
            ],
            [
              35.2059123,
              31.7945349
            ],
            [
              35.2052715,
              31.7945808
            ],
            [
              35.2045769,
              31.7946136
            ],
            [
              35.2043633,
              31.7946432
            ],
            [
              35.2039069,
              31.7943689
            ],
            [
              35.2035347,
              31.794205
            ],
            [
              35.2033352,
              31.7941263
            ],
            [
              35.2032201,
              31.7940149
            ],
            [
              35.2030205,
              31.7939199
            ],
            [
              35.2028632,
              31.7939002
            ],
            [
              35.2026111,
              31.7938975
            ],
            [
              35.2024258,
              31.7939887
            ],
            [
              35.2022985,
              31.7941405
            ],
            [
              35.2021188,
              31.7944049
            ],
            [
              35.2018502,
              31.7947638
            ],
            [
              35.2017868,
              31.7948843
            ],
            [
              35.2017325,
              31.7949787
            ],
            [
              35.2016278,
              31.7951459
            ],
            [
              35.2015848,
              31.7952083
            ],
            [
              35.2014682,
              31.7953369
            ],
            [
              35.2013759,
              31.7955982
            ],
            [
              35.2013545,
              31.7956852
            ],
            [
              35.2013143,
              31.7957417
            ],
            [
              35.2012675,
              31.7958471
            ],
            [
              35.2011893,
              31.7961063
            ],
            [
              35.2010128,
              31.7962767
            ],
            [
              35.2006252,
              31.7964472
            ],
            [
              35.2004257,
              31.7964603
            ],
            [
              35.2002799,
              31.7964504
            ],
            [
              35.200253,
              31.7966864
            ],
            [
              35.2002108,
              31.7968175
            ],
            [
              35.20013,
              31.7969192
            ],
            [
              35.1999544,
              31.7969437
            ],
            [
              35.1996378,
              31.7969167
            ],
            [
              35.1994392,
              31.796897
            ],
            [
              35.1988886,
              31.7969098
            ]
          ]
        ]
      }
    },
    {
      "type": "Feature",
      "properties": {
        "CODE": 620,
        "SCHN_NAME": "רמות",
        "Shape_STAr": 5064012.26332,
        "Shape_STLe": 9371.94455618
      },
      "geometry": {
        "type": "Polygon",
        "coordinates": [
          [
            [
              35.2081851,
              31.8080623
            ],
            [
              35.2096732,
              31.8096255
            ],
            [
              35.2104346,
              31.8105002
            ],
            [
              35.2114036,
              31.8116112
            ],
            [
              35.2118743,
              31.8125214
            ],
            [
              35.2121374,
              31.8132542
            ],
            [
              35.2120822,
              31.8146845
            ],
            [
              35.2121931,
              31.8167885
            ],
            [
              35.2124604,
              31.8181088
            ],
            [
              35.2129485,
              31.8191814
            ],
            [
              35.2138052,
              31.8210844
            ],
            [
              35.2121812,
              31.8214615
            ],
            [
              35.2121546,
              31.820311
            ],
            [
              35.2117054,
              31.819544
            ],
            [
              35.2101392,
              31.8189859
            ],
            [
              35.2101502,
              31.8194768
            ],
            [
              35.2099322,
              31.8199298
            ],
            [
              35.2095413,
              31.8203018
            ],
            [
              35.2091733,
              31.8204409
            ],
            [
              35.2086702,
              31.8202598
            ],
            [
              35.2084692,
              31.8202169
            ],
            [
              35.2083822,
              31.8201989
            ],
            [
              35.2082912,
              31.8202278
            ],
            [
              35.2080542,
              31.8203019
            ],
            [
              35.2078792,
              31.8203579
            ],
            [
              35.2077603,
              31.82043
            ],
            [
              35.2076762,
              31.8205019
            ],
            [
              35.2076103,
              31.8205749
            ],
            [
              35.2075202,
              31.8206749
            ],
            [
              35.2074522,
              31.8207569
            ],
            [
              35.2074013,
              31.8208359
            ],
            [
              35.2073613,
              31.8209479
            ],
            [
              35.2073572,
              31.8210019
            ],
            [
              35.2073613,
              31.8210899
            ],
            [
              35.2073682,
              31.8212219
            ],
            [
              35.2073693,
              31.8213369
            ],
            [
              35.2073642,
              31.821427
            ],
            [
              35.2073162,
              31.8216318
            ],
            [
              35.2072962,
              31.8217099
            ],
            [
              35.2072733,
              31.821797
            ],
            [
              35.2072362,
              31.821913
            ],
            [
              35.2071912,
              31.8220839
            ],
            [
              35.2071543,
              31.822229
            ],
            [
              35.2071442,
              31.8222919
            ],
            [
              35.2071192,
              31.8223649
            ],
            [
              35.2070863,
              31.8224759
            ],
            [
              35.2070413,
              31.8226109
            ],
            [
              35.2070142,
              31.8226629
            ],
            [
              35.2069663,
              31.822725
            ],
            [
              35.2069202,
              31.8227789
            ],
            [
              35.2068582,
              31.8228369
            ],
            [
              35.2067832,
              31.8228919
            ],
            [
              35.2067152,
              31.8229359
            ],
            [
              35.2066453,
              31.8229709
            ],
            [
              35.2065573,
              31.8230109
            ],
            [
              35.2064853,
              31.8230349
            ],
            [
              35.2064003,
              31.8230549
            ],
            [
              35.2063103,
              31.823064
            ],
            [
              35.2062082,
              31.8230699
            ],
            [
              35.2061073,
              31.823065
            ],
            [
              35.2059512,
              31.8230608
            ],
            [
              35.2058592,
              31.8230539
            ],
            [
              35.2057923,
              31.8230559
            ],
            [
              35.2057762,
              31.8230579
            ],
            [
              35.2053332,
              31.823114
            ],
            [
              35.2040162,
              31.8232809
            ],
            [
              35.2003142,
              31.824876
            ],
            [
              35.1995502,
              31.8251399
            ],
            [
              35.1963742,
              31.826238
            ],
            [
              35.1941662,
              31.826731
            ],
            [
              35.1935392,
              31.826736
            ],
            [
              35.1929322,
              31.82674
            ],
            [
              35.1898863,
              31.82676
            ],
            [
              35.1884212,
              31.826817
            ],
            [
              35.1884502,
              31.826686
            ],
            [
              35.1879071,
              31.826693
            ],
            [
              35.1878152,
              31.826619
            ],
            [
              35.1877193,
              31.8265489
            ],
            [
              35.1876202,
              31.826481
            ],
            [
              35.1874112,
              31.826359
            ],
            [
              35.1873022,
              31.826305
            ],
            [
              35.1871902,
              31.8262541
            ],
            [
              35.1870761,
              31.8262081
            ],
            [
              35.1869592,
              31.8261659
            ],
            [
              35.1868411,
              31.8261279
            ],
            [
              35.1867202,
              31.826095
            ],
            [
              35.1865982,
              31.8260669
            ],
            [
              35.1864753,
              31.826043
            ],
            [
              35.1863502,
              31.826024
            ],
            [
              35.1862251,
              31.826011
            ],
            [
              35.1860991,
              31.826002
            ],
            [
              35.1859732,
              31.825997
            ],
            [
              35.1858112,
              31.825998
            ],
            [
              35.1843442,
              31.825765
            ],
            [
              35.1826571,
              31.823874
            ],
            [
              35.1827672,
              31.823368
            ],
            [
              35.1826612,
              31.822769
            ],
            [
              35.1826812,
              31.8226631
            ],
            [
              35.1826892,
              31.822555
            ],
            [
              35.1826871,
              31.822447
            ],
            [
              35.1826742,
              31.8223401
            ],
            [
              35.1826492,
              31.8222341
            ],
            [
              35.1826142,
              31.82213
            ],
            [
              35.1825691,
              31.82203
            ],
            [
              35.1825141,
              31.821933
            ],
            [
              35.1824481,
              31.82184
            ],
            [
              35.1823741,
              31.8217521
            ],
            [
              35.1822911,
              31.821671
            ],
            [
              35.1822002,
              31.821597
            ],
            [
              35.1820192,
              31.821479
            ],
            [
              35.1819402,
              31.8209731
            ],
            [
              35.1819322,
              31.8208651
            ],
            [
              35.1819402,
              31.820758
            ],
            [
              35.1819642,
              31.820652
            ],
            [
              35.1820021,
              31.8205481
            ],
            [
              35.1820542,
              31.8204501
            ],
            [
              35.1821211,
              31.820359
            ],
            [
              35.1821991,
              31.820274
            ],
            [
              35.1822992,
              31.820191
            ],
            [
              35.1830251,
              31.819365
            ],
            [
              35.1831081,
              31.819282
            ],
            [
              35.1831872,
              31.819199
            ],
            [
              35.1832642,
              31.8191131
            ],
            [
              35.1833371,
              31.819026
            ],
            [
              35.1834082,
              31.818935
            ],
            [
              35.1834741,
              31.818844
            ],
            [
              35.1835381,
              31.8187511
            ],
            [
              35.1835981,
              31.818656
            ],
            [
              35.1836552,
              31.818559
            ],
            [
              35.1837081,
              31.818461
            ],
            [
              35.1837581,
              31.818362
            ],
            [
              35.1838041,
              31.8182611
            ],
            [
              35.1838471,
              31.81816
            ],
            [
              35.1838862,
              31.818056
            ],
            [
              35.1839211,
              31.817952
            ],
            [
              35.1839521,
              31.817848
            ],
            [
              35.1839981,
              31.817664
            ],
            [
              35.184531,
              31.81633
            ],
            [
              35.1845691,
              31.816227
            ],
            [
              35.1845991,
              31.816122
            ],
            [
              35.1846222,
              31.8160161
            ],
            [
              35.1846371,
              31.815909
            ],
            [
              35.1846461,
              31.815801
            ],
            [
              35.184647,
              31.815693
            ],
            [
              35.1846371,
              31.8155481
            ],
            [
              35.1846381,
              31.81544
            ],
            [
              35.1846442,
              31.815333
            ],
            [
              35.1846552,
              31.8152241
            ],
            [
              35.1846701,
              31.815117
            ],
            [
              35.1846901,
              31.81501
            ],
            [
              35.1847151,
              31.814904
            ],
            [
              35.1847441,
              31.8148
            ],
            [
              35.1847781,
              31.8146961
            ],
            [
              35.1848171,
              31.814593
            ],
            [
              35.1848592,
              31.814492
            ],
            [
              35.1849071,
              31.814391
            ],
            [
              35.1849581,
              31.8142921
            ],
            [
              35.1850311,
              31.814168
            ],
            [
              35.1860321,
              31.8134331
            ],
            [
              35.1861331,
              31.813369
            ],
            [
              35.1862311,
              31.8133001
            ],
            [
              35.186325,
              31.813228
            ],
            [
              35.1864142,
              31.813152
            ],
            [
              35.1864991,
              31.813073
            ],
            [
              35.1865801,
              31.8129891
            ],
            [
              35.186655,
              31.812903
            ],
            [
              35.1867261,
              31.812813
            ],
            [
              35.1867921,
              31.812721
            ],
            [
              35.1868521,
              31.812625
            ],
            [
              35.1869071,
              31.812528
            ],
            [
              35.1869561,
              31.8124291
            ],
            [
              35.1870001,
              31.812328
            ],
            [
              35.1870371,
              31.812224
            ],
            [
              35.1870692,
              31.81212
            ],
            [
              35.1871061,
              31.8119639
            ],
            [
              35.1872171,
              31.8110891
            ],
            [
              35.187712,
              31.809711
            ],
            [
              35.1886178,
              31.8076926
            ],
            [
              35.1913005,
              31.8060704
            ],
            [
              35.19405,
              31.804806
            ],
            [
              35.1967324,
              31.8041858
            ],
            [
              35.1984927,
              31.8042097
            ],
            [
              35.2000751,
              31.8053661
            ],
            [
              35.2011909,
              31.8063812
            ],
            [
              35.2025979,
              31.807096
            ],
            [
              35.2041552,
              31.8076797
            ],
            [
              35.2050731,
              31.8079157
            ],
            [
              35.2064646,
              31.8080725
            ],
            [
              35.2074992,
              31.8080813
            ],
            [
              35.2081851,
              31.8080623
            ]
          ]
        ]
      }
    },
    {
      "type": "Feature",
      "properties": {
        "CODE": 618,
        "SCHN_NAME": "רמת שלמה",
        "Shape_STAr": 1861660.83455,
        "Shape_STLe": 6347.65633295
      },
      "geometry": {
        "type": "Polygon",
        "coordinates": [
          [
            [
              35.2205353,
              31.8056411
            ],
            [
              35.2222827,
              31.8059837
            ],
            [
              35.2234178,
              31.8061963
            ],
            [
              35.2250373,
              31.8065152
            ],
            [
              35.2262277,
              31.8066805
            ],
            [
              35.2271136,
              31.8066567
            ],
            [
              35.2298346,
              31.8062799
            ],
            [
              35.2294024,
              31.8067375
            ],
            [
              35.2287409,
              31.807337
            ],
            [
              35.2282999,
              31.8076538
            ],
            [
              35.2277887,
              31.8079963
            ],
            [
              35.2273877,
              31.8082789
            ],
            [
              35.2269085,
              31.8087553
            ],
            [
              35.225819,
              31.8099794
            ],
            [
              35.2245969,
              31.8112652
            ],
            [
              35.2232761,
              31.8126979
            ],
            [
              35.2226949,
              31.8135963
            ],
            [
              35.2224247,
              31.814421
            ],
            [
              35.2220583,
              31.8150695
            ],
            [
              35.2219137,
              31.820807
            ],
            [
              35.2202109,
              31.8206388
            ],
            [
              35.2195152,
              31.8206921
            ],
            [
              35.2184665,
              31.8205149
            ],
            [
              35.2168156,
              31.8203555
            ],
            [
              35.2156839,
              31.8206482
            ],
            [
              35.2138052,
              31.8210844
            ],
            [
              35.2129485,
              31.8191814
            ],
            [
              35.2124604,
              31.8181088
            ],
            [
              35.2121931,
              31.8167885
            ],
            [
              35.2120822,
              31.8146845
            ],
            [
              35.2121374,
              31.8132542
            ],
            [
              35.2118743,
              31.8125214
            ],
            [
              35.2114036,
              31.8116112
            ],
            [
              35.2104346,
              31.8105002
            ],
            [
              35.2096732,
              31.8096255
            ],
            [
              35.2081851,
              31.8080623
            ],
            [
              35.208749,
              31.8079948
            ],
            [
              35.2093782,
              31.8079302
            ],
            [
              35.2100342,
              31.8078427
            ],
            [
              35.21072,
              31.8077517
            ],
            [
              35.2118636,
              31.8075311
            ],
            [
              35.2141055,
              31.806956
            ],
            [
              35.2156273,
              31.8065947
            ],
            [
              35.217541,
              31.8060221
            ],
            [
              35.2186974,
              31.8057073
            ],
            [
              35.2192438,
              31.8056064
            ],
            [
              35.2201335,
              31.8055743
            ],
            [
              35.2205353,
              31.8056411
            ]
          ]
        ]
      }
    },
    {
      "type": "Feature",
      "properties": {
        "CODE": 672,
        "SCHN_NAME": "שמואל הנביא",
        "Shape_STAr": 120939.536118,
        "Shape_STLe": 1550.16384098
      },
      "geometry": {
        "type": "Polygon",
        "coordinates": [
          [
            [
              35.2236614,
              31.794157
            ],
            [
              35.2244461,
              31.7939785
            ],
            [
              35.2252105,
              31.7955626
            ],
            [
              35.2251995,
              31.7956519
            ],
            [
              35.2250854,
              31.7957031
            ],
            [
              35.22471,
              31.7958281
            ],
            [
              35.2242713,
              31.7959395
            ],
            [
              35.2241576,
              31.7960502
            ],
            [
              35.2240857,
              31.7962467
            ],
            [
              35.2240146,
              31.796483
            ],
            [
              35.2239553,
              31.7968037
            ],
            [
              35.2237933,
              31.7972055
            ],
            [
              35.2235932,
              31.7975206
            ],
            [
              35.2233877,
              31.7977186
            ],
            [
              35.2229473,
              31.7980264
            ],
            [
              35.2227,
              31.797618
            ],
            [
              35.2225202,
              31.7973036
            ],
            [
              35.2223124,
              31.7969402
            ],
            [
              35.2220751,
              31.7965284
            ],
            [
              35.221921,
              31.7964002
            ],
            [
              35.2217194,
              31.7963226
            ],
            [
              35.2211305,
              31.796191
            ],
            [
              35.220838,
              31.7961101
            ],
            [
              35.2201187,
              31.7957996
            ],
            [
              35.2199007,
              31.7957013
            ],
            [
              35.2203409,
              31.7951411
            ],
            [
              35.2212588,
              31.7941329
            ],
            [
              35.2217083,
              31.7936928
            ],
            [
              35.2218143,
              31.7936242
            ],
            [
              35.2219422,
              31.7937946
            ],
            [
              35.2223311,
              31.7940611
            ],
            [
              35.2226381,
              31.7941922
            ],
            [
              35.2231702,
              31.7942401
            ],
            [
              35.2236614,
              31.794157
            ]
          ]
        ]
      }
    },
    {
      "type": "Feature",
      "properties": {
        "CODE": 737,
        "SCHN_NAME": "שמעון הצדיק",
        "Shape_STAr": 64593.5608368,
        "Shape_STLe": 1420.98591155
      },
      "geometry": {
        "type": "Polygon",
        "coordinates": [
          [
            [
              35.2235429,
              31.7922669
            ],
            [
              35.2240147,
              31.7917013
            ],
            [
              35.2243398,
              31.7912293
            ],
            [
              35.2248375,
              31.7903468
            ],
            [
              35.225018,
              31.7899693
            ],
            [
              35.2252172,
              31.7896806
            ],
            [
              35.2253709,
              31.7893752
            ],
            [
              35.225687,
              31.7888936
            ],
            [
              35.2260978,
              31.7882589
            ],
            [
              35.2265719,
              31.7875883
            ],
            [
              35.2266849,
              31.7873889
            ],
            [
              35.2268842,
              31.7874215
            ],
            [
              35.2267264,
              31.7882148
            ],
            [
              35.226604,
              31.788765
            ],
            [
              35.2264743,
              31.7912701
            ],
            [
              35.2262134,
              31.7913925
            ],
            [
              35.2258706,
              31.7915106
            ],
            [
              35.2255381,
              31.7914844
            ],
            [
              35.2251237,
              31.7917073
            ],
            [
              35.224868,
              31.7923017
            ],
            [
              35.2246429,
              31.7924372
            ],
            [
              35.2241058,
              31.7925727
            ],
            [
              35.2239881,
              31.7925159
            ],
            [
              35.2235429,
              31.7922669
            ]
          ]
        ]
      }
    },
    {
      "type": "Feature",
      "properties": {
        "CODE": 718,
        "SCHN_NAME": "תל ארזה, עזרת",
        "Shape_STAr": 400829.66069,
        "Shape_STLe": 2742.14189287
      },
      "geometry": {
        "type": "Polygon",
        "coordinates": [
          [
            [
              35.2121218,
              31.7922688
            ],
            [
              35.2124933,
              31.7923532
            ],
            [
              35.2130703,
              31.7925928
            ],
            [
              35.2133916,
              31.7927992
            ],
            [
              35.2138343,
              31.7930932
            ],
            [
              35.2140655,
              31.7932257
            ],
            [
              35.2143542,
              31.7933452
            ],
            [
              35.2148608,
              31.7935316
            ],
            [
              35.2151745,
              31.7936397
            ],
            [
              35.2163356,
              31.7940231
            ],
            [
              35.2168907,
              31.7942151
            ],
            [
              35.2172209,
              31.7943231
            ],
            [
              35.2177971,
              31.794617
            ],
            [
              35.2182538,
              31.794881
            ],
            [
              35.2187667,
              31.795145
            ],
            [
              35.2195256,
              31.795535
            ],
            [
              35.2199007,
              31.7957013
            ],
            [
              35.2193772,
              31.7962614
            ],
            [
              35.2189168,
              31.7967465
            ],
            [
              35.2181904,
              31.7974545
            ],
            [
              35.2178449,
              31.7977656
            ],
            [
              35.2176941,
              31.7979002
            ],
            [
              35.2170178,
              31.798579
            ],
            [
              35.2165075,
              31.7991264
            ],
            [
              35.2158974,
              31.7995689
            ],
            [
              35.2156594,
              31.7996652
            ],
            [
              35.2151068,
              31.7998444
            ],
            [
              35.2142012,
              31.7999231
            ],
            [
              35.2135821,
              31.7999144
            ],
            [
              35.2133971,
              31.7998634
            ],
            [
              35.2127967,
              31.7997469
            ],
            [
              35.211878,
              31.7995839
            ],
            [
              35.2122314,
              31.7973971
            ],
            [
              35.2127034,
              31.7972668
            ],
            [
              35.2125613,
              31.7969398
            ],
            [
              35.2124279,
              31.7965026
            ],
            [
              35.2123173,
              31.7961819
            ],
            [
              35.2121275,
              31.7958984
            ],
            [
              35.2118627,
              31.795733
            ],
            [
              35.2114952,
              31.7956351
            ],
            [
              35.2115968,
              31.7951766
            ],
            [
              35.2116916,
              31.794713
            ],
            [
              35.2118391,
              31.7942765
            ],
            [
              35.2120077,
              31.7940064
            ],
            [
              35.2121342,
              31.7938264
            ],
            [
              35.2119129,
              31.7936734
            ],
            [
              35.2117717,
              31.7935055
            ],
            [
              35.2117361,
              31.7933309
            ],
            [
              35.2117983,
              31.7929188
            ],
            [
              35.2118805,
              31.7924878
            ],
            [
              35.2119479,
              31.7922284
            ],
            [
              35.2121218,
              31.7922688
            ]
          ]
        ]
      }
    }
  ]
}