{
  "type": "FeatureCollection",
  "generator": "overpass-turbo",
  "copyright": "The data included in this document is from www.openstreetmap.org. The data is made available under ODbL.",
  "timestamp": "2025-05-30T14:14:16Z",
  "features": [
    {
      "type": "Feature",
      "properties": {
        "@id": "relation/5537772",
        "alt_name:ml": "ജബൽ സഹിയൂൺ",
        "name": "הר ציון",
        "name:ar": "جبل صهيون",
        "name:cs": "Sijón",
        "name:de": "Zionsberg",
        "name:en": "Mount Zion",
        "name:fr": "Mont Sion",
        "name:he": "הר ציון",
        "name:ml": "സിയോൺ പർവ്വതം",
        "name:ro": "Muntele Sion",
        "place": "suburb",
        "type": "multipolygon",
        "wikidata": "Q332444",
        "wikipedia": "he:הר ציון",
        "wikipedia:he": "הר ציון"
      },
      "geometry": {
        "type": "Polygon",
        "coordinates": [
          [
            [
              35.2305933,
              31.771897
            ],
            [
              35.2305169,
              31.7727436
            ],
            [
              35.2267981,
              31.772831
            ],
            [
              35.2268594,
              31.7716503
            ],
            [
              35.2266277,
              31.7713274
            ],
            [
              35.2270569,
              31.7701543
            ],
            [
              35.228382,
              31.7689138
            ],
            [
              35.2295192,
              31.7686356
            ],
            [
              35.2312358,
              31.7686812
            ],
            [
              35.2316946,
              31.7708571
            ],
            [
              35.2312328,
              31.7718797
            ],
            [
              35.2305933,
              31.771897
            ]
          ]
        ]
      },
      "id": "relation/5537772"
    },
    {
      "type": "Feature",
      "properties": {
        "@id": "relation/5862581",
        "admin_level": "10",
        "boundary": "administrative",
        "name": "Հայկական Թաղամաս",
        "name:ar": "حارة الأرمن",
        "name:cs": "Arménská čtvrť",
        "name:de": "Armenisches Viertel",
        "name:en": "Armenian Quarter",
        "name:es": "Barrio Armenio",
        "name:fi": "Armenialaiskortteli",
        "name:fr": "Quartier arménien",
        "name:he": "הרובע הארמני",
        "name:hr": "Armenska četvrt",
        "name:hu": "Örmény negyed",
        "name:hy": "Հայկական Թաղամաս",
        "name:it": "Quartiere Armeno",
        "name:ro": "Cartierul armean",
        "name:ru": "Армянский квартал",
        "name:uk": "Вірменський квартал",
        "name:ur": "آرمینیائی محلہ",
        "place": "neighbourhood",
        "type": "boundary",
        "wikidata": "Q1645501"
      },
      "geometry": {
        "type": "Polygon",
        "coordinates": [
          [
            [
              35.2277472,
              31.7765077
            ],
            [
              35.2276585,
              31.7763937
            ],
            [
              35.2278247,
              31.7762886
            ],
            [
              35.2277526,
              31.7758753
            ],
            [
              35.2276424,
              31.7758826
            ],
            [
              35.2276181,
              31.7756242
            ],
            [
              35.2277724,
              31.7756105
            ],
            [
              35.2278475,
              31.7755985
            ],
            [
              35.2278493,
              31.7755345
            ],
            [
              35.227847,
              31.775424
            ],
            [
              35.2278057,
              31.774544
            ],
            [
              35.2277285,
              31.7745449
            ],
            [
              35.2277301,
              31.7743874
            ],
            [
              35.2277902,
              31.7743762
            ],
            [
              35.2277781,
              31.7740481
            ],
            [
              35.2277816,
              31.7738812
            ],
            [
              35.2278344,
              31.7738795
            ],
            [
              35.2278596,
              31.7734873
            ],
            [
              35.2277907,
              31.7734851
            ],
            [
              35.2277938,
              31.7733601
            ],
            [
              35.227861,
              31.7733611
            ],
            [
              35.2278701,
              31.7730815
            ],
            [
              35.2278186,
              31.773084
            ],
            [
              35.2278199,
              31.7728963
            ],
            [
              35.2286205,
              31.7729025
            ],
            [
              35.2295025,
              31.7728979
            ],
            [
              35.2295919,
              31.772872
            ],
            [
              35.2296377,
              31.7728568
            ],
            [
              35.2297415,
              31.7728225
            ],
            [
              35.2297919,
              31.7728081
            ],
            [
              35.2306436,
              31.7729433
            ],
            [
              35.2306457,
              31.7729182
            ],
            [
              35.2307072,
              31.7729268
            ],
            [
              35.2306938,
              31.7730259
            ],
            [
              35.2307249,
              31.7731014
            ],
            [
              35.2307381,
              31.7731799
            ],
            [
              35.2307684,
              31.7738945
            ],
            [
              35.2302872,
              31.7739421
            ],
            [
              35.2300112,
              31.7740399
            ],
            [
              35.2300249,
              31.7741229
            ],
            [
              35.2298097,
              31.7741943
            ],
            [
              35.2297942,
              31.7742889
            ],
            [
              35.2298564,
              31.7744383
            ],
            [
              35.2298784,
              31.7745849
            ],
            [
              35.2299055,
              31.7750544
            ],
            [
              35.229891,
              31.7752635
            ],
            [
              35.2299766,
              31.7755415
            ],
            [
              35.2302933,
              31.7759788
            ],
            [
              35.230487,
              31.7760367
            ],
            [
              35.2306031,
              31.7760691
            ],
            [
              35.230906,
              31.7760205
            ],
            [
              35.2309526,
              31.7766134
            ],
            [
              35.2310846,
              31.7767713
            ],
            [
              35.2308166,
              31.7767759
            ],
            [
              35.2298725,
              31.7767167
            ],
            [
              35.2292864,
              31.7766902
            ],
            [
              35.2286977,
              31.7766893
            ],
            [
              35.2284874,
              31.7766879
            ],
            [
              35.2283758,
              31.7766939
            ],
            [
              35.2275777,
              31.7766566
            ],
            [
              35.2275435,
              31.7766282
            ],
            [
              35.2275031,
              31.7765949
            ],
            [
              35.2275743,
              31.7765284
            ],
            [
              35.227657,
              31.7765987
            ],
            [
              35.2277472,
              31.7765077
            ]
          ]
        ]
      },
      "id": "relation/5862581"
    },
    {
      "type": "Feature",
      "properties": {
        "@id": "relation/5862582",
        "admin_level": "10",
        "alt_name:ur": "عیسائی محلہ",
        "boundary": "administrative",
        "name": "הרובע הנוצרי",
        "name:ar": "حارة النصارى",
        "name:az": "Xristian məhəlləsi",
        "name:cs": "Křesťanská čtvrť",
        "name:de": "Christliches Viertel",
        "name:en": "Christian Quarter",
        "name:es": "Barrio Cristiano",
        "name:fi": "Kristitty kortteli",
        "name:fr": "Quartier chrétien",
        "name:gl": "Barrio cristián de Xerusalén",
        "name:he": "הרובע הנוצרי",
        "name:hi": "ईसाई खण्ड",
        "name:hr": "Kršćanska četvrt",
        "name:hu": "Keresztény negyed",
        "name:id": "Bagian Kristen",
        "name:it": "Quartiere Cristiano",
        "name:jv": "Kampung Kristen",
        "name:kk": "Христиан кварталы",
        "name:mk": "Христијанска населба",
        "name:nb": "Det kristne kvarter",
        "name:nl": "Christelijke wijk",
        "name:pl": "Dzielnica Chrześcijańska w Jerozolimie",
        "name:pt": "Bairro Cristão",
        "name:ro": "Cartierul creștin",
        "name:ru": "Христианский квартал",
        "name:sk": "Kresťanská štvrť",
        "name:ta": "கிறிஸ்தவப் பகுதி",
        "name:tr": "Hristiyan Mahallesi",
        "name:uk": "Християнський квартал",
        "name:ur": "مسیحی محلہ",
        "name:zh": "基督徒区",
        "place": "neighbourhood",
        "type": "boundary",
        "wikidata": "Q1391891",
        "wikipedia": "he:הרובע הנוצרי",
        "wikipedia:he": "הרובע הנוצרי"
      },
      "geometry": {
        "type": "Polygon",
        "coordinates": [
          [
            [
              35.2303496,
              31.7816619
            ],
            [
              35.2303033,
              31.7816268
            ],
            [
              35.2302757,
              31.7816059
            ],
            [
              35.2302327,
              31.781647
            ],
            [
              35.2301336,
              31.781572
            ],
            [
              35.2301957,
              31.7815127
            ],
            [
              35.229897,
              31.7812894
            ],
            [
              35.2298083,
              31.7813633
            ],
            [
              35.2297017,
              31.7812798
            ],
            [
              35.2296726,
              31.7813021
            ],
            [
              35.2294998,
              31.7811761
            ],
            [
              35.2295682,
              31.7811109
            ],
            [
              35.2294652,
              31.781022
            ],
            [
              35.229496,
              31.7809844
            ],
            [
              35.2285616,
              31.7802812
            ],
            [
              35.2285165,
              31.7803063
            ],
            [
              35.2283974,
              31.7802171
            ],
            [
              35.2284245,
              31.7801806
            ],
            [
              35.2281981,
              31.77999
            ],
            [
              35.2281654,
              31.7800128
            ],
            [
              35.2280739,
              31.7799549
            ],
            [
              35.228101,
              31.7799275
            ],
            [
              35.2277498,
              31.7796611
            ],
            [
              35.2274578,
              31.7799631
            ],
            [
              35.2268804,
              31.7796028
            ],
            [
              35.2268305,
              31.7796457
            ],
            [
              35.226419,
              31.7794031
            ],
            [
              35.2262146,
              31.7793099
            ],
            [
              35.226086,
              31.7792492
            ],
            [
              35.2260444,
              31.7793137
            ],
            [
              35.2258828,
              31.7792111
            ],
            [
              35.226176,
              31.7788994
            ],
            [
              35.2259379,
              31.7786549
            ],
            [
              35.2257013,
              31.7784121
            ],
            [
              35.2258803,
              31.7782865
            ],
            [
              35.225868,
              31.7781496
            ],
            [
              35.225926,
              31.7781315
            ],
            [
              35.225926,
              31.778046
            ],
            [
              35.2274186,
              31.7767904
            ],
            [
              35.2275777,
              31.7766566
            ],
            [
              35.2283758,
              31.7766939
            ],
            [
              35.2284874,
              31.7766879
            ],
            [
              35.2286977,
              31.7766893
            ],
            [
              35.2292864,
              31.7766902
            ],
            [
              35.2298725,
              31.7767167
            ],
            [
              35.2308166,
              31.7767759
            ],
            [
              35.2310846,
              31.7767713
            ],
            [
              35.2310741,
              31.7768512
            ],
            [
              35.2310036,
              31.7778449
            ],
            [
              35.2309376,
              31.7781866
            ],
            [
              35.2309124,
              31.7785681
            ],
            [
              35.2309055,
              31.778771
            ],
            [
              35.2308221,
              31.7802144
            ],
            [
              35.2307563,
              31.7806623
            ],
            [
              35.230708,
              31.7810841
            ],
            [
              35.230759,
              31.7811274
            ],
            [
              35.2305752,
              31.7814299
            ],
            [
              35.2303496,
              31.7816619
            ]
          ]
        ]
      },
      "id": "relation/5862582"
    },
    {
      "type": "Feature",
      "properties": {
        "@id": "relation/5862583",
        "admin_level": "10",
        "boundary": "administrative",
        "name": "הרובע היהודי",
        "name:ar": "حارة اليهود",
        "name:cs": "Židovská čtvrť",
        "name:en": "Jewish Quarter",
        "name:es": "Barrio Judío",
        "name:fi": "Juutalaiskortteli",
        "name:fr": "Quartier juif",
        "name:he": "הרובע היהודי",
        "name:hi": "यहूदी खंड",
        "name:hr": "Židovska četvrt",
        "name:it": "Quartiere Ebraico",
        "name:ro": "Cartierul evreiesc",
        "name:ru": "Иудейский квартал",
        "name:uk": "Юдейський квартал",
        "name:ur": "یہودی محلہ",
        "place": "neighbourhood",
        "type": "boundary",
        "wikidata": "Q1186403",
        "wikipedia": "he:הרובע היהודי",
        "wikipedia:he": "הרובע היהודי"
      },
      "geometry": {
        "type": "Polygon",
        "coordinates": [
          [
            [
              35.2307072,
              31.7729268
            ],
            [
              35.230773,
              31.7729355
            ],
            [
              35.2307724,
              31.7729656
            ],
            [
              35.2310106,
              31.773026
            ],
            [
              35.2310025,
              31.7730599
            ],
            [
              35.231499,
              31.7731537
            ],
            [
              35.231483,
              31.7732335
            ],
            [
              35.2322931,
              31.7734036
            ],
            [
              35.2323399,
              31.773362
            ],
            [
              35.2324272,
              31.7734365
            ],
            [
              35.2323801,
              31.7734793
            ],
            [
              35.2324199,
              31.773833
            ],
            [
              35.2324593,
              31.7739125
            ],
            [
              35.2325169,
              31.7739128
            ],
            [
              35.2325351,
              31.7740131
            ],
            [
              35.2332415,
              31.7742827
            ],
            [
              35.233551,
              31.7747363
            ],
            [
              35.2336842,
              31.7747579
            ],
            [
              35.2337036,
              31.7747611
            ],
            [
              35.2338476,
              31.774781
            ],
            [
              35.2341728,
              31.7748268
            ],
            [
              35.2342047,
              31.7748311
            ],
            [
              35.2355625,
              31.7750167
            ],
            [
              35.2357672,
              31.7750455
            ],
            [
              35.2357204,
              31.7753099
            ],
            [
              35.2356721,
              31.7755823
            ],
            [
              35.2357709,
              31.7755935
            ],
            [
              35.2357587,
              31.7756721
            ],
            [
              35.2358426,
              31.7756806
            ],
            [
              35.2357969,
              31.7758433
            ],
            [
              35.2349838,
              31.7757276
            ],
            [
              35.2346253,
              31.7756554
            ],
            [
              35.2345776,
              31.7759201
            ],
            [
              35.2344908,
              31.7763297
            ],
            [
              35.2344994,
              31.7763711
            ],
            [
              35.2344758,
              31.7764024
            ],
            [
              35.2344719,
              31.7764203
            ],
            [
              35.234429,
              31.7765919
            ],
            [
              35.2343813,
              31.7768666
            ],
            [
              35.2343658,
              31.7769314
            ],
            [
              35.2343059,
              31.7772216
            ],
            [
              35.233358,
              31.7770026
            ],
            [
              35.2331613,
              31.7769737
            ],
            [
              35.231561,
              31.7767381
            ],
            [
              35.2310846,
              31.7767713
            ],
            [
              35.2309526,
              31.7766134
            ],
            [
              35.230906,
              31.7760205
            ],
            [
              35.2306031,
              31.7760691
            ],
            [
              35.230487,
              31.7760367
            ],
            [
              35.2302933,
              31.7759788
            ],
            [
              35.2299766,
              31.7755415
            ],
            [
              35.229891,
              31.7752635
            ],
            [
              35.2299055,
              31.7750544
            ],
            [
              35.2298784,
              31.7745849
            ],
            [
              35.2298564,
              31.7744383
            ],
            [
              35.2297942,
              31.7742889
            ],
            [
              35.2298097,
              31.7741943
            ],
            [
              35.2300249,
              31.7741229
            ],
            [
              35.2300112,
              31.7740399
            ],
            [
              35.2302872,
              31.7739421
            ],
            [
              35.2307684,
              31.7738945
            ],
            [
              35.2307381,
              31.7731799
            ],
            [
              35.2307249,
              31.7731014
            ],
            [
              35.2306938,
              31.7730259
            ],
            [
              35.2307072,
              31.7729268
            ]
          ]
        ]
      },
      "id": "relation/5862583"
    },
    {
      "type": "Feature",
      "properties": {
        "@id": "relation/5862585",
        "admin_level": "10",
        "alt_name:ar": "الحي الإسلامي",
        "boundary": "administrative",
        "name": "حارة المسلمين",
        "name:ar": "حارة المسلمين",
        "name:cs": "Muslimská čtvrť",
        "name:de": "Muslimisches Viertel",
        "name:el": "Μουσουλμανική συνοικία",
        "name:en": "Muslim Quarter",
        "name:es": "Barrio Musulmán",
        "name:fi": "Muslimikortteli",
        "name:fr": "Quartier musulman",
        "name:he": "הרובע המוסלמי",
        "name:hi": "मुसलमान खण्ड",
        "name:hr": "Muslimanska četvrt",
        "name:hu": "Muszlim negyed",
        "name:it": "Quartiere Musulmano",
        "name:pl": "Dzielnica Muzułmańska",
        "name:ro": "Cartierul musulman",
        "name:ru": "Мусульманский квартал",
        "name:uk": "Мусульманський квартал",
        "name:ur": "مسلم محلہ",
        "old_name": "הרובע המעורב",
        "old_name:es": "Barrio Mixto",
        "place": "neighbourhood",
        "type": "boundary",
        "wikidata": "Q1781931",
        "wikipedia": "ar:الحي الإسلامي (القدس)",
        "wikipedia:ar": "الحي الإسلامي (القدس)"
      },
      "geometry": {
        "type": "Polygon",
        "coordinates": [
          [
            [
              35.2375555,
              31.7760818
            ],
            [
              35.2372982,
              31.7781805
            ],
            [
              35.2372916,
              31.7782271
            ],
            [
              35.2372085,
              31.7788918
            ],
            [
              35.2372346,
              31.778894
            ],
            [
              35.2372175,
              31.7790432
            ],
            [
              35.2371913,
              31.779041
            ],
            [
              35.2371895,
              31.7790522
            ],
            [
              35.2371539,
              31.7793433
            ],
            [
              35.2371399,
              31.7794609
            ],
            [
              35.2370619,
              31.7800703
            ],
            [
              35.2370879,
              31.7800725
            ],
            [
              35.2370849,
              31.7800935
            ],
            [
              35.2370561,
              31.7802965
            ],
            [
              35.2370142,
              31.7807282
            ],
            [
              35.236999,
              31.780797
            ],
            [
              35.2369758,
              31.7809072
            ],
            [
              35.2369611,
              31.7809733
            ],
            [
              35.2369176,
              31.7813814
            ],
            [
              35.2369986,
              31.7813909
            ],
            [
              35.2369819,
              31.7815328
            ],
            [
              35.236931,
              31.7815292
            ],
            [
              35.2369145,
              31.7817034
            ],
            [
              35.2369639,
              31.7817085
            ],
            [
              35.2369279,
              31.7819698
            ],
            [
              35.2369651,
              31.7819698
            ],
            [
              35.2369564,
              31.7820967
            ],
            [
              35.2369268,
              31.7820956
            ],
            [
              35.236907,
              31.7822643
            ],
            [
              35.2369533,
              31.7822675
            ],
            [
              35.2369443,
              31.782362
            ],
            [
              35.2368953,
              31.7823586
            ],
            [
              35.2368088,
              31.7831883
            ],
            [
              35.2367119,
              31.7836283
            ],
            [
              35.2368168,
              31.7836481
            ],
            [
              35.2367923,
              31.7837416
            ],
            [
              35.2366874,
              31.7837218
            ],
            [
              35.2366914,
              31.7836974
            ],
            [
              35.2363183,
              31.7836289
            ],
            [
              35.2363057,
              31.7836707
            ],
            [
              35.2362251,
              31.7836569
            ],
            [
              35.2362272,
              31.7836203
            ],
            [
              35.2359128,
              31.7835534
            ],
            [
              35.235908,
              31.7835792
            ],
            [
              35.2358391,
              31.7835654
            ],
            [
              35.2358478,
              31.7835397
            ],
            [
              35.2354452,
              31.7834479
            ],
            [
              35.2354428,
              31.7834564
            ],
            [
              35.2351367,
              31.7833833
            ],
            [
              35.2351247,
              31.7834199
            ],
            [
              35.2350167,
              31.7833935
            ],
            [
              35.2350304,
              31.7833534
            ],
            [
              35.2349332,
              31.7833274
            ],
            [
              35.2349719,
              31.783237
            ],
            [
              35.2347434,
              31.7831948
            ],
            [
              35.2347238,
              31.7832315
            ],
            [
              35.2345573,
              31.7831896
            ],
            [
              35.2345515,
              31.7831524
            ],
            [
              35.2337385,
              31.7829793
            ],
            [
              35.2337249,
              31.783022
            ],
            [
              35.2336106,
              31.7829958
            ],
            [
              35.233626,
              31.7829471
            ],
            [
              35.2330611,
              31.7828162
            ],
            [
              35.2330454,
              31.7828621
            ],
            [
              35.2329237,
              31.7828466
            ],
            [
              35.2329257,
              31.782763
            ],
            [
              35.2325355,
              31.7826969
            ],
            [
              35.2325106,
              31.7825415
            ],
            [
              35.2321768,
              31.7824888
            ],
            [
              35.2318641,
              31.7825078
            ],
            [
              35.2317916,
              31.7825804
            ],
            [
              35.2316369,
              31.7825549
            ],
            [
              35.2315889,
              31.7825846
            ],
            [
              35.2312996,
              31.7824915
            ],
            [
              35.2312514,
              31.7824254
            ],
            [
              35.2310503,
              31.7823102
            ],
            [
              35.2310866,
              31.7822704
            ],
            [
              35.2309516,
              31.7821812
            ],
            [
              35.2309209,
              31.7822145
            ],
            [
              35.2308459,
              31.782165
            ],
            [
              35.2309104,
              31.7820902
            ],
            [
              35.2307448,
              31.7819771
            ],
            [
              35.2307708,
              31.7819395
            ],
            [
              35.2305582,
              31.7817836
            ],
            [
              35.2305331,
              31.7818078
            ],
            [
              35.2304963,
              31.781843
            ],
            [
              35.2303911,
              31.7817634
            ],
            [
              35.2304321,
              31.7817243
            ],
            [
              35.2303931,
              31.7816946
            ],
            [
              35.2303496,
              31.7816619
            ],
            [
              35.2305752,
              31.7814299
            ],
            [
              35.230759,
              31.7811274
            ],
            [
              35.230708,
              31.7810841
            ],
            [
              35.2307563,
              31.7806623
            ],
            [
              35.2308221,
              31.7802144
            ],
            [
              35.2309055,
              31.778771
            ],
            [
              35.2309124,
              31.7785681
            ],
            [
              35.2309376,
              31.7781866
            ],
            [
              35.2310036,
              31.7778449
            ],
            [
              35.2310741,
              31.7768512
            ],
            [
              35.2310846,
              31.7767713
            ],
            [
              35.231561,
              31.7767381
            ],
            [
              35.2331613,
              31.7769737
            ],
            [
              35.233358,
              31.7770026
            ],
            [
              35.2343059,
              31.7772216
            ],
            [
              35.2343658,
              31.7769314
            ],
            [
              35.2343813,
              31.7768666
            ],
            [
              35.234429,
              31.7765919
            ],
            [
              35.2344719,
              31.7764203
            ],
            [
              35.2344758,
              31.7764024
            ],
            [
              35.2344994,
              31.7763711
            ],
            [
              35.2344908,
              31.7763297
            ],
            [
              35.2345776,
              31.7759201
            ],
            [
              35.2346253,
              31.7756554
            ],
            [
              35.2349838,
              31.7757276
            ],
            [
              35.2357969,
              31.7758433
            ],
            [
              35.2362398,
              31.775911
            ],
            [
              35.2365296,
              31.775954
            ],
            [
              35.2375555,
              31.7760818
            ]
          ]
        ]
      },
      "id": "relation/5862585"
    },
    {
      "type": "Feature",
      "properties": {
        "@id": "relation/6840687",
        "alt_name": "מרכז העיר",
        "alt_name:ar": "وسط البلد",
        "alt_name:en": "Downtown",
        "alt_name:ru": "в центре города",
        "name": "המשולש",
        "name:ar": "المثلث",
        "name:en": "Downtown Triangle",
        "name:fr": "Triangle du centre-ville",
        "name:he": "המשולש",
        "name:ru": "треугольник",
        "place": "neighbourhood",
        "type": "multipolygon",
        "wikidata": "Q12406782",
        "wikipedia": "he:המשולש (ירושלים)",
        "wikipedia:he": "המשולש (ירושלים)"
      },
      "geometry": {
        "type": "Polygon",
        "coordinates": [
          [
            [
              35.2178369,
              31.7831824
            ],
            [
              35.2178237,
              31.7831671
            ],
            [
              35.2177995,
              31.7831351
            ],
            [
              35.2177903,
              31.7831229
            ],
            [
              35.2172916,
              31.7824644
            ],
            [
              35.2172476,
              31.7824067
            ],
            [
              35.2171936,
              31.7823359
            ],
            [
              35.2168825,
              31.7819281
            ],
            [
              35.2167958,
              31.7818177
            ],
            [
              35.2167092,
              31.7817073
            ],
            [
              35.2163039,
              31.7811785
            ],
            [
              35.2162713,
              31.7811359
            ],
            [
              35.2170617,
              31.7813428
            ],
            [
              35.2173411,
              31.78141
            ],
            [
              35.2176467,
              31.7814751
            ],
            [
              35.2180856,
              31.7815767
            ],
            [
              35.2183719,
              31.7816292
            ],
            [
              35.218444,
              31.7816424
            ],
            [
              35.218733,
              31.781704
            ],
            [
              35.2193444,
              31.7818391
            ],
            [
              35.2194024,
              31.7818548
            ],
            [
              35.2196456,
              31.782026
            ],
            [
              35.2196627,
              31.7820381
            ],
            [
              35.2193708,
              31.7822253
            ],
            [
              35.2192637,
              31.7822939
            ],
            [
              35.219058,
              31.7824217
            ],
            [
              35.2184389,
              31.7828065
            ],
            [
              35.2178369,
              31.7831824
            ]
          ]
        ]
      },
      "id": "relation/6840687"
    },
    {
      "type": "Feature",
      "properties": {
        "@id": "way/372580960",
        "name": "ימין משה",
        "name:ceb": "Yemin Moshé",
        "name:cs": "Jemin Moše",
        "name:en": "Yemin Moshe",
        "name:fr": "Yemin Moshé",
        "name:he": "ימין משה",
        "name:ro": "Yemin Moshe",
        "place": "neighbourhood",
        "wikidata": "Q2915461",
        "wikipedia": "en:Yemin Moshe",
        "wikipedia:en": "Yemin Moshe"
      },
      "geometry": {
        "type": "Polygon",
        "coordinates": [
          [
            [
              35.2240184,
              31.7739508
            ],
            [
              35.2239859,
              31.77374
            ],
            [
              35.2241154,
              31.7726662
            ],
            [
              35.2238916,
              31.771598
            ],
            [
              35.224283,
              31.7707436
            ],
            [
              35.2244826,
              31.7703631
            ],
            [
              35.2246616,
              31.7703075
            ],
            [
              35.224789,
              31.7703953
            ],
            [
              35.2255016,
              31.7704714
            ],
            [
              35.2256438,
              31.7710908
            ],
            [
              35.225738,
              31.7712075
            ],
            [
              35.2258592,
              31.7712842
            ],
            [
              35.2260464,
              31.7713159
            ],
            [
              35.226208,
              31.7713226
            ],
            [
              35.2266883,
              31.7712994
            ],
            [
              35.2267948,
              31.7715002
            ],
            [
              35.2268304,
              31.7724347
            ],
            [
              35.2267986,
              31.7729087
            ],
            [
              35.2275389,
              31.7728963
            ],
            [
              35.2277893,
              31.7728939
            ],
            [
              35.2277645,
              31.7733362
            ],
            [
              35.2277578,
              31.7737388
            ],
            [
              35.2277485,
              31.7743697
            ],
            [
              35.227679,
              31.7744004
            ],
            [
              35.2276878,
              31.774564
            ],
            [
              35.2277723,
              31.7745887
            ],
            [
              35.2277723,
              31.7746978
            ],
            [
              35.2267784,
              31.7747572
            ],
            [
              35.2259958,
              31.7748335
            ],
            [
              35.2258718,
              31.7750595
            ],
            [
              35.2256734,
              31.7753704
            ],
            [
              35.2255357,
              31.7753528
            ],
            [
              35.2253705,
              31.7752738
            ],
            [
              35.2252397,
              31.7751275
            ],
            [
              35.2250917,
              31.7749958
            ],
            [
              35.2248163,
              31.7749372
            ],
            [
              35.2248231,
              31.7747675
            ],
            [
              35.2247322,
              31.7743432
            ],
            [
              35.2246201,
              31.7741685
            ],
            [
              35.2244981,
              31.7741755
            ],
            [
              35.2244127,
              31.774172
            ],
            [
              35.2243233,
              31.7741616
            ],
            [
              35.2242339,
              31.7741409
            ],
            [
              35.2241282,
              31.7740821
            ],
            [
              35.2240712,
              31.7740303
            ],
            [
              35.2240184,
              31.7739508
            ]
          ]
        ]
      },
      "id": "way/372580960"
    },
    {
      "type": "Feature",
      "properties": {
        "@id": "way/444453854",
        "landuse": "meadow",
        "name": "Kidmat Tzion",
        "place": "neighbourhood"
      },
      "geometry": {
        "type": "Polygon",
        "coordinates": [
          [
            [
              35.2506855,
              31.7635913
            ],
            [
              35.2504254,
              31.763459
            ],
            [
              35.2500096,
              31.7634841
            ],
            [
              35.2499399,
              31.7633131
            ],
            [
              35.2499238,
              31.7630622
            ],
            [
              35.2499131,
              31.7628843
            ],
            [
              35.2498514,
              31.7628114
            ],
            [
              35.2496261,
              31.7627156
            ],
            [
              35.2494571,
              31.7626837
            ],
            [
              35.249264,
              31.7629391
            ],
            [
              35.2489367,
              31.762857
            ],
            [
              35.2488509,
              31.7624967
            ],
            [
              35.2490655,
              31.7625103
            ],
            [
              35.2490977,
              31.7622732
            ],
            [
              35.2490011,
              31.7617395
            ],
            [
              35.2489689,
              31.7613153
            ],
            [
              35.2491191,
              31.7610485
            ],
            [
              35.249492,
              31.7610964
            ],
            [
              35.2499667,
              31.7611055
            ],
            [
              35.2505461,
              31.7612241
            ],
            [
              35.2507633,
              31.7612082
            ],
            [
              35.2509698,
              31.7609573
            ],
            [
              35.2509967,
              31.7606905
            ],
            [
              35.2508599,
              31.7605058
            ],
            [
              35.2512327,
              31.7603963
            ],
            [
              35.2514661,
              31.7604715
            ],
            [
              35.2515707,
              31.7606859
            ],
            [
              35.2517531,
              31.7608273
            ],
            [
              35.2521312,
              31.7608752
            ],
            [
              35.2531398,
              31.7609117
            ],
            [
              35.2540034,
              31.7604237
            ],
            [
              35.2540946,
              31.760337
            ],
            [
              35.2535421,
              31.7596711
            ],
            [
              35.2532202,
              31.7597577
            ],
            [
              35.2528554,
              31.759776
            ],
            [
              35.2523083,
              31.7593928
            ],
            [
              35.2526838,
              31.7589367
            ],
            [
              35.252496,
              31.7583392
            ],
            [
              35.2527428,
              31.7580792
            ],
            [
              35.2530325,
              31.7576915
            ],
            [
              35.253231,
              31.757541
            ],
            [
              35.2535421,
              31.7577189
            ],
            [
              35.2544272,
              31.7567336
            ],
            [
              35.2547115,
              31.7561771
            ],
            [
              35.255602,
              31.7564873
            ],
            [
              35.2562994,
              31.7563961
            ],
            [
              35.2569646,
              31.7564417
            ],
            [
              35.2575869,
              31.7569161
            ],
            [
              35.257662,
              31.7572536
            ],
            [
              35.2577049,
              31.7583574
            ],
            [
              35.257501,
              31.759443
            ],
            [
              35.2572006,
              31.759817
            ],
            [
              35.2562136,
              31.7605377
            ],
            [
              35.2558702,
              31.7597532
            ],
            [
              35.2550388,
              31.7602366
            ],
            [
              35.2555055,
              31.7612583
            ],
            [
              35.2551943,
              31.761459
            ],
            [
              35.2549368,
              31.7615685
            ],
            [
              35.2541214,
              31.761678
            ],
            [
              35.2535421,
              31.7616916
            ],
            [
              35.2532524,
              31.7618513
            ],
            [
              35.2525604,
              31.7622983
            ],
            [
              35.2525014,
              31.7624898
            ],
            [
              35.2526999,
              31.762987
            ],
            [
              35.2522063,
              31.763142
            ],
            [
              35.2521634,
              31.7633427
            ],
            [
              35.2521366,
              31.7636164
            ],
            [
              35.2519649,
              31.7637532
            ],
            [
              35.2516377,
              31.763849
            ],
            [
              35.2516324,
              31.7640862
            ],
            [
              35.2518523,
              31.764223
            ],
            [
              35.25204,
              31.7647019
            ],
            [
              35.2520883,
              31.7649208
            ],
            [
              35.2519649,
              31.7650485
            ],
            [
              35.2517826,
              31.7651397
            ],
            [
              35.2513695,
              31.7649573
            ],
            [
              35.2512461,
              31.7647703
            ],
            [
              35.2513749,
              31.7642458
            ],
            [
              35.2512676,
              31.7640588
            ],
            [
              35.2506855,
              31.7635913
            ]
          ]
        ]
      },
      "id": "way/444453854"
    },
    {
      "type": "Feature",
      "properties": {
        "@id": "way/781897380",
        "name": "קדמת ציון",
        "name:en": "Kidmat Zion",
        "name:fr": "Kidmat Zion",
        "name:he": "קדמת ציון",
        "place": "neighbourhood"
      },
      "geometry": {
        "type": "Polygon",
        "coordinates": [
          [
            [
              35.2533752,
              31.7618349
            ],
            [
              35.2531873,
              31.7621073
            ],
            [
              35.2530689,
              31.7623938
            ],
            [
              35.2529993,
              31.7626548
            ],
            [
              35.2528576,
              31.7628722
            ],
            [
              35.2528422,
              31.7628958
            ],
            [
              35.2528607,
              31.7631054
            ],
            [
              35.2530055,
              31.7634381
            ],
            [
              35.2529254,
              31.7635403
            ],
            [
              35.252759,
              31.7637263
            ],
            [
              35.2527128,
              31.7639306
            ],
            [
              35.2528126,
              31.7641537
            ],
            [
              35.2528013,
              31.7642823
            ],
            [
              35.2526481,
              31.7643026
            ],
            [
              35.2523739,
              31.7641847
            ],
            [
              35.252112,
              31.7642135
            ],
            [
              35.2519826,
              31.7643419
            ],
            [
              35.2520411,
              31.7644886
            ],
            [
              35.2522137,
              31.7647977
            ],
            [
              35.2522013,
              31.7650072
            ],
            [
              35.2520165,
              31.7651461
            ],
            [
              35.2518902,
              31.7648789
            ],
            [
              35.2518131,
              31.7645462
            ],
            [
              35.2516159,
              31.7644152
            ],
            [
              35.2514742,
              31.7644021
            ],
            [
              35.2514372,
              31.7638756
            ],
            [
              35.2514434,
              31.7631368
            ],
            [
              35.2514927,
              31.7628199
            ],
            [
              35.2517207,
              31.7625867
            ],
            [
              35.2521674,
              31.7622305
            ],
            [
              35.2525895,
              31.7618166
            ],
            [
              35.2529223,
              31.7617746
            ],
            [
              35.2533752,
              31.7618349
            ]
          ]
        ]
      },
      "id": "way/781897380"
    },
    {
      "type": "Feature",
      "properties": {
        "@id": "way/896003574",
        "name": "הר נוף",
        "name:en": "Har Nof",
        "name:fr": "Har Nof",
        "name:he": "הר נוף",
        "place": "neighbourhood",
        "wikidata": "Q2917976",
        "wikipedia": "he:הר נוף",
        "wikipedia:he": "הר נוף"
      },
      "geometry": {
        "type": "Polygon",
        "coordinates": [
          [
            [
              35.179647,
              31.7884013
            ],
            [
              35.1784454,
              31.7898057
            ],
            [
              35.1777158,
              31.7907176
            ],
            [
              35.1769219,
              31.7912466
            ],
            [
              35.1753721,
              31.7914398
            ],
            [
              35.1737676,
              31.7912283
            ],
            [
              35.1727032,
              31.7904048
            ],
            [
              35.1706777,
              31.7894409
            ],
            [
              35.1702941,
              31.7888716
            ],
            [
              35.1697033,
              31.7882775
            ],
            [
              35.1696398,
              31.7878741
            ],
            [
              35.1697476,
              31.7870123
            ],
            [
              35.1706227,
              31.7863507
            ],
            [
              35.1716099,
              31.7859003
            ],
            [
              35.1717675,
              31.7853519
            ],
            [
              35.1712223,
              31.7837089
            ],
            [
              35.1707657,
              31.7838612
            ],
            [
              35.1712617,
              31.7819526
            ],
            [
              35.1719061,
              31.7808376
            ],
            [
              35.1727781,
              31.7803499
            ],
            [
              35.173789,
              31.7799928
            ],
            [
              35.1741957,
              31.7807484
            ],
            [
              35.1758275,
              31.7810689
            ],
            [
              35.1774058,
              31.7819905
            ],
            [
              35.1784057,
              31.7817423
            ],
            [
              35.1789453,
              31.7815788
            ],
            [
              35.179861,
              31.7826475
            ],
            [
              35.1801405,
              31.7834584
            ],
            [
              35.179238,
              31.7844474
            ],
            [
              35.178801,
              31.7850527
            ],
            [
              35.1797952,
              31.785647
            ],
            [
              35.1801499,
              31.786068
            ],
            [
              35.179728,
              31.7868452
            ],
            [
              35.1800113,
              31.7882227
            ],
            [
              35.179647,
              31.7884013
            ]
          ]
        ]
      },
      "id": "way/896003574"
    },
    {
      "type": "Feature",
      "properties": {
        "@id": "way/911201087",
        "name": "חלומות ארנונה",
        "name:en": "Arnuna Ahlam",
        "name:fr": "Arnuna Ahlam",
        "name:he": "חלומות ארנונה",
        "place": "neighbourhood"
      },
      "geometry": {
        "type": "Polygon",
        "coordinates": [
          [
            [
              35.2250929,
              31.7567105
            ],
            [
              35.2249762,
              31.7561575
            ],
            [
              35.2249816,
              31.7560275
            ],
            [
              35.2250138,
              31.7559214
            ],
            [
              35.2251023,
              31.7558678
            ],
            [
              35.2258131,
              31.7557652
            ],
            [
              35.2265292,
              31.7556557
            ],
            [
              35.2269423,
              31.7560754
            ],
            [
              35.2265496,
              31.756425
            ],
            [
              35.2259767,
              31.7569352
            ],
            [
              35.2257675,
              31.7570583
            ],
            [
              35.2253357,
              31.7571872
            ],
            [
              35.2252069,
              31.7570127
            ],
            [
              35.2250929,
              31.7567105
            ]
          ]
        ]
      },
      "id": "way/911201087"
    },
    {
      "type": "Feature",
      "properties": {
        "@id": "way/1264088893",
        "name": "בתי אונגרין",
        "name:en": "Batei Ungarin",
        "name:he": "בתי אונגרין",
        "place": "neighbourhood",
        "wikidata": "Q2916491",
        "wikipedia": "en:Batei Ungarin",
        "wikipedia:en": "Batei Ungarin"
      },
      "geometry": {
        "type": "Polygon",
        "coordinates": [
          [
            [
              35.2234077,
              31.7874039
            ],
            [
              35.2231572,
              31.787177
            ],
            [
              35.2233678,
              31.7870549
            ],
            [
              35.2235492,
              31.7868974
            ],
            [
              35.2236602,
              31.7867971
            ],
            [
              35.2237807,
              31.7866709
            ],
            [
              35.223959,
              31.786435
            ],
            [
              35.2241014,
              31.7862056
            ],
            [
              35.2247508,
              31.7864562
            ],
            [
              35.2252123,
              31.7862825
            ],
            [
              35.2251311,
              31.7861366
            ],
            [
              35.2249165,
              31.7859535
            ],
            [
              35.2249554,
              31.7859247
            ],
            [
              35.2255002,
              31.7855211
            ],
            [
              35.2259304,
              31.7860285
            ],
            [
              35.2264954,
              31.7866421
            ],
            [
              35.2262073,
              31.7867469
            ],
            [
              35.2258423,
              31.786831
            ],
            [
              35.22524,
              31.7869869
            ],
            [
              35.2242607,
              31.7872194
            ],
            [
              35.2240485,
              31.7872698
            ],
            [
              35.2240257,
              31.7872752
            ],
            [
              35.2234077,
              31.7874039
            ]
          ]
        ]
      },
      "id": "way/1264088893"
    },
    {
      "type": "Feature",
      "properties": {
        "@id": "way/372422144",
        "alt_name:ml": "ജബൽ സഹിയൂൺ",
        "name": "הר ציון",
        "name:ar": "جبل صهيون",
        "name:ceb": "Mont Sion",
        "name:cs": "Sijón",
        "name:de": "Zionsberg",
        "name:en": "Mount Zion",
        "name:fr": "Mont Sion",
        "name:he": "הר ציון",
        "name:hu": "Sion-hegy",
        "name:ml": "സീയോൻ പർവ്വതം",
        "name:ro": "Muntele Sion",
        "place": "suburb",
        "wikidata": "Q332444",
        "wikipedia": "he:הר ציון",
        "wikipedia:he": "הר ציון",
        "@relations": [
          {
            "role": "outer",
            "rel": 5537772,
            "reltags": {
              "alt_name:ml": "ജബൽ സഹിയൂൺ",
              "name": "הר ציון",
              "name:ar": "جبل صهيون",
              "name:cs": "Sijón",
              "name:de": "Zionsberg",
              "name:en": "Mount Zion",
              "name:fr": "Mont Sion",
              "name:he": "הר ציון",
              "name:ml": "സിയോൺ പർവ്വതം",
              "name:ro": "Muntele Sion",
              "place": "suburb",
              "type": "multipolygon",
              "wikidata": "Q332444",
              "wikipedia": "he:הר ציון",
              "wikipedia:he": "הר ציון"
            }
          }
        ]
      },
      "geometry": {
        "type": "Polygon",
        "coordinates": [
          [
            [
              35.2305933,
              31.771897
            ],
            [
              35.2305169,
              31.7727436
            ],
            [
              35.2267981,
              31.772831
            ],
            [
              35.2268594,
              31.7716503
            ],
            [
              35.2266277,
              31.7713274
            ],
            [
              35.2270569,
              31.7701543
            ],
            [
              35.228382,
              31.7689138
            ],
            [
              35.2295192,
              31.7686356
            ],
            [
              35.2312358,
              31.7686812
            ],
            [
              35.2316946,
              31.7708571
            ],
            [
              35.2312328,
              31.7718797
            ],
            [
              35.2305933,
              31.771897
            ]
          ]
        ]
      },
      "id": "way/372422144"
    },
    {
      "type": "Feature",
      "properties": {
        "@id": "node/278469824",
        "gns_ref": "-781146",
        "name": "רמת אשכול",
        "name:en": "Ramat Eshkol",
        "name:en1": "Ramot Eshkol",
        "name:fr": "Ramat Eshkol",
        "name:he": "רמת אשכול",
        "name:he1": "רמות אשכול",
        "place": "suburb",
        "source": "GEOnet Names Server (gns)",
        "wikidata": "Q2778124"
      },
      "geometry": {
        "type": "Point",
        "coordinates": [
          35.2228759,
          31.8017893
        ]
      },
      "id": "node/278469824"
    },
    {
      "type": "Feature",
      "properties": {
        "@id": "node/278470233",
        "gns_ref": "-781096",
        "name": "קרית היובל",
        "name:ar": "كريات هايوڤيل",
        "name:en": "Kiryat HaYovel",
        "name:en1": "Beit Mazmil",
        "name:en2": "Jubilee Town",
        "name:en3": "Kiryat-Hayovel",
        "name:fi": "Kirjat HaJovel",
        "name:fr": "Kiryat HaYovel",
        "name:he": "קרית היובל",
        "place": "suburb",
        "source": "GEOnet Names Server (gns)",
        "wikidata": "Q2778158"
      },
      "geometry": {
        "type": "Point",
        "coordinates": [
          35.1750449,
          31.7643601
        ]
      },
      "id": "node/278470233"
    },
    {
      "type": "Feature",
      "properties": {
        "@id": "node/278470480",
        "alt_name:en": "Sanhedria HaMurchevet",
        "gns_ref": "-781289",
        "name": "סנהדריה מורחבת",
        "name:cs": "Sanhedrija ha-Murchevet",
        "name:en": "Sanhedria HaMurhevet",
        "name:fr": "Sanhedria Murhevet",
        "name:he": "סנהדריה מורחבת",
        "place": "suburb",
        "source": "GEOnet Names Server (gns)",
        "wikidata": "Q2899251"
      },
      "geometry": {
        "type": "Point",
        "coordinates": [
          35.2175385,
          31.802587
        ]
      },
      "id": "node/278470480"
    },
    {
      "type": "Feature",
      "properties": {
        "@id": "node/278470644",
        "gns_ref": "-779924",
        "name": "גבעת שאול",
        "name:en": "Givat Shaul",
        "name:fr": "Givat Shaul",
        "name:he": "גבעת שאול",
        "place": "suburb",
        "source": "GEOnet Names Server (gns)",
        "wikidata": "Q2778178"
      },
      "geometry": {
        "type": "Point",
        "coordinates": [
          35.1931023,
          31.7911185
        ]
      },
      "id": "node/278470644"
    },
    {
      "type": "Feature",
      "properties": {
        "@id": "node/278471069",
        "gns_ref": "-780266",
        "name": "עיר גנים",
        "name:en": "Ir Gannim",
        "name:fr": "Ir Ganim",
        "name:he": "עיר גנים",
        "place": "suburb",
        "source": "GEOnet Names Server (gns)",
        "wikidata": "Q2897167"
      },
      "geometry": {
        "type": "Point",
        "coordinates": [
          35.1731258,
          31.7556535
        ]
      },
      "id": "node/278471069"
    },
    {
      "type": "Feature",
      "properties": {
        "@id": "node/278473074",
        "gns_ref": "-781100",
        "name": "קרית מנחם",
        "name:en": "Kiryat Menachem",
        "name:fr": "Kiryat Menachem",
        "name:he": "קרית מנחם",
        "place": "suburb",
        "source": "GEOnet Names Server (gns)",
        "wikidata": "Q2906618"
      },
      "geometry": {
        "type": "Point",
        "coordinates": [
          35.1649162,
          31.7578408
        ]
      },
      "id": "node/278473074"
    },
    {
      "type": "Feature",
      "properties": {
        "@id": "node/278473356",
        "gns_ref": "-781733",
        "int_name": "Yafe Nof",
        "name": "יפה נוף",
        "name:en": "Yefe Nof",
        "name:fr": "Yefeh Nof",
        "name:he": "יפה נוף",
        "place": "suburb",
        "source": "GEOnet Names Server (gns)",
        "wikidata": "Q2904408"
      },
      "geometry": {
        "type": "Point",
        "coordinates": [
          35.1851649,
          31.778508
        ]
      },
      "id": "node/278473356"
    },
    {
      "type": "Feature",
      "properties": {
        "@id": "node/278474182",
        "alt_name:he": "גאולים",
        "gns_ref": "-779867",
        "name": "בקעה",
        "name:ar": "بقعه",
        "name:cs": "Bak'a",
        "name:en": "Baka",
        "name:fr": "Baka",
        "name:he": "בקעה",
        "name:ru": "Бака",
        "official_name:cs": "Ge'ulim",
        "official_name:en": "Geullim",
        "place": "suburb",
        "source": "GEOnet Names Server (gns)",
        "wikidata": "Q2916464"
      },
      "geometry": {
        "type": "Point",
        "coordinates": [
          35.2196723,
          31.7595534
        ]
      },
      "id": "node/278474182"
    },
    {
      "type": "Feature",
      "properties": {
        "@id": "node/278475686",
        "gns_ref": "-781288",
        "name": "סנהדריה",
        "name:en": "Sanhedriyya",
        "name:fr": "Sanhédriah",
        "name:he": "סנהדריה",
        "place": "suburb",
        "source": "GEOnet Names Server (gns)",
        "wikidata": "Q2749900"
      },
      "geometry": {
        "type": "Point",
        "coordinates": [
          35.2201992,
          31.800079
        ]
      },
      "id": "node/278475686"
    },
    {
      "type": "Feature",
      "properties": {
        "@id": "node/278475869",
        "alt_name:ar": "غيفعات حنانيه;الثوري",
        "alt_name:cs": "Giv'at Chanaja",
        "alt_name:en": "Givat Hananya;Ath-Thuri",
        "alt_name:he": "גבעת חנניה;אל ת'ורי",
        "is_in": "Jerusalem",
        "name": "أبو طور",
        "name:ar": "أبو طور",
        "name:cs": "Abu Tor",
        "name:en": "Abu Tor",
        "name:fr": "Abu Tor",
        "name:he": "אבו טור",
        "name:ml": "അബു തോർ",
        "place": "suburb",
        "wikidata": "Q2918520"
      },
      "geometry": {
        "type": "Point",
        "coordinates": [
          35.2324444,
          31.7645177
        ]
      },
      "id": "node/278475869"
    },
    {
      "type": "Feature",
      "properties": {
        "@id": "node/278476009",
        "alt_name:en": "Arnona",
        "alt_name:he": "ארנונה",
        "gns_ref": "-781508",
        "name": "תלפיות",
        "name:ar": "تلبيوت",
        "name:en": "Talpiot",
        "name:fr": "Talpiot",
        "name:he": "תלפיות",
        "name:ru": "Талпиот",
        "place": "suburb",
        "source": "GEOnet Names Server (gns);local knowledge",
        "wikidata": "Q1310344",
        "wikipedia": "en:Talpiot",
        "wikipedia:en": "Talpiot"
      },
      "geometry": {
        "type": "Point",
        "coordinates": [
          35.2160228,
          31.7515394
        ]
      },
      "id": "node/278476009"
    },
    {
      "type": "Feature",
      "properties": {
        "@id": "node/278476471",
        "alt_name:ar": "بييت ويچان",
        "alt_name:en": "Bayit Vegan",
        "gns_ref": "-779350",
        "name": "בית וגן",
        "name:ar": "بييت فيغان",
        "name:en": "Bayit Wegan",
        "name:fr": "Bayit VeGan",
        "name:he": "בית וגן",
        "place": "suburb",
        "source": "GEOnet Names Server (gns)",
        "wikidata": "Q2918524"
      },
      "geometry": {
        "type": "Point",
        "coordinates": [
          35.1866879,
          31.7641422
        ]
      },
      "id": "node/278476471"
    },
    {
      "type": "Feature",
      "properties": {
        "@id": "node/278477123",
        "gns_ref": "-779438",
        "int_name": "Beit Hakerem",
        "name": "בית הכרם",
        "name:en": "Beit HaKerem",
        "name:en1": "Bet HaKerem",
        "name:fr": "Beit HaKerem",
        "name:he": "בית הכרם",
        "place": "suburb",
        "source": "GEOnet Names Server (gns)",
        "wikidata": "Q2918294"
      },
      "geometry": {
        "type": "Point",
        "coordinates": [
          35.1894235,
          31.7789979
        ]
      },
      "id": "node/278477123"
    },
    {
      "type": "Feature",
      "properties": {
        "@id": "node/278477134",
        "alt_name:cs": "Vyzdvihnutá",
        "alt_name:en": "Uplifted",
        "gns_ref": "-781241",
        "name": "רוממה",
        "name:ar": "روميما",
        "name:cs": "Romema",
        "name:en": "Romema",
        "name:en1": "Romeima Quarter",
        "name:fi": "Romema",
        "name:fr": "Romema",
        "name:he": "רוממה",
        "name:ru": "Ромема",
        "place": "suburb",
        "source": "GEOnet Names Server (gns)",
        "wikidata": "Q2919398"
      },
      "geometry": {
        "type": "Point",
        "coordinates": [
          35.2036799,
          31.7916556
        ]
      },
      "id": "node/278477134"
    },
    {
      "type": "Feature",
      "properties": {
        "@id": "node/278477279",
        "gns_ref": "-779921",
        "name": "גבעת רם",
        "name:en": "Givat Ram",
        "name:fr": "Guivat Ram",
        "name:he": "גבעת רם",
        "place": "suburb",
        "source": "GEOnet Names Server (gns)",
        "wikidata": "Q2426848"
      },
      "geometry": {
        "type": "Point",
        "coordinates": [
          35.1969128,
          31.7778868
        ]
      },
      "id": "node/278477279"
    },
    {
      "type": "Feature",
      "properties": {
        "@id": "node/278477306",
        "alt_name:cs": "Isavija",
        "alt_name:en": "Isawiyya;Issawiya",
        "gns_ref": "-780272",
        "is_in:country": "Israel",
        "is_in:state": "Jerusalem",
        "name": "العيسوية",
        "name:ar": "العيسوية",
        "name:cs": "Íssávíja",
        "name:en": "Isawiya",
        "name:fr": "Issawiya",
        "name:he": "עיסוויה",
        "name:id": "Isawiya",
        "name:ml": "ഈസവിയ",
        "place": "suburb",
        "source": "GEOnet Names Server (gns)",
        "wikidata": "Q947454",
        "wikipedia": "en:Isawiya",
        "wikipedia:en": "Isawiya"
      },
      "geometry": {
        "type": "Point",
        "coordinates": [
          35.2496729,
          31.7990943
        ]
      },
      "id": "node/278477306"
    },
    {
      "type": "Feature",
      "properties": {
        "@id": "node/278477772",
        "gns_ref": "-781101",
        "name": "קרית משה",
        "name:en": "Kiryat Moshe",
        "name:en1": "Kiriat Moshe",
        "name:en2": "Montefiore",
        "name:en3": "Shekhunat Montefiore",
        "name:fr": "Kiryat Moshe",
        "name:he": "קרית משה",
        "place": "suburb",
        "source": "GEOnet Names Server (gns)",
        "wikidata": "Q2916142"
      },
      "geometry": {
        "type": "Point",
        "coordinates": [
          35.194389,
          31.7850583
        ]
      },
      "id": "node/278477772"
    },
    {
      "type": "Feature",
      "properties": {
        "@id": "node/278477790",
        "alt_name:cs": "Ja'akovova Oáza",
        "alt_name:en": "Kefar Ivri",
        "fixme": "name, name:he mismatch. Flagged by SafwatHalaby_bot-nameCopy",
        "gns_ref": "-780884",
        "name": "נוה יעקב",
        "name:cs": "Neve Ja'akov",
        "name:en": "Neve Yaakov",
        "name:fr": "Neve Yaakov",
        "name:he": "נווה יעקב",
        "place": "neighbourhood",
        "source": "GEOnet Names Server (gns)",
        "wikidata": "Q2918013",
        "wikipedia": "en:Neve Yaakov",
        "wikipedia:en": "Neve Yaakov"
      },
      "geometry": {
        "type": "Point",
        "coordinates": [
          35.24206,
          31.842212
        ]
      },
      "id": "node/278477790"
    },
    {
      "type": "Feature",
      "properties": {
        "@id": "node/278478009",
        "gns_ref": "-779917",
        "name": "גבעת מרדכי",
        "name:en": "Givat Mordekhay",
        "name:fr": "Givat Mordechai",
        "name:he": "גבעת מרדכי",
        "place": "suburb",
        "source": "GEOnet Names Server (gns)",
        "wikidata": "Q2901594"
      },
      "geometry": {
        "type": "Point",
        "coordinates": [
          35.1968266,
          31.762696
        ]
      },
      "id": "node/278478009"
    },
    {
      "type": "Feature",
      "properties": {
        "@id": "node/278478444",
        "gns_ref": "-780568",
        "image": "https://upload.wikimedia.org/wikipedia/commons/5/5f/Al-Maliha1.jpg",
        "name": "מלחה",
        "name:ar": "المالحة",
        "name:en": "Malha",
        "name:en1": "Al Malha",
        "name:en2": "Al Maliha",
        "name:en3": "Manahat",
        "name:en4": "Malhah",
        "name:en5": "Maliha",
        "name:fr": "Malha",
        "name:he": "מלחה",
        "name:he1": "מנחת",
        "place": "suburb",
        "source": "GEOnet Names Server (gns)",
        "wikidata": "Q2915596",
        "wikipedia": "he:מלחה (שכונה)",
        "wikipedia:en": "Malha",
        "wikipedia:he": "מלחה (שכונה)"
      },
      "geometry": {
        "type": "Point",
        "coordinates": [
          35.1829753,
          31.7514658
        ]
      },
      "id": "node/278478444"
    },
    {
      "type": "Feature",
      "properties": {
        "@id": "node/332794849",
        "is_in:state": "Jerusalem",
        "name": "كفر عقب",
        "name:ar": "كفر عقب",
        "name:en": "Kafr 'Aqab",
        "name:fi": "Kfar Akab",
        "name:fr": "Kafr Akab",
        "name:he": "כפר עקב",
        "name:id": "Kafr Aqab",
        "place": "suburb",
        "wikidata": "Q2918647",
        "wikipedia": "he:כפר עקב",
        "wikipedia:he": "כפר עקב"
      },
      "geometry": {
        "type": "Point",
        "coordinates": [
          35.2187739,
          31.8748922
        ]
      },
      "id": "node/332794849"
    },
    {
      "type": "Feature",
      "properties": {
        "@id": "node/334463851",
        "alt_name:cs": "Bejt Chanína",
        "alt_name:he": "בית חנינא",
        "name": "بيت حنينا",
        "name:ar": "بيت حنينا",
        "name:cs": "Bejt Hanína",
        "name:en": "Beit Hanina",
        "name:fr": "Beit Hanina",
        "name:he": "בית חנינא",
        "name:ml": "ബെയ്ത്ത് ഹനീന",
        "place": "suburb",
        "source": "http://vprofile.arij.org/jerusalem/ar/pdfs/vprofile/BeitHanina_VP_ar.pdf",
        "wikidata": "Q2919614",
        "wikipedia": "he:בית חנינא",
        "wikipedia:he": "בית חנינא"
      },
      "geometry": {
        "type": "Point",
        "coordinates": [
          35.2277301,
          31.8248703
        ]
      },
      "id": "node/334463851"
    },
    {
      "type": "Feature",
      "properties": {
        "@id": "node/334464842",
        "alt_name:en": "Shu'fat",
        "name": "شعفاط‎",
        "name:ar": "شعفاط‎",
        "name:cs": "Šu'afát",
        "name:en": "Shuafat",
        "name:fr": "Shuafat",
        "name:he": "שועפט",
        "name:ml": "ഷുഅഫാത്ത്",
        "place": "suburb",
        "wikidata": "Q2915231",
        "wikipedia": "he:שועפאט",
        "wikipedia:he": "שועפאט"
      },
      "geometry": {
        "type": "Point",
        "coordinates": [
          35.2352104,
          31.8107643
        ]
      },
      "id": "node/334464842"
    },
    {
      "type": "Feature",
      "properties": {
        "@id": "node/334491712",
        "alt_name:en": "Tsur Baher",
        "is_in": "Jerusalem",
        "name": "صور باهر",
        "name:ar": "صور باهر",
        "name:cs": "Súr Báhir",
        "name:en": "Sur Baher",
        "name:fr": "Tsour Baher",
        "name:he": "צור באהר",
        "name:he1": "סור באהר",
        "name:mk": "Шур Бахер",
        "name:ml": "സൂർ ബാഹർ",
        "name:pl": "Sur Baher",
        "place": "suburb",
        "wikidata": "Q2916287",
        "wikipedia": "ar:صور باهر",
        "wikipedia:ar": "صور باهر"
      },
      "geometry": {
        "type": "Point",
        "coordinates": [
          35.2314339,
          31.7379075
        ]
      },
      "id": "node/334491712"
    },
    {
      "type": "Feature",
      "properties": {
        "@id": "node/334492197",
        "name": "بيت صفافا",
        "name:ar": "بيت صفافا",
        "name:en": "Beit Safafa",
        "name:fr": "Beit Safafa",
        "name:he": "בית צפאפא",
        "place": "suburb",
        "wikidata": "Q814904"
      },
      "geometry": {
        "type": "Point",
        "coordinates": [
          35.2062517,
          31.7441489
        ]
      },
      "id": "node/334492197"
    },
    {
      "type": "Feature",
      "properties": {
        "@id": "node/390305543",
        "alt_name:ur": "اندرون شہر (یروشلم);قدیم شہر;قدیم شہر (یروشلم);قدیم شہر (بیت المقدس);اندرون شہر (بیت المقدس)",
        "name": "البلدة القديمة - העיר העתיקה",
        "name:ar": "البلدة القديمة",
        "name:cs": "Staré Město",
        "name:de": "Altstadt",
        "name:en": "Old City",
        "name:es": "Ciudad Vieja de Jerusalén",
        "name:fi": "Vanhakaupunki",
        "name:fr": "Vieille ville de Jérusalem",
        "name:he": "העיר העתיקה",
        "name:hi": "पुराना शहर",
        "name:hr": "Stari grad",
        "name:hu": "Óváros",
        "name:it": "Città Vecchia",
        "name:ja": "エルサレム旧市街",
        "name:ml": "പുരാതന നഗരം",
        "name:pl": "Stare Miasto",
        "name:ro": "Centrul vechi (Cetatea)",
        "name:ru": "Старый Город",
        "name:uk": "Старий Город",
        "name:ur": "اندرون شہر",
        "place": "suburb",
        "wikidata": "Q213274",
        "wikipedia": "en:Old City (Jerusalem)",
        "wikipedia:en": "Old City (Jerusalem)"
      },
      "geometry": {
        "type": "Point",
        "coordinates": [
          35.2319526,
          31.7782872
        ]
      },
      "id": "node/390305543"
    },
    {
      "type": "Feature",
      "properties": {
        "@id": "node/432282367",
        "alt_name:cs": "Ze'evův Vrcholek",
        "description": "שכונה בצפון ירושלים המחולקת לחמישה אזורים",
        "description:he": "שכונה בצפון ירושלים המחולקת לחמישה אזורים",
        "image": "https://upload.wikimedia.org/wikipedia/commons/9/9d/PisgatzeevS.jpg",
        "name": "פסגת זאב",
        "name:ar": "بسجات زئيف",
        "name:cs": "Pisgat Ze'ev",
        "name:en": "Pisgat Ze'ev",
        "name:fr": "Pisgat Ze'ev",
        "name:he": "פסגת זאב",
        "name:ml": "പിസ്ഗാത്ത് സീവ്",
        "name:ru": "Писгат-Зеев",
        "place": "suburb",
        "wikidata": "Q1028231",
        "wikipedia": "he:פסגת זאב",
        "wikipedia:en": "Pisgat Ze'ev",
        "wikipedia:he": "פסגת זאב"
      },
      "geometry": {
        "type": "Point",
        "coordinates": [
          35.2485718,
          31.821263
        ]
      },
      "id": "node/432282367"
    },
    {
      "type": "Feature",
      "properties": {
        "@id": "node/432295585",
        "name": "רמות",
        "name:ar": "راموت",
        "name:en": "Ramot",
        "name:fr": "Ramot",
        "name:he": "רמות",
        "place": "suburb",
        "wikidata": "Q893215"
      },
      "geometry": {
        "type": "Point",
        "coordinates": [
          35.1954938,
          31.81561
        ]
      },
      "id": "node/432295585"
    },
    {
      "type": "Feature",
      "properties": {
        "@id": "node/520695908",
        "alt_name:ar": "هار حوما",
        "alt_name:en": "Har Homa",
        "alt_name:fi": "Har Homa",
        "alt_name:he": "הר חומה",
        "name": "חומת שמואל",
        "name:ar": "حومات شموئيل",
        "name:en": "Homat Shmuel",
        "name:fi": "Homat Shmuel",
        "name:fr": "Har Homa",
        "name:he": "חומת שמואל",
        "place": "suburb",
        "wikidata": "Q1584365"
      },
      "geometry": {
        "type": "Point",
        "coordinates": [
          35.2212813,
          31.7257259
        ]
      },
      "id": "node/520695908"
    },
    {
      "type": "Feature",
      "properties": {
        "@id": "node/562664558",
        "name": "רחביה",
        "name:ar": "رحافيا‎",
        "name:cs": "Rechavja",
        "name:en": "Rehavia",
        "name:fr": "Réhavia",
        "name:he": "רחביה",
        "place": "suburb",
        "wikidata": "Q654128"
      },
      "geometry": {
        "type": "Point",
        "coordinates": [
          35.2120777,
          31.7748
        ]
      },
      "id": "node/562664558"
    },
    {
      "type": "Feature",
      "properties": {
        "@id": "node/942638670",
        "alt_name:ar": "جيلو",
        "name": "גילה",
        "name:ar": "چيلو",
        "name:en": "Gilo",
        "name:fi": "Gilo",
        "name:fr": "Gilo",
        "name:he": "גילה",
        "place": "suburb",
        "wikidata": "Q1524664"
      },
      "geometry": {
        "type": "Point",
        "coordinates": [
          35.1867748,
          31.7311395
        ]
      },
      "id": "node/942638670"
    },
    {
      "type": "Feature",
      "properties": {
        "@id": "node/948424035",
        "name": "רמת דניה",
        "name:ar": "رمات دينيا",
        "name:en": "Ramat Denya",
        "name:fr": "Ramat Denya",
        "name:he": "רמת דניה",
        "place": "suburb",
        "wikidata": "Q2778093"
      },
      "geometry": {
        "type": "Point",
        "coordinates": [
          35.1811139,
          31.7625073
        ]
      },
      "id": "node/948424035"
    },
    {
      "type": "Feature",
      "properties": {
        "@id": "node/1123580870",
        "name": "הר חוצבים",
        "name:ar": "هار هوتزڤيم",
        "name:en": "Har Hotzvim",
        "name:fr": "Har Hotzvim",
        "name:he": "הר חוצבים",
        "place": "suburb",
        "wikidata": "Q2901143"
      },
      "geometry": {
        "type": "Point",
        "coordinates": [
          35.2097023,
          31.8016529
        ]
      },
      "id": "node/1123580870"
    },
    {
      "type": "Feature",
      "properties": {
        "@id": "node/1523299869",
        "name": "אזור תעשיה עטרות",
        "name:ar": "المنطقة الصناعية عطروت",
        "name:cs": "průmyslová zóna Atarot",
        "name:en": "Atarot industrial zone",
        "name:fr": "Atarot",
        "name:he": "אזור תעשיה עטרות",
        "place": "suburb",
        "sorting_name:cs": "Atarot",
        "wikidata": "Q2921103",
        "wikipedia": "he:אזור התעשייה עטרות",
        "wikipedia:he": "אזור התעשייה עטרות"
      },
      "geometry": {
        "type": "Point",
        "coordinates": [
          35.21871,
          31.85492
        ]
      },
      "id": "node/1523299869"
    },
    {
      "type": "Feature",
      "properties": {
        "@id": "node/1684377382",
        "gns_ref": "-779703",
        "name": "עין כרם",
        "name:ar": "عين كارم",
        "name:en": "Ein Kerem",
        "name:en1": "Ain Karim",
        "name:en2": "`Ayn Karim",
        "name:en3": "En Kerem",
        "name:fr": "Ein Kerem",
        "name:he": "עין כרם",
        "name:it": "Ain Karem",
        "name:ro": "Ein Karem",
        "place": "suburb",
        "source": "GEOnet Names Server (gns)",
        "wikidata": "Q1022487"
      },
      "geometry": {
        "type": "Point",
        "coordinates": [
          35.1639025,
          31.7676367
        ]
      },
      "id": "node/1684377382"
    },
    {
      "type": "Feature",
      "properties": {
        "@id": "node/1934153208",
        "description": "מתחם מגורים שהוקם בדרום ירושלים, בפסגת רכס המתנשא מול שכונת מלחה ומעל עמק הצבאים. המבנים בו הוגדרו כמפגע סביבתי, מגלומני, וחוסם נוף בברוטאליות.",
        "description:he": "מתחם מגורים שהוקם בדרום ירושלים, בפסגת רכס המתנשא מול שכונת מלחה ומעל עמק הצבאים. המבנים בו הוגדרו כמפגע סביבתי, מגלומני, וחוסם נוף בברוטאליות.",
        "name": "הולילנד",
        "name:en": "Holyland-Park",
        "name:fi": "Holyland",
        "name:fr": "Holyland",
        "name:he": "הולילנד",
        "place": "neighbourhood",
        "wikidata": "Q1134108",
        "wikipedia": "he:הולילנד",
        "wikipedia:en": "Holyland Case",
        "wikipedia:he": "הולילנד"
      },
      "geometry": {
        "type": "Point",
        "coordinates": [
          35.1887956,
          31.756516
        ]
      },
      "id": "node/1934153208"
    },
    {
      "type": "Feature",
      "properties": {
        "@id": "node/2031059157",
        "name": "أم طوبا",
        "name:ar": "أم طوبا",
        "name:en": "Umm Tuba",
        "name:fr": "Umm Tuba",
        "name:he": "אום טובא",
        "name:ml": "ഉമ്മു തൂബ",
        "place": "suburb",
        "wikidata": "Q2897524",
        "wikipedia": "en:Umm Tuba",
        "wikipedia:en": "Umm Tuba",
        "wikipedia:he": "אום טובא"
      },
      "geometry": {
        "type": "Point",
        "coordinates": [
          35.2314186,
          31.7342777
        ]
      },
      "id": "node/2031059157"
    },
    {
      "type": "Feature",
      "properties": {
        "@id": "node/2031059158",
        "alt_name:ar": "السواحرة الغربية",
        "alt_name:en": "Al-Sawahra al-Gharbiyye;Jabel Mukaber;Jabel Mukhaber",
        "alt_name:he": "א־סוואחרה אל־ע'רביה",
        "is_in": "Jerusalem",
        "name": "جبل مكبر",
        "name:ar": "جبل مكبر",
        "name:en": "Jabel Mukabar",
        "name:fr": "Jabel Moukaber",
        "name:he": "ג'בל מוכאבר",
        "name:ml": "ജബൽ മുക്കബർ",
        "place": "suburb",
        "wikidata": "Q2902361",
        "wikipedia": "en:Jabel Mukaber",
        "wikipedia:en": "Jabel Mukaber"
      },
      "geometry": {
        "type": "Point",
        "coordinates": [
          35.2457204,
          31.7520029
        ]
      },
      "id": "node/2031059158"
    },
    {
      "type": "Feature",
      "properties": {
        "@id": "node/2031059159",
        "name": "وادي الجوز‎",
        "name:ar": "وادي الجوز‎",
        "name:cs": "Wádí al-Džúz",
        "name:en": "Wadi al-Joz",
        "name:fr": "Wadi al-Joz",
        "name:he": "ואדי ג'וז",
        "name:ml": "വാദി അൽ-ജൂസ്",
        "name:ru": "Вади-эль-Яуз",
        "place": "suburb",
        "source": "Bing",
        "wikidata": "Q2918594",
        "wikipedia": "en:Wadi al-Joz",
        "wikipedia:en": "Wadi al-Joz"
      },
      "geometry": {
        "type": "Point",
        "coordinates": [
          35.2366923,
          31.7899912
        ]
      },
      "id": "node/2031059159"
    },
    {
      "type": "Feature",
      "properties": {
        "@id": "node/2031059160",
        "alt_name:he": "שמעון הצדיק",
        "name": "الشيخ جراح",
        "name:ar": "الشيخ جراح",
        "name:cs": "Šejch Džarach",
        "name:de": "Scheich Dscharrah",
        "name:en": "Sheikh Jarrah",
        "name:fr": "Sheikh Jarrah",
        "name:he": "שייח' ג'ראח",
        "name:ml": "ഷെയ്ഖ് ജർറാഹ്",
        "name:pl": "Szeik Jarrah",
        "name:ru": "Шейх-Джаррах",
        "place": "suburb",
        "wikidata": "Q1026801",
        "wikipedia": "en:Sheikh Jarrah",
        "wikipedia:en": "Sheikh Jarrah"
      },
      "geometry": {
        "type": "Point",
        "coordinates": [
          35.2309055,
          31.7947744
        ]
      },
      "id": "node/2031059160"
    },
    {
      "type": "Feature",
      "properties": {
        "@id": "node/2031059161",
        "name": "باب الساهرة",
        "name:ar": "باب الساهرة",
        "name:cs": "Báb az-Záhra",
        "name:en": "Bab a-Zahara",
        "name:fr": "Bab a-Zahara",
        "name:he": "באב א-זהרה",
        "name:ml": "ബാബ് അസ്സഹ്റ",
        "name:pl": "Bab az-Zahira",
        "name:ru": "Беб-а-Захара",
        "place": "suburb",
        "wikidata": "Q2920000",
        "wikipedia": "en:Bab a-Zahara",
        "wikipedia:en": "Bab a-Zahara"
      },
      "geometry": {
        "type": "Point",
        "coordinates": [
          35.2308087,
          31.7855769
        ]
      },
      "id": "node/2031059161"
    },
    {
      "type": "Feature",
      "properties": {
        "@id": "node/2031059192",
        "name": "الطور‎",
        "name:ar": "الطور‎",
        "name:cs": "at-Tur",
        "name:en": "at-Tur",
        "name:fr": "At-Tur",
        "name:he": "א-טור",
        "name:ml": "അത്തൂർ",
        "place": "suburb",
        "source": "Bing",
        "wikidata": "Q2916177",
        "wikipedia": "en:At-Tur (Mount of Olives)",
        "wikipedia:en": "At-Tur (Mount of Olives)"
      },
      "geometry": {
        "type": "Point",
        "coordinates": [
          35.2492953,
          31.7812795
        ]
      },
      "id": "node/2031059192"
    },
    {
      "type": "Feature",
      "properties": {
        "@id": "node/2081525605",
        "name": "בית ישראל",
        "name:ar": "بيت اسرائيل",
        "name:en": "Beit Yisroel",
        "name:en1": "Beit Yisrael",
        "name:fr": "Beit Yisrael",
        "name:he": "בית ישראל",
        "place": "suburb",
        "wikidata": "Q2916609"
      },
      "geometry": {
        "type": "Point",
        "coordinates": [
          35.2227208,
          31.789301
        ]
      },
      "id": "node/2081525605"
    },
    {
      "type": "Feature",
      "properties": {
        "@id": "node/2081525606",
        "alt_name": "ארמון הנציב",
        "alt_name:en": "Armon HaNetziv",
        "alt_name:ru": "Армон а-Нацив",
        "name": "תלפיות מזרח",
        "name:ar": "تلبيوت الشرقية",
        "name:de": "Ost-Talpiot",
        "name:en": "East Talpiot",
        "name:fi": "Itä-Talpiot",
        "name:fr": "Talpiot Est",
        "name:he": "תלפיות מזרח",
        "name:ru": "Восточный Тальпиот",
        "place": "suburb",
        "wikidata": "Q2920377",
        "wikipedia": "en:East Talpiot",
        "wikipedia:en": "East Talpiot"
      },
      "geometry": {
        "type": "Point",
        "coordinates": [
          35.2337721,
          31.7496635
        ]
      },
      "id": "node/2081525606"
    },
    {
      "type": "Feature",
      "properties": {
        "@id": "node/2081525607",
        "name": "הגבעה הצרפתית",
        "name:ar": "تل الفرنسية",
        "name:en": "French Hill",
        "name:fr": "French Hill",
        "name:he": "הגבעה הצרפתית",
        "place": "suburb",
        "wikidata": "Q1455257"
      },
      "geometry": {
        "type": "Point",
        "coordinates": [
          35.2382763,
          31.8040234
        ]
      },
      "id": "node/2081525607"
    },
    {
      "type": "Feature",
      "properties": {
        "@id": "node/2081525608",
        "alt_name:cs": "ha-Mošava ha-Germanit",
        "alt_name:en": "HaMoshava HaGermanit",
        "name": "המושבה הגרמנית",
        "name:ar": "المستعمرة الألمانية",
        "name:ca": "Colònia Alemanya",
        "name:cs": "Německá Kolonie",
        "name:de": "Deutsche Kolonie",
        "name:en": "German Colony",
        "name:es": "Colonia Alemana",
        "name:fr": "Colonie allemande",
        "name:he": "המושבה הגרמנית",
        "name:yi": "דייטשע קאלאניע",
        "place": "suburb",
        "wikidata": "Q2916474",
        "wikipedia": "yi:דייטשע קאלאניע",
        "wikipedia:yi": "דייטשע קאלאניע"
      },
      "geometry": {
        "type": "Point",
        "coordinates": [
          35.2205513,
          31.7643906
        ]
      },
      "id": "node/2081525608"
    },
    {
      "type": "Feature",
      "properties": {
        "@id": "node/2081525609",
        "alt_name:ar": "گئولا;چئولا",
        "name": "גאולה",
        "name:ar": "جئولا",
        "name:en": "Geula",
        "name:fr": "Geoulah",
        "name:he": "גאולה",
        "name:ru": "Геула",
        "place": "suburb",
        "wikidata": "Q2919891",
        "wikipedia": "en:Geula",
        "wikipedia:en": "Geula"
      },
      "geometry": {
        "type": "Point",
        "coordinates": [
          35.2172228,
          31.7901838
        ]
      },
      "id": "node/2081525609"
    },
    {
      "type": "Feature",
      "properties": {
        "@id": "node/2081525610",
        "name": "הבוכרים",
        "name:en": "HaBukharim",
        "name:fr": "Quartier Bukharim",
        "name:he": "הבוכרים",
        "place": "suburb",
        "wikidata": "Q2037512",
        "wikipedia": "he:שכונת הבוכרים",
        "wikipedia:he": "שכונת הבוכרים"
      },
      "geometry": {
        "type": "Point",
        "coordinates": [
          35.2187857,
          31.7925078
        ]
      },
      "id": "node/2081525610"
    },
    {
      "type": "Feature",
      "properties": {
        "@id": "node/2081525611",
        "name": "הר נוף",
        "name:ar": "هار نوف",
        "name:en": "Har Nof",
        "name:fr": "Har Nof",
        "name:he": "הר נוף",
        "place": "neighbourhood",
        "wikidata": "Q2917976"
      },
      "geometry": {
        "type": "Point",
        "coordinates": [
          35.1741509,
          31.7858115
        ]
      },
      "id": "node/2081525611"
    },
    {
      "type": "Feature",
      "properties": {
        "@id": "node/2081525612",
        "name": "קטמונים (גוננים)",
        "name:ar": "قطمون‎",
        "name:en": "Katamonim",
        "name:fr": "Katamonim",
        "name:he": "קטמונים (גוננים)",
        "place": "suburb",
        "wikidata": "Q18192148"
      },
      "geometry": {
        "type": "Point",
        "coordinates": [
          35.2057324,
          31.7560437
        ]
      },
      "id": "node/2081525612"
    },
    {
      "type": "Feature",
      "properties": {
        "@id": "node/2081525613",
        "name": "קרית בעלז",
        "name:en": "Kiryat Belz",
        "name:fr": "Kiryat Belz",
        "name:he": "קרית בעלז",
        "place": "neighbourhood"
      },
      "geometry": {
        "type": "Point",
        "coordinates": [
          35.2075405,
          31.797151
        ]
      },
      "id": "node/2081525613"
    },
    {
      "type": "Feature",
      "properties": {
        "@id": "node/2081525614",
        "alt_name:cs": "Vládní Město",
        "alt_name:en": "Government Complex",
        "name": "קרית הממשלה",
        "name:cs": "Kirjat ha-Memšala",
        "name:en": "Kiryat HaMemshalah",
        "name:fr": "Kiryat HaMemshala",
        "name:he": "קרית הממשלה",
        "place": "suburb",
        "wikidata": "Q2916125"
      },
      "geometry": {
        "type": "Point",
        "coordinates": [
          35.2028074,
          31.7799495
        ]
      },
      "id": "node/2081525614"
    },
    {
      "type": "Feature",
      "properties": {
        "@id": "node/2081525615",
        "name": "קרית שמואל",
        "name:en": "Kiryat Shmuel",
        "name:fr": "Kiryat Shmuel",
        "name:he": "קרית שמואל",
        "place": "suburb",
        "wikidata": "Q2899861"
      },
      "geometry": {
        "type": "Point",
        "coordinates": [
          35.2114263,
          31.7688698
        ]
      },
      "id": "node/2081525615"
    },
    {
      "type": "Feature",
      "properties": {
        "@id": "node/2081525616",
        "name": "מעלות דפנה",
        "name:en": "Maalot Dafna",
        "name:fr": "Ma'alot Dafna",
        "name:he": "מעלות דפנה",
        "place": "suburb",
        "wikidata": "Q2900311"
      },
      "geometry": {
        "type": "Point",
        "coordinates": [
          35.2246764,
          31.7933736
        ]
      },
      "id": "node/2081525616"
    },
    {
      "type": "Feature",
      "properties": {
        "@id": "node/2081525617",
        "name": "מאה שערים",
        "name:ar": "مئة شعاريم",
        "name:cs": "Me'a Še'arim",
        "name:en": "Meah Shearim",
        "name:fi": "Mea Shearim",
        "name:fr": "Méa Shéarim",
        "name:he": "מאה שערים",
        "place": "suburb",
        "wikidata": "Q1025293"
      },
      "geometry": {
        "type": "Point",
        "coordinates": [
          35.2208052,
          31.7865608
        ]
      },
      "id": "node/2081525617"
    },
    {
      "type": "Feature",
      "properties": {
        "@id": "node/2081525618",
        "name": "מקור חיים",
        "name:ar": "ميكور حاييم",
        "name:en": "Mekor Haim",
        "name:fr": "Mekor Chaim",
        "name:he": "מקור חיים",
        "place": "suburb",
        "wikidata": "Q2904338"
      },
      "geometry": {
        "type": "Point",
        "coordinates": [
          35.2126203,
          31.7555555
        ]
      },
      "id": "node/2081525618"
    },
    {
      "type": "Feature",
      "properties": {
        "@id": "node/2081525619",
        "alt_name": "מוסררה",
        "alt_name:en": "Musrara",
        "alt_name:ru": "Мусрара",
        "image": "https://upload.wikimedia.org/wikipedia/commons/c/c0/Musrara_School.jpg",
        "name": "מורשה",
        "name:ar": "مصرارة‎",
        "name:cs": "Moraša",
        "name:en": "Morasha",
        "name:fr": "Musrara",
        "name:he": "מורשה",
        "name:pl": "Morasza",
        "name:ru": "Мораша",
        "place": "suburb",
        "wikidata": "Q2616735",
        "wikipedia": "he:מוסררה",
        "wikipedia:he": "מוסררה"
      },
      "geometry": {
        "type": "Point",
        "coordinates": [
          35.2260718,
          31.7820246
        ]
      },
      "id": "node/2081525619"
    },
    {
      "type": "Feature",
      "properties": {
        "@id": "node/2081525620",
        "image": "https://upload.wikimedia.org/wikipedia/commons/f/ff/IHM_נחלאות.jpeg",
        "image1": "https://upload.wikimedia.org/wikipedia/commons/6/61/IHM_נחלאות_1.jpeg",
        "image2": "https://upload.wikimedia.org/wikipedia/commons/2/23/IHM_נחלאות_2.jpeg",
        "name": "נחלאות",
        "name:ar": "ناحلائوت",
        "name:cs": "Nachla'ot",
        "name:en": "Nahlaot",
        "name:fi": "Nahlaot",
        "name:fr": "Nahalaot",
        "name:he": "נחלאות",
        "place": "suburb",
        "wikidata": "Q2776725"
      },
      "geometry": {
        "type": "Point",
        "coordinates": [
          35.2123968,
          31.7831454
        ]
      },
      "id": "node/2081525620"
    },
    {
      "type": "Feature",
      "properties": {
        "@id": "node/2081525621",
        "name": "ניות",
        "name:en": "Nayot",
        "name:fi": "Najot",
        "name:fr": "Nayot",
        "name:he": "ניות",
        "place": "suburb",
        "wikidata": "Q2897227"
      },
      "geometry": {
        "type": "Point",
        "coordinates": [
          35.2024424,
          31.7693712
        ]
      },
      "id": "node/2081525621"
    },
    {
      "type": "Feature",
      "properties": {
        "@id": "node/2081525622",
        "name": "קטמון הישנה",
        "name:en": "Old Katamon",
        "name:en1": "Katamon",
        "name:fr": "Katamon",
        "name:he": "קטמון הישנה",
        "place": "suburb",
        "wikidata": "Q2916604"
      },
      "geometry": {
        "type": "Point",
        "coordinates": [
          35.2093317,
          31.7660228
        ]
      },
      "id": "node/2081525622"
    },
    {
      "type": "Feature",
      "properties": {
        "@id": "node/2081525623",
        "name": "רמת בית הכרם",
        "name:ar": "بيت هاكريم",
        "name:en": "Ramat Beit HaKerem",
        "name:fr": "Ramat Beit HaKerem",
        "name:he": "רמת בית הכרם",
        "place": "suburb"
      },
      "geometry": {
        "type": "Point",
        "coordinates": [
          35.190955,
          31.771929
        ]
      },
      "id": "node/2081525623"
    },
    {
      "type": "Feature",
      "properties": {
        "@id": "node/2081525624",
        "alt_name:cs": "Šlomova Výšina",
        "name": "רמת שלמה",
        "name:ar": "رمات شلومو",
        "name:cs": "Ramat Šlomo",
        "name:en": "Ramat Shlomo",
        "name:fr": "Ramat Shlomo",
        "name:he": "רמת שלמה",
        "place": "suburb",
        "wikidata": "Q951590"
      },
      "geometry": {
        "type": "Point",
        "coordinates": [
          35.2174861,
          31.8111253
        ]
      },
      "id": "node/2081525624"
    },
    {
      "type": "Feature",
      "properties": {
        "@id": "node/2081525625",
        "name": "גבעת משואה",
        "name:en": "Givat Massuah",
        "name:fr": "Givat Massuah",
        "name:he": "גבעת משואה",
        "place": "suburb",
        "wikidata": "Q2905445"
      },
      "geometry": {
        "type": "Point",
        "coordinates": [
          35.1696292,
          31.7487681
        ]
      },
      "id": "node/2081525625"
    },
    {
      "type": "Feature",
      "properties": {
        "@id": "node/2081525626",
        "description": "גינה ציבורית",
        "description:he": "גינה ציבורית",
        "name": "סן סימון",
        "name:en": "San Simon",
        "name:fr": "San Simon",
        "name:he": "סן סימון",
        "natural": "cave_entrance",
        "place": "suburb",
        "wikidata": "Q2897480"
      },
      "geometry": {
        "type": "Point",
        "coordinates": [
          35.2053693,
          31.7621723
        ]
      },
      "id": "node/2081525626"
    },
    {
      "type": "Feature",
      "properties": {
        "@id": "node/2081525627",
        "name": "שערי חסד",
        "name:ar": "شعاري حسد",
        "name:en": "Shaarei Hesed",
        "name:fr": "Shaarei Hesed",
        "name:he": "שערי חסד",
        "name:ro": "Shaarei Hesed",
        "place": "suburb",
        "wikidata": "Q2916495"
      },
      "geometry": {
        "type": "Point",
        "coordinates": [
          35.211642,
          31.7774143
        ]
      },
      "id": "node/2081525627"
    },
    {
      "type": "Feature",
      "properties": {
        "@id": "node/2081525628",
        "name": "טלביה",
        "name:ar": "الطالبية‎",
        "name:en": "Talbiyeh",
        "name:fr": "Talbiya",
        "name:he": "טלביה",
        "place": "suburb",
        "wikidata": "Q2914649"
      },
      "geometry": {
        "type": "Point",
        "coordinates": [
          35.2176794,
          31.7708162
        ]
      },
      "id": "node/2081525628"
    },
    {
      "type": "Feature",
      "properties": {
        "@id": "node/2150752176",
        "name": "רמות א'",
        "name:ar": "راموت ألف",
        "name:en": "Ramot Alef",
        "name:fr": "Ramot Alef",
        "name:he": "רמות א'",
        "place": "suburb"
      },
      "geometry": {
        "type": "Point",
        "coordinates": [
          35.2033982,
          31.8151731
        ]
      },
      "id": "node/2150752176"
    },
    {
      "type": "Feature",
      "properties": {
        "@id": "node/2150752177",
        "name": "רמות ב'",
        "name:ar": "راموت ب",
        "name:en": "Ramot Bet",
        "name:fr": "Ramot Bet",
        "name:he": "רמות ב'",
        "place": "suburb"
      },
      "geometry": {
        "type": "Point",
        "coordinates": [
          35.1965819,
          31.8103649
        ]
      },
      "id": "node/2150752177"
    },
    {
      "type": "Feature",
      "properties": {
        "@id": "node/2270446673",
        "name": "קריית מטרסדורף",
        "name:de": "Kirjat Mattersdorf",
        "name:en": "Kiryat Mattersdorf",
        "name:fr": "Kiryat Mattersdorf",
        "name:he": "קריית מטרסדורף",
        "place": "neighbourhood",
        "wikidata": "Q1022496"
      },
      "geometry": {
        "type": "Point",
        "coordinates": [
          35.2004793,
          31.7953601
        ]
      },
      "id": "node/2270446673"
    },
    {
      "type": "Feature",
      "properties": {
        "@id": "node/2284173150",
        "name": "קרית מנחם בגין",
        "name:en": "Kiryat Menachem Begin",
        "name:fr": "Kiryat Menachem Begin",
        "name:he": "קרית מנחם בגין",
        "place": "neighbourhood",
        "wikidata": "Q2916145"
      },
      "geometry": {
        "type": "Point",
        "coordinates": [
          35.2333201,
          31.7977093
        ]
      },
      "id": "node/2284173150"
    },
    {
      "type": "Feature",
      "properties": {
        "@id": "node/2417519373",
        "name": "מעלה הזיתים",
        "name:ar": "معاليه هزيتيم",
        "name:en": "Maale HaZeitim",
        "name:en1": "Ma'aleh Hazeitim",
        "name:fr": "Ma'ale ha-Zeitim",
        "name:he": "מעלה הזיתים",
        "place": "neighbourhood",
        "wikidata": "Q2903236"
      },
      "geometry": {
        "type": "Point",
        "coordinates": [
          35.2407798,
          31.7723443
        ]
      },
      "id": "node/2417519373"
    },
    {
      "type": "Feature",
      "properties": {
        "@id": "node/2424000646",
        "alt_name:ar": "مخيم لاجئين شعفاط",
        "alt_name:en": "Shuafat refugee camp",
        "name": "مخيم شعفاط",
        "name:ar": "مخيم شعفاط",
        "name:cs": "uprchický tábor Šu'afát",
        "name:en": "Shuafat refugee camp",
        "name:fr": "Shu'fat",
        "name:he": "מחנה פליטים שועפט",
        "name:ml": "ഷുഅഫാത്ത് അഭയാർത്ഥി ക്യാമ്പ്",
        "place": "suburb",
        "short_name:ar": "شعفاط",
        "sorting_name:cs": "Šu'afát",
        "wikidata": "Q17269988",
        "wikipedia": "he:מחנה הפליטים שועפט",
        "wikipedia:he": "מחנה הפליטים שועפט"
      },
      "geometry": {
        "type": "Point",
        "coordinates": [
          35.2471373,
          31.8117305
        ]
      },
      "id": "node/2424000646"
    },
    {
      "type": "Feature",
      "properties": {
        "@id": "node/2598721627",
        "@relations": [
          {
            "role": "",
            "rel": 5537772,
            "reltags": {
              "alt_name:ml": "ജബൽ സഹിയൂൺ",
              "name": "הר ציון",
              "name:ar": "جبل صهيون",
              "name:cs": "Sijón",
              "name:de": "Zionsberg",
              "name:en": "Mount Zion",
              "name:fr": "Mont Sion",
              "name:he": "הר ציון",
              "name:ml": "സിയോൺ പർവ്വതം",
              "name:ro": "Muntele Sion",
              "place": "suburb",
              "type": "multipolygon",
              "wikidata": "Q332444",
              "wikipedia": "he:הר ציון",
              "wikipedia:he": "הר ציון"
            }
          }
        ]
      },
      "geometry": {
        "type": "Point",
        "coordinates": [
          35.2286571,
          31.7716204
        ]
      },
      "id": "node/2598721627"
    },
    {
      "type": "Feature",
      "properties": {
        "@id": "node/2599430428",
        "image": "https://upload.wikimedia.org/wikipedia/commons/2/2e/IHM_כנסיית_המוסקוביה,_כנסייה_הרוסית_פרבוסלאבית,_בעין_כרם.jpeg",
        "name": "מוסקוביה",
        "name:en": "Moskoviya",
        "name:fr": "Moskubiya",
        "name:he": "מוסקוביה",
        "name:ru": "Московия",
        "place": "suburb"
      },
      "geometry": {
        "type": "Point",
        "coordinates": [
          35.1581494,
          31.7639414
        ]
      },
      "id": "node/2599430428"
    },
    {
      "type": "Feature",
      "properties": {
        "@id": "node/2622578194",
        "name": "נוף ציון",
        "name:ar": "نوف صيون",
        "name:en": "Nof Tsion",
        "name:fr": "Nof Zion",
        "name:he": "נוף ציון",
        "place": "suburb",
        "wikidata": "Q7047394"
      },
      "geometry": {
        "type": "Point",
        "coordinates": [
          35.243917,
          31.753106
        ]
      },
      "id": "node/2622578194"
    },
    {
      "type": "Feature",
      "properties": {
        "@id": "node/2710783597",
        "alt_name:ur": "عیسائی محلہ",
        "name": "حارة النصارى",
        "name:ar": "حارة النصارى",
        "name:cs": "Křesťanská čtvrť",
        "name:de": "Christliches Viertel",
        "name:el": "Χριστιανική συνοικία",
        "name:en": "Christian Quarter",
        "name:es": "Barrio Cristiano",
        "name:fi": "Kristitty kortteli",
        "name:fr": "Quartier chretien",
        "name:he": "הרובע הנוצרי",
        "name:hi": "ईसाइ खण्ड",
        "name:hr": "Kršćanska četvrt",
        "name:hu": "Keresztény negyed",
        "name:it": "Quartiere Cristiano",
        "name:ja": "キリスト教徒地区",
        "name:ml": "ക്രിസ്ത്യൻ ക്വാർട്ടർ",
        "name:pl": "Dzielnica Chrześcijańska",
        "name:ro": "Cartierul creștin",
        "name:ru": "Христианский квартал",
        "name:uk": "Християнський квартал",
        "name:ur": "مسیحی محلہ",
        "place": "neighbourhood",
        "wikidata": "Q1391891",
        "wikipedia": "en:Christian Quarter",
        "wikipedia:en": "Christian Quarter",
        "@relations": [
          {
            "role": "label",
            "rel": 5862582,
            "reltags": {
              "admin_level": "10",
              "alt_name:ur": "عیسائی محلہ",
              "boundary": "administrative",
              "name": "הרובע הנוצרי",
              "name:ar": "حارة النصارى",
              "name:az": "Xristian məhəlləsi",
              "name:cs": "Křesťanská čtvrť",
              "name:de": "Christliches Viertel",
              "name:en": "Christian Quarter",
              "name:es": "Barrio Cristiano",
              "name:fi": "Kristitty kortteli",
              "name:fr": "Quartier chrétien",
              "name:gl": "Barrio cristián de Xerusalén",
              "name:he": "הרובע הנוצרי",
              "name:hi": "ईसाई खण्ड",
              "name:hr": "Kršćanska četvrt",
              "name:hu": "Keresztény negyed",
              "name:id": "Bagian Kristen",
              "name:it": "Quartiere Cristiano",
              "name:jv": "Kampung Kristen",
              "name:kk": "Христиан кварталы",
              "name:mk": "Христијанска населба",
              "name:nb": "Det kristne kvarter",
              "name:nl": "Christelijke wijk",
              "name:pl": "Dzielnica Chrześcijańska w Jerozolimie",
              "name:pt": "Bairro Cristão",
              "name:ro": "Cartierul creștin",
              "name:ru": "Христианский квартал",
              "name:sk": "Kresťanská štvrť",
              "name:ta": "கிறிஸ்தவப் பகுதி",
              "name:tr": "Hristiyan Mahallesi",
              "name:uk": "Християнський квартал",
              "name:ur": "مسیحی محلہ",
              "name:zh": "基督徒区",
              "place": "neighbourhood",
              "type": "boundary",
              "wikidata": "Q1391891",
              "wikipedia": "he:הרובע הנוצרי",
              "wikipedia:he": "הרובע הנוצרי"
            }
          }
        ]
      },
      "geometry": {
        "type": "Point",
        "coordinates": [
          35.2298739,
          31.7781395
        ]
      },
      "id": "node/2710783597"
    },
    {
      "type": "Feature",
      "properties": {
        "@id": "node/2710783598",
        "name": "הרובע היהודי",
        "name:ar": "حارة اليهود",
        "name:cs": "Židovská čtvrť",
        "name:de": "Jüdisches Viertel",
        "name:en": "Jewish Quarter",
        "name:es": "Barrio Judío",
        "name:fi": "Juutalaiskortteli",
        "name:fr": "Quartier juif de Jérusalem",
        "name:he": "הרובע היהודי",
        "name:hi": "यहूदी खण्ड",
        "name:hr": "Židovska četvrt",
        "name:hu": "Zsidó negyed",
        "name:it": "Quartiere Ebraico",
        "name:ja": "ユダヤ人地区",
        "name:ml": "യഹൂദ ക്വാർട്ടർ",
        "name:pl": "Dzielnica Żydowska",
        "name:ro": "Cartierul evreiesc",
        "name:ru": "Еврейский квартал",
        "name:uk": "Єврейський квартал",
        "name:ur": "یہودی محلہ",
        "place": "neighbourhood",
        "wikidata": "Q1186403",
        "wikipedia": "he:הרובע היהודי",
        "wikipedia:he": "הרובע היהודי",
        "@relations": [
          {
            "role": "label",
            "rel": 5862583,
            "reltags": {
              "admin_level": "10",
              "boundary": "administrative",
              "name": "הרובע היהודי",
              "name:ar": "حارة اليهود",
              "name:cs": "Židovská čtvrť",
              "name:en": "Jewish Quarter",
              "name:es": "Barrio Judío",
              "name:fi": "Juutalaiskortteli",
              "name:fr": "Quartier juif",
              "name:he": "הרובע היהודי",
              "name:hi": "यहूदी खंड",
              "name:hr": "Židovska četvrt",
              "name:it": "Quartiere Ebraico",
              "name:ro": "Cartierul evreiesc",
              "name:ru": "Иудейский квартал",
              "name:uk": "Юдейський квартал",
              "name:ur": "یہودی محلہ",
              "place": "neighbourhood",
              "type": "boundary",
              "wikidata": "Q1186403",
              "wikipedia": "he:הרובע היהודי",
              "wikipedia:he": "הרובע היהודי"
            }
          }
        ]
      },
      "geometry": {
        "type": "Point",
        "coordinates": [
          35.2317629,
          31.7753539
        ]
      },
      "id": "node/2710783598"
    },
    {
      "type": "Feature",
      "properties": {
        "@id": "node/2710783599",
        "name": "Հայկական Թաղամաս",
        "name:ar": "حارة الأرمن",
        "name:cs": "Arménská čtvrť",
        "name:de": "Armenisches Viertel",
        "name:en": "Armenian Quarter",
        "name:es": "Barrio Armenio",
        "name:he": "הרובע הארמני",
        "name:hi": "अर्मेनियाई खंड",
        "name:hr": "Armenska četvrt",
        "name:hu": "Örmény negyed",
        "name:hy": "Հայկական Թաղամաս",
        "name:it": "Quartiere Armeno",
        "name:ja": "アルメニア人地区",
        "name:ml": "അർമേനിയൻ ക്വാർട്ടർ",
        "name:pl": "Dzielnica Ormiańska",
        "name:ro": "Cartierul armean",
        "name:ru": "Армянский квартал",
        "name:uk": "Вірменський квартал",
        "name:ur": "آرمینیائی محلہ",
        "place": "neighbourhood",
        "wikidata": "Q1645501",
        "wikipedia": "hy:Երուսաղեմի հայկական թաղամաս",
        "wikipedia:hy": "Երուսաղեմի հայկական թաղամաս",
        "@relations": [
          {
            "role": "label",
            "rel": 5862581,
            "reltags": {
              "admin_level": "10",
              "boundary": "administrative",
              "name": "Հայկական Թաղամաս",
              "name:ar": "حارة الأرمن",
              "name:cs": "Arménská čtvrť",
              "name:de": "Armenisches Viertel",
              "name:en": "Armenian Quarter",
              "name:es": "Barrio Armenio",
              "name:fi": "Armenialaiskortteli",
              "name:fr": "Quartier arménien",
              "name:he": "הרובע הארמני",
              "name:hr": "Armenska četvrt",
              "name:hu": "Örmény negyed",
              "name:hy": "Հայկական Թաղամաս",
              "name:it": "Quartiere Armeno",
              "name:ro": "Cartierul armean",
              "name:ru": "Армянский квартал",
              "name:uk": "Вірменський квартал",
              "name:ur": "آرمینیائی محلہ",
              "place": "neighbourhood",
              "type": "boundary",
              "wikidata": "Q1645501"
            }
          }
        ]
      },
      "geometry": {
        "type": "Point",
        "coordinates": [
          35.2290826,
          31.7750201
        ]
      },
      "id": "node/2710783599"
    },
    {
      "type": "Feature",
      "properties": {
        "@id": "node/2710783600",
        "alt_name:ar": "الحي الإسلامي",
        "name": "الحي الإسلامي",
        "name:ar": "الحي الإسلامي",
        "name:cs": "Muslimská čtvrť",
        "name:de": "Muslimisches Viertel",
        "name:en": "Muslim Quarter",
        "name:es": "Barrio Musulmán",
        "name:fi": "Muslimikortteli",
        "name:fr": "Quartier musulman",
        "name:he": "הרובע המוסלמי",
        "name:hi": "मुसलमान खण्ड",
        "name:hr": "Muslimanska četvrt",
        "name:hu": "Muszlim (arab) negyed",
        "name:id": "Bagian Muslim",
        "name:it": "Quartiere Musulmano",
        "name:ja": "イスラム教徒地区",
        "name:ml": "മുസ്ലീം ക്വാർട്ടർ",
        "name:pl": "Dzielnica Muzułmańska",
        "name:ro": "Cartierul musulman",
        "name:ru": "Мусульманский квартал",
        "name:uk": "Мусульманський квартал",
        "name:ur": "مسلم محلہ",
        "old_name:es": "Barrio Mixto",
        "place": "neighbourhood",
        "wikidata": "Q1781931",
        "wikipedia": "ar:الحي الإسلامي (القدس)",
        "wikipedia:ar": "الحي الإسلامي (القدس)",
        "@relations": [
          {
            "role": "label",
            "rel": 5862585,
            "reltags": {
              "admin_level": "10",
              "alt_name:ar": "الحي الإسلامي",
              "boundary": "administrative",
              "name": "حارة المسلمين",
              "name:ar": "حارة المسلمين",
              "name:cs": "Muslimská čtvrť",
              "name:de": "Muslimisches Viertel",
              "name:el": "Μουσουλμανική συνοικία",
              "name:en": "Muslim Quarter",
              "name:es": "Barrio Musulmán",
              "name:fi": "Muslimikortteli",
              "name:fr": "Quartier musulman",
              "name:he": "הרובע המוסלמי",
              "name:hi": "मुसलमान खण्ड",
              "name:hr": "Muslimanska četvrt",
              "name:hu": "Muszlim negyed",
              "name:it": "Quartiere Musulmano",
              "name:pl": "Dzielnica Muzułmańska",
              "name:ro": "Cartierul musulman",
              "name:ru": "Мусульманский квартал",
              "name:uk": "Мусульманський квартал",
              "name:ur": "مسلم محلہ",
              "old_name": "הרובע המעורב",
              "old_name:es": "Barrio Mixto",
              "place": "neighbourhood",
              "type": "boundary",
              "wikidata": "Q1781931",
              "wikipedia": "ar:الحي الإسلامي (القدس)",
              "wikipedia:ar": "الحي الإسلامي (القدس)"
            }
          }
        ]
      },
      "geometry": {
        "type": "Point",
        "coordinates": [
          35.2328865,
          31.7812961
        ]
      },
      "id": "node/2710783600"
    },
    {
      "type": "Feature",
      "properties": {
        "@id": "node/2710941646",
        "alt_name:ar": "جبل المشهد;جبل الصوانة",
        "alt_name:cs": "Hora Pozorovatelů",
        "alt_name:ml": "ജബൽ മഷാരിഫ്",
        "name": "הר הצופים",
        "name:ar": "جبل المشارف",
        "name:cs": "Hora Skopus",
        "name:de": "Skopusberg",
        "name:en": "Mount Scopus",
        "name:fr": "Mont Scopus",
        "name:he": "הר הצופים",
        "name:ml": "മൗണ്ട് സ്കോപ്പസ്",
        "place": "suburb"
      },
      "geometry": {
        "type": "Point",
        "coordinates": [
          35.2425346,
          31.794767
        ]
      },
      "id": "node/2710941646"
    },
    {
      "type": "Feature",
      "properties": {
        "@id": "node/2849685175",
        "alt_name:cs": "Vrchol Hlavního Města",
        "name": "צמרת הבירה",
        "name:cs": "Cameret ha-Bira",
        "name:en": "Zameret HaBira",
        "name:fr": "Cameret ha-Bira",
        "name:he": "צמרת הבירה",
        "place": "suburb",
        "wikidata": "Q7220886"
      },
      "geometry": {
        "type": "Point",
        "coordinates": [
          35.2419332,
          31.8042873
        ]
      },
      "id": "node/2849685175"
    },
    {
      "type": "Feature",
      "properties": {
        "@id": "node/2849685176",
        "name": "גבעת המבתר",
        "name:cs": "Giv'at ha-Mivtar",
        "name:en": "Givat HaMivtar",
        "name:fr": "Givat HaMivtar",
        "name:he": "גבעת המבתר",
        "place": "suburb",
        "wikidata": "Q2919853"
      },
      "geometry": {
        "type": "Point",
        "coordinates": [
          35.2310504,
          31.8039322
        ]
      },
      "id": "node/2849685176"
    },
    {
      "type": "Feature",
      "properties": {
        "@id": "node/3758652381",
        "name": "ימין משה",
        "name:ar": "يمين موشيه",
        "name:cs": "Jemin Moše",
        "name:de": "Jemin Mosche",
        "name:en": "Yemin Moshe",
        "name:fr": "Yemin Moshé",
        "name:he": "ימין משה",
        "name:ml": "യമീൻ മോഷെ",
        "name:ro": "Yemin Moshe",
        "name:ru": "Йемин-Моше",
        "place": "suburb"
      },
      "geometry": {
        "type": "Point",
        "coordinates": [
          35.2249574,
          31.7721407
        ]
      },
      "id": "node/3758652381"
    },
    {
      "type": "Feature",
      "properties": {
        "@id": "node/3791268444",
        "name": "رأس العمود",
        "name:ar": "رأس العمود",
        "name:cs": "Ras al-Amúd",
        "name:en": "Ras al-Amud",
        "name:fr": "Ras al-Amoud",
        "name:he": "ראס אל-עמוד",
        "name:ml": "റാസ് അൽ-അമൂദ്",
        "name:ro": "Zona Ras al-Amud",
        "place": "suburb",
        "wikidata": "Q2919246",
        "wikipedia": "ar:راس العامود",
        "wikipedia:ar": "راس العامود"
      },
      "geometry": {
        "type": "Point",
        "coordinates": [
          35.2439153,
          31.7701969
        ]
      },
      "id": "node/3791268444"
    },
    {
      "type": "Feature",
      "properties": {
        "@id": "node/3827220469",
        "name": "גבעת המטוס",
        "name:ar": "غفعت همتوس",
        "name:en": "Givat Hamatos",
        "name:fr": "Givat HaMatos",
        "name:he": "גבעת המטוס",
        "place": "neighbourhood",
        "wikidata": "Q2903335"
      },
      "geometry": {
        "type": "Point",
        "coordinates": [
          35.2082409,
          31.739511
        ]
      },
      "id": "node/3827220469"
    },
    {
      "type": "Feature",
      "properties": {
        "@id": "node/6766363151",
        "name": "קרית קמניץ",
        "name:en": "Kiryat Kamnetz",
        "name:fr": "Kiryat Kamnetz",
        "name:he": "קרית קמניץ",
        "name:ml": "കിർയാത്ത് കാംനെറ്റ്സ്",
        "place": "neighbourhood"
      },
      "geometry": {
        "type": "Point",
        "coordinates": [
          35.2475315,
          31.8413462
        ]
      },
      "id": "node/6766363151"
    },
    {
      "type": "Feature",
      "properties": {
        "@id": "node/6784661444",
        "name": "פסגת זאב מרכז",
        "name:ar": "بسجات زئيف مركز",
        "name:en": "Pisgat Ze'ev Central",
        "name:fr": "Pisgat Ze'ev Central",
        "name:he": "פסגת זאב מרכז",
        "place": "neighbourhood"
      },
      "geometry": {
        "type": "Point",
        "coordinates": [
          35.2435797,
          31.829905
        ]
      },
      "id": "node/6784661444"
    },
    {
      "type": "Feature",
      "properties": {
        "@id": "node/6784661445",
        "name": "פסגת זאב מזרח",
        "name:en": "Pisgat Ze'ev East",
        "name:fr": "Pisgat Ze'ev East",
        "name:he": "פסגת זאב מזרח",
        "place": "neighbourhood"
      },
      "geometry": {
        "type": "Point",
        "coordinates": [
          35.2519697,
          31.820224
        ]
      },
      "id": "node/6784661445"
    },
    {
      "type": "Feature",
      "properties": {
        "@id": "node/6784661446",
        "name": "פסגת זאב מערב",
        "name:en": "Pisgat Ze'ev West",
        "name:fr": "Pisgat Ze'ev West",
        "name:he": "פסגת זאב מערב",
        "place": "neighbourhood"
      },
      "geometry": {
        "type": "Point",
        "coordinates": [
          35.2434295,
          31.8205522
        ]
      },
      "id": "node/6784661446"
    },
    {
      "type": "Feature",
      "properties": {
        "@id": "node/6784661448",
        "name": "פסגת זאב צפון",
        "name:en": "Pisgat Ze'ev North",
        "name:fr": "Pisgat Ze'ev North",
        "name:he": "פסגת זאב צפון",
        "place": "neighbourhood"
      },
      "geometry": {
        "type": "Point",
        "coordinates": [
          35.2373785,
          31.8335466
        ]
      },
      "id": "node/6784661448"
    },
    {
      "type": "Feature",
      "properties": {
        "@id": "node/8239864766",
        "alt_name:en": "Al-Sawahra al-Gharbiyye;Jabel Mukaber;Jabel Mukhaber",
        "name": "السواحرة الغربية",
        "name:ar": "السواحرة الغربية",
        "name:en": "Al-Sawahra al-Gharbiyye",
        "name:fr": "A-Sawahra al-Arabiya",
        "name:he": "א־סוואחרה אל־ע'רביה",
        "name:ml": "അസ്സവാഹറ അൽ-ഗർബിയ",
        "place": "suburb"
      },
      "geometry": {
        "type": "Point",
        "coordinates": [
          35.2457278,
          31.7480437
        ]
      },
      "id": "node/8239864766"
    },
    {
      "type": "Feature",
      "properties": {
        "@id": "node/8241792516",
        "name": "שרפאת",
        "name:ar": "شرفات",
        "name:en": "Sharafat",
        "name:fr": "Sharafat",
        "name:he": "שרפאת",
        "place": "suburb",
        "population": "2800",
        "wikidata": "Q6806145",
        "wikipedia": "en:Sharafat, East Jerusalem",
        "wikipedia:en": "Sharafat, East Jerusalem"
      },
      "geometry": {
        "type": "Point",
        "coordinates": [
          35.193208,
          31.7408073
        ]
      },
      "id": "node/8241792516"
    },
    {
      "type": "Feature",
      "properties": {
        "@id": "node/8316380890",
        "name": "מקור ברוך",
        "name:fr": "Mekor Baruch",
        "name:he": "מקור ברוך",
        "place": "suburb",
        "wikidata": "Q2919764",
        "wikipedia": "he:מקור ברוך",
        "wikipedia:he": "מקור ברוך"
      },
      "geometry": {
        "type": "Point",
        "coordinates": [
          35.2113527,
          31.7889891
        ]
      },
      "id": "node/8316380890"
    },
    {
      "type": "Feature",
      "properties": {
        "@id": "node/9107808023",
        "name": "ארנונה",
        "name:en": "Arnona",
        "name:he": "ארנונה",
        "place": "suburb",
        "wikidata": "Q2918536",
        "wikipedia": "he:ארנונה (שכונה)",
        "wikipedia:he": "ארנונה (שכונה)"
      },
      "geometry": {
        "type": "Point",
        "coordinates": [
          35.2213986,
          31.7492021
        ]
      },
      "id": "node/9107808023"
    },
    {
      "type": "Feature",
      "properties": {
        "@id": "node/9107818768",
        "name": "נחלת שבעה",
        "name:en": "Nahalat Shiva",
        "name:he": "נחלת שבעה",
        "place": "neighbourhood",
        "wikidata": "Q2918285",
        "wikipedia": "he:נחלת שבעה",
        "wikipedia:he": "נחלת שבעה"
      },
      "geometry": {
        "type": "Point",
        "coordinates": [
          35.2204395,
          31.7807932
        ]
      },
      "id": "node/9107818768"
    },
    {
      "type": "Feature",
      "properties": {
        "@id": "node/9493856826",
        "name": "גבעת חנניה",
        "name:en": "Givat Hananya",
        "name:he": "גבעת חנניה",
        "place": "suburb"
      },
      "geometry": {
        "type": "Point",
        "coordinates": [
          35.2278129,
          31.7651593
        ]
      },
      "id": "node/9493856826"
    },
    {
      "type": "Feature",
      "properties": {
        "@id": "node/10103368277",
        "name": "בית חולים הדסה עין כרם",
        "name:en": "Hadassah Ein Kerem",
        "name:he": "בית חולים הדסה עין כרם",
        "place": "suburb"
      },
      "geometry": {
        "type": "Point",
        "coordinates": [
          35.150195,
          31.7653138
        ]
      },
      "id": "node/10103368277"
    },
    {
      "type": "Feature",
      "properties": {
        "@id": "node/11607797137",
        "name": "سلوان",
        "name:ar": "سلوان",
        "name:en": "Silwan",
        "name:he": "סילוואן",
        "name:ml": "സിൽവാൻ",
        "place": "suburb",
        "wikidata": "Q2448062",
        "wikipedia": "en:Silwan",
        "wikipedia:en": "Silwan"
      },
      "geometry": {
        "type": "Point",
        "coordinates": [
          35.2369571,
          31.7706028
        ]
      },
      "id": "node/11607797137"
    },
    {
      "type": "Feature",
      "properties": {
        "@id": "node/11660326523",
        "name": "כפר שלמא - הכפר השוודי",
        "place": "neighbourhood"
      },
      "geometry": {
        "type": "Point",
        "coordinates": [
          35.1657522,
          31.7623936
        ]
      },
      "id": "node/11660326523"
    },
    {
      "type": "Feature",
      "properties": {
        "@id": "node/11744963505",
        "name": "בתי אונגרין",
        "name:en": "Batei Ungarin",
        "name:he": "בתי אונגרין",
        "place": "neighbourhood",
        "wikidata": "Q2916491",
        "wikipedia": "en:Batei Ungarin",
        "wikipedia:en": "Batei Ungarin"
      },
      "geometry": {
        "type": "Point",
        "coordinates": [
          35.2238925,
          31.7870058
        ]
      },
      "id": "node/11744963505"
    },
    {
      "type": "Feature",
      "properties": {
        "@id": "node/11915685237",
        "name": "המושבה היוונית",
        "name:cs": "Ha-Mošava ha-Jevanit",
        "name:el": "Ελληνική Αποικία",
        "name:en": "Greek Colony",
        "name:pl": "Ha-Moszawa ha-Jewanit",
        "name:yi": "גריכישע קאלאניע",
        "place": "suburb",
        "wikidata": "Q2916738"
      },
      "geometry": {
        "type": "Point",
        "coordinates": [
          35.2160043,
          31.762185
        ]
      },
      "id": "node/11915685237"
    },
    {
      "type": "Feature",
      "properties": {
        "@id": "node/11915685238",
        "name": "רסקו (גבעת הוורדים)",
        "name:cs": "Rassco",
        "name:en": "Rassco",
        "place": "suburb"
      },
      "geometry": {
        "type": "Point",
        "coordinates": [
          35.2025695,
          31.7636655
        ]
      },
      "id": "node/11915685238"
    },
    {
      "type": "Feature",
      "properties": {
        "@id": "node/11915685239",
        "name": "זכרון משה",
        "name:cs": "Zichron Moše",
        "name:en": "Zikhron Moshe",
        "name:sk": "Zichron Moše",
        "name:uk": "Зіхрон-Моше",
        "name:yi": "זכרון משה",
        "place": "suburb"
      },
      "geometry": {
        "type": "Point",
        "coordinates": [
          35.2156336,
          31.7867764
        ]
      },
      "id": "node/11915685239"
    },
    {
      "type": "Feature",
      "properties": {
        "@id": "node/11915685852",
        "name": "מחנה ישראל",
        "name:cs": "Machane Jisra'el",
        "name:en": "Mahane Israel",
        "place": "suburb",
        "wikidata": "Q2908917"
      },
      "geometry": {
        "type": "Point",
        "coordinates": [
          35.22057,
          31.7756391
        ]
      },
      "id": "node/11915685852"
    },
    {
      "type": "Feature",
      "properties": {
        "@id": "node/11933331820",
        "name": "מגרש הרוסים",
        "name:ar": "المسكوبية (القدس)",
        "name:en": "Russian Compound",
        "name:es": "Complejo Ruso de Jerusalén",
        "name:fi": "Migrash Harusim",
        "name:pl": "Migrasz ha-Rusim",
        "name:ru": "Русское подворье в Иерусалиме",
        "name:yi": "מגרש הרוסים",
        "place": "suburb",
        "wikidata": "Q2479315"
      },
      "geometry": {
        "type": "Point",
        "coordinates": [
          35.223003,
          31.7813648
        ]
      },
      "id": "node/11933331820"
    },
    {
      "type": "Feature",
      "properties": {
        "@id": "node/11935148631",
        "name": "כרם אברהם",
        "name:ar": "كيرم أفرهام",
        "name:cs": "Kerem Avraham",
        "name:en": "Kerem Avraham",
        "name:pl": "Kerem Awraham",
        "name:yi": "כרם אברהם",
        "place": "neighbourhood",
        "wikidata": "Q2917808"
      },
      "geometry": {
        "type": "Point",
        "coordinates": [
          35.2132712,
          31.7890949
        ]
      },
      "id": "node/11935148631"
    },
    {
      "type": "Feature",
      "properties": {
        "@id": "node/11935174548",
        "name": "אבו בסל (שערי ירושלים)",
        "name:en": "Sha'arei Yerushalayim",
        "place": "neighbourhood",
        "wikidata": "Q12411908"
      },
      "geometry": {
        "type": "Point",
        "coordinates": [
          35.2103752,
          31.7871979
        ]
      },
      "id": "node/11935174548"
    },
    {
      "type": "Feature",
      "properties": {
        "@id": "node/11935174549",
        "name": "תל ארזה",
        "name:cs": "Tel Arza",
        "name:en": "Tel Arza",
        "place": "suburb",
        "wikidata": "Q2900268"
      },
      "geometry": {
        "type": "Point",
        "coordinates": [
          35.2155693,
          31.7949107
        ]
      },
      "id": "node/11935174549"
    },
    {
      "type": "Feature",
      "properties": {
        "@id": "node/11935188392",
        "name": "קרית צאנז",
        "name:cs": "Kirjat Sanz",
        "name:en": "Kiryat Sanz",
        "name:yi": "קרית צאנז",
        "place": "neighbourhood",
        "wikidata": "Q2897611"
      },
      "geometry": {
        "type": "Point",
        "coordinates": [
          35.2090649,
          31.7980796
        ]
      },
      "id": "node/11935188392"
    },
    {
      "type": "Feature",
      "properties": {
        "@id": "node/11935189598",
        "name": "מחנה אלנבי",
        "name:en": "Allenby Compound",
        "place": "neighbourhood",
        "wikidata": "Q110017350"
      },
      "geometry": {
        "type": "Point",
        "coordinates": [
          35.2235561,
          31.7560065
        ]
      },
      "id": "node/11935189598"
    },
    {
      "type": "Feature",
      "properties": {
        "@id": "node/11935205828",
        "name": "קרית אונסדורף",
        "name:cs": "Kirjat Unsdorf",
        "name:de": "Kirjat Hunsdorf",
        "name:en": "Kiryat Unsdorf",
        "name:yi": "קרית אונסדארף",
        "place": "neighbourhood"
      },
      "geometry": {
        "type": "Point",
        "coordinates": [
          35.2021053,
          31.795752
        ]
      },
      "id": "node/11935205828"
    }
  ]
}